{
  "package": "co.aikar.util",
  "methods": [
    {
      "name": "getClass",
      "return": "java.lang.Class"
    },
    {
      "name": "hashCode",
      "return": "int"
    },
    {
      "name": "equals",
      "parameters": [{
        "name": "arg0",
        "type": "java.lang.Object"
      }],
      "return": "boolean"
    },
    {
      "name": "toString",
      "return": "java.lang.String"
    },
    {"name": "notify"},
    {"name": "notifyAll"},
    {"name": "wait"},
    {
      "name": "wait",
      "parameters": [{
        "name": "arg0",
        "type": "long"
      }]
    },
    {
      "name": "wait",
      "parameters": [
        {
          "name": "arg0",
          "type": "long"
        },
        {
          "name": "arg1",
          "type": "int"
        }
      ]
    },
    {
      "static": true,
      "name": "pair",
      "parameters": [
        {
          "name": "key",
          "type": "java.lang.String"
        },
        {
          "name": "obj",
          "type": "java.lang.Object"
        }
      ],
      "return": "co.aikar.util.JSONUtil.JSONPair"
    },
    {
      "static": true,
      "name": "pair",
      "parameters": [
        {
          "name": "key",
          "type": "long"
        },
        {
          "name": "obj",
          "type": "java.lang.Object"
        }
      ],
      "return": "co.aikar.util.JSONUtil.JSONPair"
    },
    {
      "static": true,
      "name": "createObject",
      "parameters": [{
        "name": "data",
        "type": "co.aikar.util.JSONUtil.JSONPair[]"
      }],
      "return": "java.util.Map"
    },
    {
      "static": true,
      "name": "appendObjectData",
      "parameters": [
        {
          "name": "parent",
          "type": "java.util.Map"
        },
        {
          "name": "data",
          "type": "co.aikar.util.JSONUtil.JSONPair[]"
        }
      ],
      "return": "java.util.Map"
    },
    {
      "static": true,
      "name": "toArray",
      "parameters": [{
        "name": "data",
        "type": "java.lang.Object[]"
      }],
      "return": "java.util.List"
    },
    {
      "static": true,
      "name": "toArrayMapper",
      "parameters": [
        {
          "name": "collection",
          "type": "java.lang.Object[]"
        },
        {
          "name": "mapper",
          "type": "com.google.common.base.Function"
        }
      ],
      "return": "java.util.List"
    },
    {
      "static": true,
      "name": "toArrayMapper",
      "parameters": [
        {
          "name": "collection",
          "type": "java.lang.Iterable"
        },
        {
          "name": "mapper",
          "type": "com.google.common.base.Function"
        }
      ],
      "return": "java.util.List"
    },
    {
      "static": true,
      "name": "toObjectMapper",
      "parameters": [
        {
          "name": "collection",
          "type": "java.lang.Object[]"
        },
        {
          "name": "mapper",
          "type": "com.google.common.base.Function"
        }
      ],
      "return": "java.util.Map"
    },
    {
      "static": true,
      "name": "toObjectMapper",
      "parameters": [
        {
          "name": "collection",
          "type": "java.lang.Iterable"
        },
        {
          "name": "mapper",
          "type": "com.google.common.base.Function"
        }
      ],
      "return": "java.util.Map"
    }
  ],
  "name": "co.aikar.util.JSONUtil",
  "simple-name": "JSONUtil"
}