{"constructors":[{"name":"<init>"}],"package":"co.aikar.util","methods":[{"name":"getClass","return":"java.lang.Class"},{"name":"hashCode","return":"int"},{"name":"equals","parameters":[{"name":"arg0","type":"java.lang.Object"}],"return":"boolean"},{"name":"toString","return":"java.lang.String"},{"name":"notify"},{"name":"notifyAll"},{"name":"wait"},{"name":"wait","parameters":[{"name":"arg0","type":"long"}]},{"name":"wait","parameters":[{"name":"arg0","type":"long"},{"name":"arg1","type":"int"}]},{"name":"compose","parameters":[{"name":"arg0","type":"java.util.function.Function"}],"return":"java.util.function.Function"},{"name":"andThen","parameters":[{"name":"arg0","type":"java.util.function.Function"}],"return":"java.util.function.Function"},{"name":"apply","parameters":[{"name":"input","type":"java.lang.Object"}],"return":"java.lang.Object"},{"name":"apply","return":"java.lang.Object"}],"name":"co.aikar.util.LoadingMap.Feeder","simple-name":"Feeder"}