{"constructors":[{"name":"<init>","parameters":[{"name":"name","type":"java.lang.String"}]}],"package":"co.aikar.timings","methods":[{"name":"getClass","return":"java.lang.Class"},{"name":"hashCode","return":"int"},{"name":"equals","parameters":[{"name":"arg0","type":"java.lang.Object"}],"return":"boolean"},{"name":"notify"},{"name":"notifyAll"},{"name":"wait"},{"name":"wait","parameters":[{"name":"arg0","type":"long"}]},{"name":"wait","parameters":[{"name":"arg0","type":"long"},{"name":"arg1","type":"int"}]},{"name":"getTimingName","return":"java.lang.String"},{"name":"tabComplete","parameters":[{"name":"sender","type":"org.bukkit.command.CommandSender"},{"name":"alias","type":"java.lang.String"},{"name":"args","type":"java.lang.String[]"},{"name":"location","type":"org.bukkit.Location"}],"return":"java.util.List"},{"name":"getName","return":"java.lang.String"},{"name":"setName","parameters":[{"name":"name","type":"java.lang.String"}],"return":"boolean"},{"name":"getPermission","return":"java.lang.String"},{"name":"setPermission","parameters":[{"name":"permission","type":"java.lang.String"}]},{"name":"testPermission","parameters":[{"name":"target","type":"org.bukkit.command.CommandSender"}],"return":"boolean"},{"name":"testPermissionSilent","parameters":[{"name":"target","type":"org.bukkit.command.CommandSender"}],"return":"boolean"},{"name":"getLabel","return":"java.lang.String"},{"name":"setLabel","parameters":[{"name":"name","type":"java.lang.String"}],"return":"boolean"},{"name":"register","parameters":[{"name":"commandMap","type":"org.bukkit.command.CommandMap"}],"return":"boolean"},{"name":"unregister","parameters":[{"name":"commandMap","type":"org.bukkit.command.CommandMap"}],"return":"boolean"},{"name":"isRegistered","return":"boolean"},{"name":"getAliases","return":"java.util.List"},{"name":"getPermissionMessage","return":"java.lang.String"},{"name":"getDescription","return":"java.lang.String"},{"name":"getUsage","return":"java.lang.String"},{"name":"setAliases","parameters":[{"name":"aliases","type":"java.util.List"}],"return":"org.bukkit.command.Command"},{"name":"setDescription","parameters":[{"name":"description","type":"java.lang.String"}],"return":"org.bukkit.command.Command"},{"name":"setPermissionMessage","parameters":[{"name":"permissionMessage","type":"java.lang.String"}],"return":"org.bukkit.command.Command"},{"name":"setUsage","parameters":[{"name":"usage","type":"java.lang.String"}],"return":"org.bukkit.command.Command"},{"name":"permissionMessage","return":"net.kyori.adventure.text.Component"},{"name":"permissionMessage","parameters":[{"name":"permissionMessage","type":"net.kyori.adventure.text.Component"}]},{"static":true,"name":"broadcastCommandMessage","parameters":[{"name":"source","type":"org.bukkit.command.CommandSender"},{"name":"message","type":"java.lang.String"}]},{"static":true,"name":"broadcastCommandMessage","parameters":[{"name":"source","type":"org.bukkit.command.CommandSender"},{"name":"message","type":"java.lang.String"},{"name":"sendToSource","type":"boolean"}]},{"static":true,"name":"broadcastCommandMessage","parameters":[{"name":"source","type":"org.bukkit.command.CommandSender"},{"name":"message","type":"net.kyori.adventure.text.Component"}]},{"static":true,"name":"broadcastCommandMessage","parameters":[{"name":"source","type":"org.bukkit.command.CommandSender"},{"name":"message","type":"net.kyori.adventure.text.Component"},{"name":"sendToSource","type":"boolean"}]},{"name":"toString","return":"java.lang.String"},{"name":"execute","parameters":[{"name":"sender","type":"org.bukkit.command.CommandSender"},{"name":"currentAlias","type":"java.lang.String"},{"name":"args","type":"java.lang.String[]"}],"return":"boolean"},{"name":"tabComplete","parameters":[{"name":"sender","type":"org.bukkit.command.CommandSender"},{"name":"alias","type":"java.lang.String"},{"name":"args","type":"java.lang.String[]"}],"return":"java.util.List"}],"name":"co.aikar.timings.TimingsCommand","simple-name":"TimingsCommand","fields":[{"name":"timings","type":"co.aikar.timings.Timing"}]}