{
  "package": "co.aikar.timings",
  "methods": [
    {
      "name": "getClass",
      "return": "java.lang.Class"
    },
    {
      "name": "hashCode",
      "return": "int"
    },
    {
      "name": "equals",
      "parameters": [{
        "name": "arg0",
        "type": "java.lang.Object"
      }],
      "return": "boolean"
    },
    {
      "name": "toString",
      "return": "java.lang.String"
    },
    {"name": "notify"},
    {"name": "notifyAll"},
    {"name": "wait"},
    {
      "name": "wait",
      "parameters": [{
        "name": "arg0",
        "type": "long"
      }]
    },
    {
      "name": "wait",
      "parameters": [
        {
          "name": "arg0",
          "type": "long"
        },
        {
          "name": "arg1",
          "type": "int"
        }
      ]
    }
  ],
  "name": "co.aikar.timings.TimingHistory",
  "simple-name": "TimingHistory",
  "fields": [
    {
      "static": true,
      "name": "lastMinuteTime",
      "type": "long"
    },
    {
      "static": true,
      "name": "timedTicks",
      "type": "long"
    },
    {
      "static": true,
      "name": "playerTicks",
      "type": "long"
    },
    {
      "static": true,
      "name": "entityTicks",
      "type": "long"
    },
    {
      "static": true,
      "name": "tileEntityTicks",
      "type": "long"
    },
    {
      "static": true,
      "name": "activatedEntityTicks",
      "type": "long"
    }
  ]
}