{"package":"co.aikar.timings","methods":[{"name":"getClass","return":"java.lang.Class"},{"name":"toString","return":"java.lang.String"},{"name":"notify"},{"name":"notifyAll"},{"name":"wait"},{"name":"wait","parameters":[{"name":"arg0","type":"long"}]},{"name":"wait","parameters":[{"name":"arg0","type":"long"},{"name":"arg1","type":"int"}]},{"name":"startTimingIfSync","return":"co.aikar.timings.Timing"},{"name":"stopTimingIfSync"},{"name":"abort"},{"name":"getTimingHandler","return":"co.aikar.timings.TimingHandler"},{"name":"equals","parameters":[{"name":"o","type":"java.lang.Object"}],"return":"boolean"},{"name":"hashCode","return":"int"},{"name":"close"},{"name":"isSpecial","return":"boolean"},{"name":"isEnabled","return":"boolean"},{"name":"startTiming","return":"co.aikar.timings.Timing"},{"name":"stopTiming"}],"name":"co.aikar.timings.FullServerTickHandler","simple-name":"FullServerTickHandler"}