{
  "constructors": [
    {
      "name": "<init>",
      "parameters": [{
        "name": "loader",
        "type": "com.google.common.base.Function"
      }]
    },
    {
      "name": "<init>",
      "parameters": [
        {
          "name": "expectedSize",
          "type": "int"
        },
        {
          "name": "loader",
          "type": "com.google.common.base.Function"
        }
      ]
    },
    {
      "name": "<init>",
      "parameters": [
        {
          "name": "expectedSize",
          "type": "int"
        },
        {
          "name": "loadFactor",
          "type": "float"
        },
        {
          "name": "loader",
          "type": "com.google.common.base.Function"
        }
      ]
    }
  ],
  "package": "co.aikar.util",
  "methods": [
    {
      "name": "getClass",
      "return": "java.lang.Class"
    },
    {"name": "notify"},
    {"name": "notifyAll"},
    {"name": "wait"},
    {
      "name": "wait",
      "parameters": [{
        "name": "arg0",
        "type": "long"
      }]
    },
    {
      "name": "wait",
      "parameters": [
        {
          "name": "arg0",
          "type": "long"
        },
        {
          "name": "arg1",
          "type": "int"
        }
      ]
    },
    {
      "name": "andThen",
      "parameters": [{
        "name": "arg0",
        "type": "java.util.function.Function"
      }],
      "return": "java.util.function.Function"
    },
    {
      "name": "replaceAll",
      "parameters": [{
        "name": "arg0",
        "type": "java.util.function.BiFunction"
      }]
    },
    {
      "name": "putIfAbsent",
      "parameters": [
        {
          "name": "arg0",
          "type": "java.lang.Object"
        },
        {
          "name": "arg1",
          "type": "java.lang.Object"
        }
      ],
      "return": "java.lang.Object"
    },
    {
      "name": "remove",
      "parameters": [
        {
          "name": "arg0",
          "type": "java.lang.Object"
        },
        {
          "name": "arg1",
          "type": "java.lang.Object"
        }
      ],
      "return": "boolean"
    },
    {
      "name": "replace",
      "parameters": [
        {
          "name": "arg0",
          "type": "java.lang.Object"
        },
        {
          "name": "arg1",
          "type": "java.lang.Object"
        },
        {
          "name": "arg2",
          "type": "java.lang.Object"
        }
      ],
      "return": "boolean"
    },
    {
      "name": "replace",
      "parameters": [
        {
          "name": "arg0",
          "type": "java.lang.Object"
        },
        {
          "name": "arg1",
          "type": "java.lang.Object"
        }
      ],
      "return": "java.lang.Object"
    },
    {
      "name": "computeIfAbsent",
      "parameters": [
        {
          "name": "arg0",
          "type": "java.lang.Object"
        },
        {
          "name": "arg1",
          "type": "java.util.function.Function"
        }
      ],
      "return": "java.lang.Object"
    },
    {
      "name": "computeIfPresent",
      "parameters": [
        {
          "name": "arg0",
          "type": "java.lang.Object"
        },
        {
          "name": "arg1",
          "type": "java.util.function.BiFunction"
        }
      ],
      "return": "java.lang.Object"
    },
    {
      "name": "compute",
      "parameters": [
        {
          "name": "arg0",
          "type": "java.lang.Object"
        },
        {
          "name": "arg1",
          "type": "java.util.function.BiFunction"
        }
      ],
      "return": "java.lang.Object"
    },
    {
      "name": "merge",
      "parameters": [
        {
          "name": "arg0",
          "type": "java.lang.Object"
        },
        {
          "name": "arg1",
          "type": "java.lang.Object"
        },
        {
          "name": "arg2",
          "type": "java.util.function.BiFunction"
        }
      ],
      "return": "java.lang.Object"
    },
    {
      "name": "apply",
      "parameters": [{
        "name": "arg0",
        "type": "java.lang.Object"
      }],
      "return": "java.lang.Object"
    },
    {
      "name": "apply",
      "parameters": [{
        "name": "arg0",
        "type": "int"
      }],
      "return": "java.lang.Object"
    },
    {
      "name": "compose",
      "parameters": [{
        "name": "arg0",
        "type": "java.util.function.Function"
      }],
      "return": "java.util.function.Function"
    },
    {
      "name": "andThenByte",
      "parameters": [{
        "name": "arg0",
        "type": "it.unimi.dsi.fastutil.objects.Object2ByteFunction"
      }],
      "return": "it.unimi.dsi.fastutil.ints.Int2ByteFunction"
    },
    {
      "name": "composeByte",
      "parameters": [{
        "name": "arg0",
        "type": "it.unimi.dsi.fastutil.bytes.Byte2IntFunction"
      }],
      "return": "it.unimi.dsi.fastutil.bytes.Byte2ObjectFunction"
    },
    {
      "name": "andThenShort",
      "parameters": [{
        "name": "arg0",
        "type": "it.unimi.dsi.fastutil.objects.Object2ShortFunction"
      }],
      "return": "it.unimi.dsi.fastutil.ints.Int2ShortFunction"
    },
    {
      "name": "composeShort",
      "parameters": [{
        "name": "arg0",
        "type": "it.unimi.dsi.fastutil.shorts.Short2IntFunction"
      }],
      "return": "it.unimi.dsi.fastutil.shorts.Short2ObjectFunction"
    },
    {
      "name": "andThenInt",
      "parameters": [{
        "name": "arg0",
        "type": "it.unimi.dsi.fastutil.objects.Object2IntFunction"
      }],
      "return": "it.unimi.dsi.fastutil.ints.Int2IntFunction"
    },
    {
      "name": "composeInt",
      "parameters": [{
        "name": "arg0",
        "type": "it.unimi.dsi.fastutil.ints.Int2IntFunction"
      }],
      "return": "it.unimi.dsi.fastutil.ints.Int2ObjectFunction"
    },
    {
      "name": "andThenLong",
      "parameters": [{
        "name": "arg0",
        "type": "it.unimi.dsi.fastutil.objects.Object2LongFunction"
      }],
      "return": "it.unimi.dsi.fastutil.ints.Int2LongFunction"
    },
    {
      "name": "composeLong",
      "parameters": [{
        "name": "arg0",
        "type": "it.unimi.dsi.fastutil.longs.Long2IntFunction"
      }],
      "return": "it.unimi.dsi.fastutil.longs.Long2ObjectFunction"
    },
    {
      "name": "andThenChar",
      "parameters": [{
        "name": "arg0",
        "type": "it.unimi.dsi.fastutil.objects.Object2CharFunction"
      }],
      "return": "it.unimi.dsi.fastutil.ints.Int2CharFunction"
    },
    {
      "name": "composeChar",
      "parameters": [{
        "name": "arg0",
        "type": "it.unimi.dsi.fastutil.chars.Char2IntFunction"
      }],
      "return": "it.unimi.dsi.fastutil.chars.Char2ObjectFunction"
    },
    {
      "name": "andThenFloat",
      "parameters": [{
        "name": "arg0",
        "type": "it.unimi.dsi.fastutil.objects.Object2FloatFunction"
      }],
      "return": "it.unimi.dsi.fastutil.ints.Int2FloatFunction"
    },
    {
      "name": "composeFloat",
      "parameters": [{
        "name": "arg0",
        "type": "it.unimi.dsi.fastutil.floats.Float2IntFunction"
      }],
      "return": "it.unimi.dsi.fastutil.floats.Float2ObjectFunction"
    },
    {
      "name": "andThenDouble",
      "parameters": [{
        "name": "arg0",
        "type": "it.unimi.dsi.fastutil.objects.Object2DoubleFunction"
      }],
      "return": "it.unimi.dsi.fastutil.ints.Int2DoubleFunction"
    },
    {
      "name": "composeDouble",
      "parameters": [{
        "name": "arg0",
        "type": "it.unimi.dsi.fastutil.doubles.Double2IntFunction"
      }],
      "return": "it.unimi.dsi.fastutil.doubles.Double2ObjectFunction"
    },
    {
      "name": "andThenObject",
      "parameters": [{
        "name": "arg0",
        "type": "it.unimi.dsi.fastutil.objects.Object2ObjectFunction"
      }],
      "return": "it.unimi.dsi.fastutil.ints.Int2ObjectFunction"
    },
    {
      "name": "composeObject",
      "parameters": [{
        "name": "arg0",
        "type": "it.unimi.dsi.fastutil.objects.Object2IntFunction"
      }],
      "return": "it.unimi.dsi.fastutil.objects.Object2ObjectFunction"
    },
    {
      "name": "andThenReference",
      "parameters": [{
        "name": "arg0",
        "type": "it.unimi.dsi.fastutil.objects.Object2ReferenceFunction"
      }],
      "return": "it.unimi.dsi.fastutil.ints.Int2ReferenceFunction"
    },
    {
      "name": "composeReference",
      "parameters": [{
        "name": "arg0",
        "type": "it.unimi.dsi.fastutil.objects.Reference2IntFunction"
      }],
      "return": "it.unimi.dsi.fastutil.objects.Reference2ObjectFunction"
    },
    {
      "name": "defaultReturnValue",
      "parameters": [{
        "name": "arg0",
        "type": "java.lang.Object"
      }]
    },
    {
      "name": "defaultReturnValue",
      "return": "java.lang.Object"
    },
    {
      "name": "entrySet",
      "return": "it.unimi.dsi.fastutil.objects.ObjectSet"
    },
    {
      "name": "put",
      "parameters": [
        {
          "name": "arg0",
          "type": "java.lang.Integer"
        },
        {
          "name": "arg1",
          "type": "java.lang.Object"
        }
      ],
      "return": "java.lang.Object"
    },
    {
      "name": "get",
      "parameters": [{
        "name": "arg0",
        "type": "java.lang.Object"
      }],
      "return": "java.lang.Object"
    },
    {
      "name": "remove",
      "parameters": [{
        "name": "arg0",
        "type": "java.lang.Object"
      }],
      "return": "java.lang.Object"
    },
    {
      "name": "containsKey",
      "parameters": [{
        "name": "arg0",
        "type": "java.lang.Object"
      }],
      "return": "boolean"
    },
    {
      "name": "forEach",
      "parameters": [{
        "name": "arg0",
        "type": "java.util.function.BiConsumer"
      }]
    },
    {
      "name": "getOrDefault",
      "parameters": [
        {
          "name": "arg0",
          "type": "java.lang.Object"
        },
        {
          "name": "arg1",
          "type": "java.lang.Object"
        }
      ],
      "return": "java.lang.Object"
    },
    {
      "name": "computeIfAbsentPartial",
      "parameters": [
        {
          "name": "arg0",
          "type": "int"
        },
        {
          "name": "arg1",
          "type": "it.unimi.dsi.fastutil.ints.Int2ObjectFunction"
        }
      ],
      "return": "java.lang.Object"
    },
    {
      "name": "defaultReturnValue",
      "parameters": [{
        "name": "arg0",
        "type": "java.lang.Object"
      }]
    },
    {
      "name": "defaultReturnValue",
      "return": "java.lang.Object"
    },
    {
      "name": "equals",
      "parameters": [{
        "name": "arg0",
        "type": "java.lang.Object"
      }],
      "return": "boolean"
    },
    {
      "name": "toString",
      "return": "java.lang.String"
    },
    {
      "name": "ensureCapacity",
      "parameters": [{
        "name": "arg0",
        "type": "int"
      }]
    },
    {
      "name": "putAll",
      "parameters": [{
        "name": "arg0",
        "type": "java.util.Map"
      }]
    },
    {
      "name": "put",
      "parameters": [
        {
          "name": "arg0",
          "type": "int"
        },
        {
          "name": "arg1",
          "type": "java.lang.Object"
        }
      ],
      "return": "java.lang.Object"
    },
    {
      "name": "remove",
      "parameters": [{
        "name": "arg0",
        "type": "int"
      }],
      "return": "java.lang.Object"
    },
    {
      "name": "containsKey",
      "parameters": [{
        "name": "arg0",
        "type": "int"
      }],
      "return": "boolean"
    },
    {
      "name": "containsValue",
      "parameters": [{
        "name": "arg0",
        "type": "java.lang.Object"
      }],
      "return": "boolean"
    },
    {
      "name": "getOrDefault",
      "parameters": [
        {
          "name": "arg0",
          "type": "int"
        },
        {
          "name": "arg1",
          "type": "java.lang.Object"
        }
      ],
      "return": "java.lang.Object"
    },
    {
      "name": "putIfAbsent",
      "parameters": [
        {
          "name": "arg0",
          "type": "int"
        },
        {
          "name": "arg1",
          "type": "java.lang.Object"
        }
      ],
      "return": "java.lang.Object"
    },
    {
      "name": "remove",
      "parameters": [
        {
          "name": "arg0",
          "type": "int"
        },
        {
          "name": "arg1",
          "type": "java.lang.Object"
        }
      ],
      "return": "boolean"
    },
    {
      "name": "replace",
      "parameters": [
        {
          "name": "arg0",
          "type": "int"
        },
        {
          "name": "arg1",
          "type": "java.lang.Object"
        },
        {
          "name": "arg2",
          "type": "java.lang.Object"
        }
      ],
      "return": "boolean"
    },
    {
      "name": "replace",
      "parameters": [
        {
          "name": "arg0",
          "type": "int"
        },
        {
          "name": "arg1",
          "type": "java.lang.Object"
        }
      ],
      "return": "java.lang.Object"
    },
    {
      "name": "computeIfAbsent",
      "parameters": [
        {
          "name": "arg0",
          "type": "int"
        },
        {
          "name": "arg1",
          "type": "java.util.function.IntFunction"
        }
      ],
      "return": "java.lang.Object"
    },
    {
      "name": "computeIfAbsent",
      "parameters": [
        {
          "name": "arg0",
          "type": "int"
        },
        {
          "name": "arg1",
          "type": "it.unimi.dsi.fastutil.ints.Int2ObjectFunction"
        }
      ],
      "return": "java.lang.Object"
    },
    {
      "name": "computeIfPresent",
      "parameters": [
        {
          "name": "arg0",
          "type": "int"
        },
        {
          "name": "arg1",
          "type": "java.util.function.BiFunction"
        }
      ],
      "return": "java.lang.Object"
    },
    {
      "name": "compute",
      "parameters": [
        {
          "name": "arg0",
          "type": "int"
        },
        {
          "name": "arg1",
          "type": "java.util.function.BiFunction"
        }
      ],
      "return": "java.lang.Object"
    },
    {
      "name": "merge",
      "parameters": [
        {
          "name": "arg0",
          "type": "int"
        },
        {
          "name": "arg1",
          "type": "java.lang.Object"
        },
        {
          "name": "arg2",
          "type": "java.util.function.BiFunction"
        }
      ],
      "return": "java.lang.Object"
    },
    {"name": "clear"},
    {
      "name": "size",
      "return": "int"
    },
    {
      "name": "isEmpty",
      "return": "boolean"
    },
    {
      "name": "int2ObjectEntrySet",
      "return": "it.unimi.dsi.fastutil.ints.Int2ObjectMap.FastEntrySet"
    },
    {
      "name": "keySet",
      "return": "it.unimi.dsi.fastutil.ints.IntSet"
    },
    {
      "name": "values",
      "return": "it.unimi.dsi.fastutil.objects.ObjectCollection"
    },
    {
      "name": "trim",
      "return": "boolean"
    },
    {
      "name": "trim",
      "parameters": [{
        "name": "arg0",
        "type": "int"
      }],
      "return": "boolean"
    },
    {
      "name": "clone",
      "return": "it.unimi.dsi.fastutil.ints.Int2ObjectOpenHashMap"
    },
    {
      "name": "hashCode",
      "return": "int"
    },
    {
      "name": "get",
      "parameters": [{
        "name": "key",
        "type": "int"
      }],
      "return": "java.lang.Object"
    }
  ],
  "name": "co.aikar.util.LoadingIntMap",
  "simple-name": "LoadingIntMap",
  "fields": [
    {
      "static": true,
      "name": "DEFAULT_INITIAL_SIZE",
      "type": "int"
    },
    {
      "static": true,
      "name": "DEFAULT_LOAD_FACTOR",
      "type": "float"
    },
    {
      "static": true,
      "name": "FAST_LOAD_FACTOR",
      "type": "float"
    },
    {
      "static": true,
      "name": "VERY_FAST_LOAD_FACTOR",
      "type": "float"
    },
    {
      "static": true,
      "name": "DEFAULT_GROWTH_FACTOR",
      "type": "int"
    },
    {
      "static": true,
      "name": "FREE",
      "type": "byte"
    },
    {
      "static": true,
      "name": "OCCUPIED",
      "type": "byte"
    },
    {
      "static": true,
      "name": "REMOVED",
      "type": "byte"
    },
    {
      "static": true,
      "name": "PRIMES",
      "type": "int[]"
    }
  ]
}