{"package":"co.aikar.timings","methods":[{"name":"getClass","return":"java.lang.Class"},{"name":"hashCode","return":"int"},{"name":"equals","parameters":[{"name":"arg0","type":"java.lang.Object"}],"return":"boolean"},{"name":"toString","return":"java.lang.String"},{"name":"notify"},{"name":"notifyAll"},{"name":"wait"},{"name":"wait","parameters":[{"name":"arg0","type":"long"}]},{"name":"wait","parameters":[{"name":"arg0","type":"long"},{"name":"arg1","type":"int"}]},{"name":"startTiming","return":"co.aikar.timings.Timing"},{"name":"stopTiming"},{"name":"startTimingIfSync","return":"co.aikar.timings.Timing"},{"name":"stopTimingIfSync"},{"name":"abort"},{"name":"getTimingHandler","return":"co.aikar.timings.TimingHandler"},{"name":"close"}],"name":"co.aikar.timings.Timing","simple-name":"Timing"}