{"package":"co.aikar.timings","methods":[{"name":"getClass","return":"java.lang.Class"},{"name":"hashCode","return":"int"},{"name":"equals","parameters":[{"name":"arg0","type":"java.lang.Object"}],"return":"boolean"},{"name":"toString","return":"java.lang.String"},{"name":"notify"},{"name":"notifyAll"},{"name":"wait"},{"name":"wait","parameters":[{"name":"arg0","type":"long"}]},{"name":"wait","parameters":[{"name":"arg0","type":"long"},{"name":"arg1","type":"int"}]},{"static":true,"name":"getCommandTiming","parameters":[{"name":"pluginName","type":"java.lang.String"},{"name":"command","type":"org.bukkit.command.Command"}],"return":"co.aikar.timings.Timing"},{"static":true,"name":"getPluginByClassloader","parameters":[{"name":"clazz","type":"java.lang.Class"}],"return":"org.bukkit.plugin.Plugin"}],"name":"co.aikar.timings.TimingsManager","simple-name":"TimingsManager","fields":[{"static":true,"name":"FULL_SERVER_TICK","type":"co.aikar.timings.FullServerTickHandler"},{"static":true,"name":"TIMINGS_TICK","type":"co.aikar.timings.TimingHandler"},{"static":true,"name":"PLUGIN_GROUP_HANDLER","type":"co.aikar.timings.Timing"},{"static":true,"name":"url","type":"java.lang.String"},{"static":true,"name":"hiddenConfigs","type":"java.util.List"},{"static":true,"name":"privacy","type":"boolean"}]}