{"constructors":[{"name":"<init>","parameters":[{"name":"executor","type":"org.bukkit.plugin.EventExecutor"},{"name":"plugin","type":"org.bukkit.plugin.Plugin"},{"name":"method","type":"java.lang.reflect.Method"},{"name":"eventClass","type":"java.lang.Class"}]}],"package":"co.aikar.timings","methods":[{"name":"getClass","return":"java.lang.Class"},{"name":"hashCode","return":"int"},{"name":"equals","parameters":[{"name":"arg0","type":"java.lang.Object"}],"return":"boolean"},{"name":"notify"},{"name":"notifyAll"},{"name":"wait"},{"name":"wait","parameters":[{"name":"arg0","type":"long"}]},{"name":"wait","parameters":[{"name":"arg0","type":"long"},{"name":"arg1","type":"int"}]},{"name":"execute","parameters":[{"name":"listener","type":"org.bukkit.event.Listener"},{"name":"event","type":"org.bukkit.event.Event"}]},{"name":"toString","return":"java.lang.String"}],"name":"co.aikar.timings.TimedEventExecutor","simple-name":"TimedEventExecutor","fields":[{"static":true,"name":"eventExecutorMap","type":"java.util.concurrent.ConcurrentMap"}]}