{"constructors":[{"name":"<init>"}],"package":"co.aikar.util","methods":[{"name":"getClass","return":"java.lang.Class"},{"name":"notify"},{"name":"notifyAll"},{"name":"wait"},{"name":"wait","parameters":[{"name":"arg0","type":"long"}]},{"name":"wait","parameters":[{"name":"arg0","type":"long"},{"name":"arg1","type":"int"}]},{"name":"getOrDefault","parameters":[{"name":"arg0","type":"java.lang.Object"},{"name":"arg1","type":"java.lang.Object"}],"return":"java.lang.Object"},{"name":"forEach","parameters":[{"name":"arg0","type":"java.util.function.BiConsumer"}]},{"name":"replaceAll","parameters":[{"name":"arg0","type":"java.util.function.BiFunction"}]},{"name":"putIfAbsent","parameters":[{"name":"arg0","type":"java.lang.Object"},{"name":"arg1","type":"java.lang.Object"}],"return":"java.lang.Object"},{"name":"remove","parameters":[{"name":"arg0","type":"java.lang.Object"},{"name":"arg1","type":"java.lang.Object"}],"return":"boolean"},{"name":"replace","parameters":[{"name":"arg0","type":"java.lang.Object"},{"name":"arg1","type":"java.lang.Object"},{"name":"arg2","type":"java.lang.Object"}],"return":"boolean"},{"name":"replace","parameters":[{"name":"arg0","type":"java.lang.Object"},{"name":"arg1","type":"java.lang.Object"}],"return":"java.lang.Object"},{"name":"computeIfAbsent","parameters":[{"name":"arg0","type":"java.lang.Object"},{"name":"arg1","type":"java.util.function.Function"}],"return":"java.lang.Object"},{"name":"computeIfPresent","parameters":[{"name":"arg0","type":"java.lang.Object"},{"name":"arg1","type":"java.util.function.BiFunction"}],"return":"java.lang.Object"},{"name":"compute","parameters":[{"name":"arg0","type":"java.lang.Object"},{"name":"arg1","type":"java.util.function.BiFunction"}],"return":"java.lang.Object"},{"name":"merge","parameters":[{"name":"arg0","type":"java.lang.Object"},{"name":"arg1","type":"java.lang.Object"},{"name":"arg2","type":"java.util.function.BiFunction"}],"return":"java.lang.Object"},{"name":"toString","return":"java.lang.String"},{"name":"size","return":"int"},{"name":"isEmpty","return":"boolean"},{"name":"remove","parameters":[{"name":"arg0","type":"java.lang.Object"}],"return":"java.lang.Object"},{"name":"clear"},{"name":"containsKey","parameters":[{"name":"arg0","type":"java.lang.Object"}],"return":"boolean"},{"name":"containsValue","parameters":[{"name":"arg0","type":"java.lang.Object"}],"return":"boolean"},{"name":"get","parameters":[{"name":"arg0","type":"java.lang.Object"}],"return":"java.lang.Object"},{"name":"put","parameters":[{"name":"arg0","type":"java.lang.Object"},{"name":"arg1","type":"java.lang.Object"}],"return":"java.lang.Object"},{"name":"putAll","parameters":[{"name":"arg0","type":"java.util.Map"}]},{"name":"keySet","return":"java.util.Set"},{"name":"values","return":"java.util.Collection"},{"name":"entrySet","return":"java.util.Set"},{"name":"equals","parameters":[{"name":"arg0","type":"java.lang.Object"}],"return":"boolean"},{"name":"hashCode","return":"int"},{"name":"decrement","parameters":[{"name":"key","type":"java.lang.Object"}],"return":"long"},{"name":"increment","parameters":[{"name":"key","type":"java.lang.Object"}],"return":"long"},{"name":"decrement","parameters":[{"name":"key","type":"java.lang.Object"},{"name":"amount","type":"long"}],"return":"long"},{"name":"increment","parameters":[{"name":"key","type":"java.lang.Object"},{"name":"amount","type":"long"}],"return":"long"},{"name":"getCount","parameters":[{"name":"key","type":"java.lang.Object"}],"return":"long"}],"name":"co.aikar.util.Counter","simple-name":"Counter"}