{"package":"co.aikar.timings","methods":[{"name":"getClass","return":"java.lang.Class"},{"name":"hashCode","return":"int"},{"name":"equals","parameters":[{"name":"arg0","type":"java.lang.Object"}],"return":"boolean"},{"name":"toString","return":"java.lang.String"},{"name":"notify"},{"name":"notifyAll"},{"name":"wait"},{"name":"wait","parameters":[{"name":"arg0","type":"long"}]},{"name":"wait","parameters":[{"name":"arg0","type":"long"},{"name":"arg1","type":"int"}]},{"static":true,"name":"of","parameters":[{"name":"plugin","type":"org.bukkit.plugin.Plugin"},{"name":"name","type":"java.lang.String"}],"return":"co.aikar.timings.Timing"},{"static":true,"name":"of","parameters":[{"name":"plugin","type":"org.bukkit.plugin.Plugin"},{"name":"name","type":"java.lang.String"},{"name":"groupHandler","type":"co.aikar.timings.Timing"}],"return":"co.aikar.timings.Timing"},{"static":true,"name":"ofStart","parameters":[{"name":"plugin","type":"org.bukkit.plugin.Plugin"},{"name":"name","type":"java.lang.String"}],"return":"co.aikar.timings.Timing"},{"static":true,"name":"ofStart","parameters":[{"name":"plugin","type":"org.bukkit.plugin.Plugin"},{"name":"name","type":"java.lang.String"},{"name":"groupHandler","type":"co.aikar.timings.Timing"}],"return":"co.aikar.timings.Timing"},{"static":true,"name":"isTimingsEnabled","return":"boolean"},{"static":true,"name":"setTimingsEnabled","parameters":[{"name":"enabled","type":"boolean"}]},{"static":true,"name":"deprecationMessage","return":"net.kyori.adventure.text.Component"},{"static":true,"name":"isVerboseTimingsEnabled","return":"boolean"},{"static":true,"name":"setVerboseTimingsEnabled","parameters":[{"name":"enabled","type":"boolean"}]},{"static":true,"name":"getHistoryInterval","return":"int"},{"static":true,"name":"setHistoryInterval","parameters":[{"name":"interval","type":"int"}]},{"static":true,"name":"getHistoryLength","return":"int"},{"static":true,"name":"setHistoryLength","parameters":[{"name":"length","type":"int"}]},{"static":true,"name":"reset"},{"static":true,"name":"generateReport","parameters":[{"name":"sender","type":"org.bukkit.command.CommandSender"}]},{"static":true,"name":"generateReport","parameters":[{"name":"sender","type":"co.aikar.timings.TimingsReportListener"}]}],"name":"co.aikar.timings.Timings","simple-name":"Timings","fields":[{"static":true,"name":"NULL_HANDLER","type":"co.aikar.timings.Timing"}]}