{"constructors":[{"name":"<init>","parameters":[{"name":"senders","type":"org.bukkit.command.CommandSender"}]},{"name":"<init>","parameters":[{"name":"sender","type":"org.bukkit.command.CommandSender"},{"name":"onDone","type":"java.lang.Runnable"}]},{"name":"<init>","parameters":[{"name":"senders","type":"java.util.List"}]},{"name":"<init>","parameters":[{"name":"senders","type":"java.util.List"},{"name":"onDone","type":"java.lang.Runnable"}]}],"package":"co.aikar.timings","methods":[{"name":"getClass","return":"java.lang.Class"},{"name":"hashCode","return":"int"},{"name":"equals","parameters":[{"name":"arg0","type":"java.lang.Object"}],"return":"boolean"},{"name":"toString","return":"java.lang.String"},{"name":"notify"},{"name":"notifyAll"},{"name":"wait"},{"name":"wait","parameters":[{"name":"arg0","type":"long"}]},{"name":"wait","parameters":[{"name":"arg0","type":"long"},{"name":"arg1","type":"int"}]},{"name":"get","parameters":[{"name":"pointer","type":"net.kyori.adventure.pointer.Pointer"}],"return":"java.util.Optional"},{"name":"getOrDefault","parameters":[{"name":"pointer","type":"net.kyori.adventure.pointer.Pointer"},{"name":"defaultValue","type":"java.lang.Object"}],"return":"java.lang.Object"},{"name":"getOrDefaultFrom","parameters":[{"name":"pointer","type":"net.kyori.adventure.pointer.Pointer"},{"name":"defaultValue","type":"java.util.function.Supplier"}],"return":"java.lang.Object"},{"name":"permissionValue","parameters":[{"name":"permission","type":"org.bukkit.permissions.Permission"}],"return":"net.kyori.adventure.util.TriState"},{"name":"permissionValue","parameters":[{"name":"permission","type":"java.lang.String"}],"return":"net.kyori.adventure.util.TriState"},{"name":"sendMessage","parameters":[{"name":"message","type":"net.kyori.adventure.text.ComponentLike"}]},{"name":"sendMessage","parameters":[{"name":"message","type":"net.kyori.adventure.text.ComponentLike"},{"name":"type","type":"net.kyori.adventure.audience.MessageType"}]},{"name":"sendMessage","parameters":[{"name":"message","type":"net.kyori.adventure.text.Component"},{"name":"type","type":"net.kyori.adventure.audience.MessageType"}]},{"name":"sendMessage","parameters":[{"name":"source","type":"net.kyori.adventure.identity.Identified"},{"name":"message","type":"net.kyori.adventure.text.ComponentLike"}]},{"name":"sendMessage","parameters":[{"name":"source","type":"net.kyori.adventure.identity.Identity"},{"name":"message","type":"net.kyori.adventure.text.ComponentLike"}]},{"name":"sendMessage","parameters":[{"name":"source","type":"net.kyori.adventure.identity.Identified"},{"name":"message","type":"net.kyori.adventure.text.Component"}]},{"name":"sendMessage","parameters":[{"name":"source","type":"net.kyori.adventure.identity.Identity"},{"name":"message","type":"net.kyori.adventure.text.Component"}]},{"name":"sendMessage","parameters":[{"name":"source","type":"net.kyori.adventure.identity.Identified"},{"name":"message","type":"net.kyori.adventure.text.ComponentLike"},{"name":"type","type":"net.kyori.adventure.audience.MessageType"}]},{"name":"sendMessage","parameters":[{"name":"source","type":"net.kyori.adventure.identity.Identity"},{"name":"message","type":"net.kyori.adventure.text.ComponentLike"},{"name":"type","type":"net.kyori.adventure.audience.MessageType"}]},{"name":"sendMessage","parameters":[{"name":"message","type":"net.kyori.adventure.text.ComponentLike"},{"name":"boundChatType","type":"net.kyori.adventure.chat.ChatType.Bound"}]},{"name":"deleteMessage","parameters":[{"name":"signedMessage","type":"net.kyori.adventure.chat.SignedMessage"}]},{"name":"sendActionBar","parameters":[{"name":"message","type":"net.kyori.adventure.text.ComponentLike"}]},{"name":"sendPlayerListHeader","parameters":[{"name":"header","type":"net.kyori.adventure.text.ComponentLike"}]},{"name":"sendPlayerListFooter","parameters":[{"name":"footer","type":"net.kyori.adventure.text.ComponentLike"}]},{"name":"sendPlayerListHeaderAndFooter","parameters":[{"name":"header","type":"net.kyori.adventure.text.ComponentLike"},{"name":"footer","type":"net.kyori.adventure.text.ComponentLike"}]},{"name":"showTitle","parameters":[{"name":"title","type":"net.kyori.adventure.title.Title"}]},{"name":"stopSound","parameters":[{"name":"sound","type":"net.kyori.adventure.sound.Sound"}]},{"name":"openBook","parameters":[{"name":"book","type":"net.kyori.adventure.inventory.Book.Builder"}]},{"name":"sendResourcePacks","parameters":[{"name":"first","type":"net.kyori.adventure.resource.ResourcePackInfoLike"},{"name":"others","type":"net.kyori.adventure.resource.ResourcePackInfoLike[]"}]},{"name":"sendResourcePacks","parameters":[{"name":"request","type":"net.kyori.adventure.resource.ResourcePackRequestLike"}]},{"name":"removeResourcePacks","parameters":[{"name":"request","type":"net.kyori.adventure.resource.ResourcePackRequestLike"}]},{"name":"removeResourcePacks","parameters":[{"name":"request","type":"net.kyori.adventure.resource.ResourcePackRequest"}]},{"name":"removeResourcePacks","parameters":[{"name":"request","type":"net.kyori.adventure.resource.ResourcePackInfoLike"},{"name":"others","type":"net.kyori.adventure.resource.ResourcePackInfoLike []"}]},{"name":"sendRichMessage","parameters":[{"name":"message","type":"java.lang.String"}]},{"name":"sendRichMessage","parameters":[{"name":"message","type":"java.lang.String"},{"name":"resolvers","type":"net.kyori.adventure.text.minimessage.tag.resolver.TagResolver[]"}]},{"name":"sendPlainMessage","parameters":[{"name":"message","type":"java.lang.String"}]},{"name":"sendMessage","parameters":[{"name":"component","type":"net.md_5.bungee.api.chat.BaseComponent"}]},{"name":"sendMessage","parameters":[{"name":"components","type":"net.md_5.bungee.api.chat.BaseComponent[]"}]},{"name":"pointers","return":"net.kyori.adventure.pointer.Pointers"},{"name":"filterAudience","parameters":[{"name":"filter","type":"java.util.function.Predicate"}],"return":"net.kyori.adventure.audience.Audience"},{"name":"forEachAudience","parameters":[{"name":"action","type":"java.util.function.Consumer"}]},{"name":"sendMessage","parameters":[{"name":"message","type":"net.kyori.adventure.text.Component"}]},{"name":"sendMessage","parameters":[{"name":"message","type":"net.kyori.adventure.text.Component"},{"name":"boundChatType","type":"net.kyori.adventure.chat.ChatType.Bound"}]},{"name":"sendMessage","parameters":[{"name":"signedMessage","type":"net.kyori.adventure.chat.SignedMessage"},{"name":"boundChatType","type":"net.kyori.adventure.chat.ChatType.Bound"}]},{"name":"deleteMessage","parameters":[{"name":"signature","type":"net.kyori.adventure.chat.SignedMessage.Signature"}]},{"name":"sendMessage","parameters":[{"name":"source","type":"net.kyori.adventure.identity.Identified"},{"name":"message","type":"net.kyori.adventure.text.Component"},{"name":"type","type":"net.kyori.adventure.audience.MessageType"}]},{"name":"sendActionBar","parameters":[{"name":"message","type":"net.kyori.adventure.text.Component"}]},{"name":"sendPlayerListHeader","parameters":[{"name":"header","type":"net.kyori.adventure.text.Component"}]},{"name":"sendPlayerListFooter","parameters":[{"name":"footer","type":"net.kyori.adventure.text.Component"}]},{"name":"sendPlayerListHeaderAndFooter","parameters":[{"name":"header","type":"net.kyori.adventure.text.Component"},{"name":"footer","type":"net.kyori.adventure.text.Component"}]},{"name":"sendTitlePart","parameters":[{"name":"part","type":"net.kyori.adventure.title.TitlePart"},{"name":"value","type":"java.lang.Object"}]},{"name":"clearTitle"},{"name":"resetTitle"},{"name":"showBossBar","parameters":[{"name":"bar","type":"net.kyori.adventure.bossbar.BossBar"}]},{"name":"hideBossBar","parameters":[{"name":"bar","type":"net.kyori.adventure.bossbar.BossBar"}]},{"name":"playSound","parameters":[{"name":"sound","type":"net.kyori.adventure.sound.Sound"}]},{"name":"playSound","parameters":[{"name":"sound","type":"net.kyori.adventure.sound.Sound"},{"name":"x","type":"double"},{"name":"y","type":"double"},{"name":"z","type":"double"}]},{"name":"playSound","parameters":[{"name":"sound","type":"net.kyori.adventure.sound.Sound"},{"name":"emitter","type":"net.kyori.adventure.sound.Sound.Emitter"}]},{"name":"stopSound","parameters":[{"name":"stop","type":"net.kyori.adventure.sound.SoundStop"}]},{"name":"openBook","parameters":[{"name":"book","type":"net.kyori.adventure.inventory.Book"}]},{"name":"sendResourcePacks","parameters":[{"name":"request","type":"net.kyori.adventure.resource.ResourcePackRequest"}]},{"name":"removeResourcePacks","parameters":[{"name":"ids","type":"java.lang.Iterable"}]},{"name":"removeResourcePacks","parameters":[{"name":"id","type":"java.util.UUID"},{"name":"others","type":"java.util.UUID []"}]},{"name":"clearResourcePacks"},{"name":"sendMessage","parameters":[{"name":"messages","type":"java.lang.String[]"}]},{"name":"sendMessage","parameters":[{"name":"sender","type":"java.util.UUID"},{"name":"message","type":"java.lang.String"}]},{"name":"sendMessage","parameters":[{"name":"sender","type":"java.util.UUID"},{"name":"messages","type":"java.lang.String[]"}]},{"name":"getServer","return":"org.bukkit.Server"},{"name":"name","return":"net.kyori.adventure.text.Component"},{"name":"getName","return":"java.lang.String"},{"name":"isOp","return":"boolean"},{"name":"setOp","parameters":[{"name":"value","type":"boolean"}]},{"name":"isPermissionSet","parameters":[{"name":"name","type":"java.lang.String"}],"return":"boolean"},{"name":"isPermissionSet","parameters":[{"name":"perm","type":"org.bukkit.permissions.Permission"}],"return":"boolean"},{"name":"hasPermission","parameters":[{"name":"name","type":"java.lang.String"}],"return":"boolean"},{"name":"hasPermission","parameters":[{"name":"perm","type":"org.bukkit.permissions.Permission"}],"return":"boolean"},{"name":"addAttachment","parameters":[{"name":"plugin","type":"org.bukkit.plugin.Plugin"},{"name":"name","type":"java.lang.String"},{"name":"value","type":"boolean"}],"return":"org.bukkit.permissions.PermissionAttachment"},{"name":"addAttachment","parameters":[{"name":"plugin","type":"org.bukkit.plugin.Plugin"}],"return":"org.bukkit.permissions.PermissionAttachment"},{"name":"addAttachment","parameters":[{"name":"plugin","type":"org.bukkit.plugin.Plugin"},{"name":"name","type":"java.lang.String"},{"name":"value","type":"boolean"},{"name":"ticks","type":"int"}],"return":"org.bukkit.permissions.PermissionAttachment"},{"name":"addAttachment","parameters":[{"name":"plugin","type":"org.bukkit.plugin.Plugin"},{"name":"ticks","type":"int"}],"return":"org.bukkit.permissions.PermissionAttachment"},{"name":"removeAttachment","parameters":[{"name":"attachment","type":"org.bukkit.permissions.PermissionAttachment"}]},{"name":"recalculatePermissions"},{"name":"getEffectivePermissions","return":"java.util.Set"},{"name":"spigot","return":"org.bukkit.command.CommandSender.Spigot"},{"name":"getTimingsURL","return":"java.lang.String"},{"name":"done"},{"name":"done","parameters":[{"name":"url","type":"java.lang.String"}]},{"name":"sendMessage","parameters":[{"name":"source","type":"net.kyori.adventure.identity.Identity"},{"name":"message","type":"net.kyori.adventure.text.Component"},{"name":"type","type":"net.kyori.adventure.audience.MessageType"}]},{"name":"audiences","return":"java.lang.Iterable"},{"name":"sendMessage","parameters":[{"name":"message","type":"java.lang.String"}]},{"name":"addConsoleIfNeeded"}],"name":"co.aikar.timings.TimingsReportListener","simple-name":"TimingsReportListener"}