{
  "package": "com.destroystokyo.paper.entity.ai",
  "methods": [
    {
      "name": "getClass",
      "return": "java.lang.Class"
    },
    {"name": "notify"},
    {"name": "notifyAll"},
    {"name": "wait"},
    {
      "name": "wait",
      "parameters": [{
        "name": "arg0",
        "type": "long"
      }]
    },
    {
      "name": "wait",
      "parameters": [
        {
          "name": "arg0",
          "type": "long"
        },
        {
          "name": "arg1",
          "type": "int"
        }
      ]
    },
    {
      "name": "name",
      "return": "java.lang.String"
    },
    {
      "name": "ordinal",
      "return": "int"
    },
    {
      "name": "toString",
      "return": "java.lang.String"
    },
    {
      "name": "equals",
      "parameters": [{
        "name": "arg0",
        "type": "java.lang.Object"
      }],
      "return": "boolean"
    },
    {
      "name": "hashCode",
      "return": "int"
    },
    {
      "name": "compareTo",
      "parameters": [{
        "name": "arg0",
        "type": "java.lang.Enum"
      }],
      "return": "int"
    },
    {
      "name": "getDeclaringClass",
      "return": "java.lang.Class"
    },
    {
      "name": "describeConstable",
      "return": "java.util.Optional"
    },
    {
      "static": true,
      "name": "valueOf",
      "parameters": [
        {
          "name": "arg0",
          "type": "java.lang.Class"
        },
        {
          "name": "arg1",
          "type": "java.lang.String"
        }
      ],
      "return": "java.lang.Enum"
    },
    {
      "static": true,
      "name": "values",
      "return": "com.destroystokyo.paper.entity.ai.GoalType[]"
    },
    {
      "static": true,
      "name": "valueOf",
      "parameters": [{
        "name": "name",
        "type": "java.lang.String"
      }],
      "return": "com.destroystokyo.paper.entity.ai.GoalType"
    }
  ],
  "name": "com.destroystokyo.paper.entity.ai.GoalType",
  "simple-name": "GoalType",
  "fields": [
    {
      "static": true,
      "name": "MOVE",
      "type": "com.destroystokyo.paper.entity.ai.GoalType"
    },
    {
      "static": true,
      "name": "LOOK",
      "type": "com.destroystokyo.paper.entity.ai.GoalType"
    },
    {
      "static": true,
      "name": "JUMP",
      "type": "com.destroystokyo.paper.entity.ai.GoalType"
    },
    {
      "static": true,
      "name": "TARGET",
      "type": "com.destroystokyo.paper.entity.ai.GoalType"
    },
    {
      "static": true,
      "name": "UNKNOWN_BEHAVIOR",
      "type": "com.destroystokyo.paper.entity.ai.GoalType"
    }
  ]
}