{
  "constructors": [{
    "name": "<init>",
    "parameters": [
      {
        "name": "inventory",
        "type": "org.bukkit.inventory.InventoryView"
      },
      {
        "name": "result",
        "type": "org.bukkit.inventory.ItemStack"
      }
    ]
  }],
  "package": "com.destroystokyo.paper.event.inventory",
  "methods": [
    {
      "name": "getClass",
      "return": "java.lang.Class"
    },
    {
      "name": "hashCode",
      "return": "int"
    },
    {
      "name": "equals",
      "parameters": [{
        "name": "arg0",
        "type": "java.lang.Object"
      }],
      "return": "boolean"
    },
    {
      "name": "toString",
      "return": "java.lang.String"
    },
    {"name": "notify"},
    {"name": "notifyAll"},
    {"name": "wait"},
    {
      "name": "wait",
      "parameters": [{
        "name": "arg0",
        "type": "long"
      }]
    },
    {
      "name": "wait",
      "parameters": [
        {
          "name": "arg0",
          "type": "long"
        },
        {
          "name": "arg1",
          "type": "int"
        }
      ]
    },
    {
      "name": "callEvent",
      "return": "boolean"
    },
    {
      "name": "getEventName",
      "return": "java.lang.String"
    },
    {
      "name": "isAsynchronous",
      "return": "boolean"
    },
    {
      "name": "getInventory",
      "return": "org.bukkit.inventory.Inventory"
    },
    {
      "name": "getViewers",
      "return": "java.util.List"
    },
    {
      "name": "getView",
      "return": "org.bukkit.inventory.InventoryView"
    },
    {
      "static": true,
      "name": "getHandlerList",
      "return": "org.bukkit.event.HandlerList"
    },
    {
      "name": "getHandlers",
      "return": "org.bukkit.event.HandlerList"
    },
    {
      "static": true,
      "name": "getHandlerList",
      "return": "org.bukkit.event.HandlerList"
    },
    {
      "name": "getResult",
      "return": "org.bukkit.inventory.ItemStack"
    },
    {
      "name": "setResult",
      "parameters": [{
        "name": "result",
        "type": "org.bukkit.inventory.ItemStack"
      }]
    }
  ],
  "name": "com.destroystokyo.paper.event.inventory.PrepareResultEvent",
  "simple-name": "PrepareResultEvent"
}