{
  "constructors": [{
    "name": "<init>",
    "parameters": [
      {
        "name": "playerUniqueId",
        "type": "java.util.UUID"
      },
      {
        "name": "playerName",
        "type": "java.lang.String"
      },
      {
        "name": "ipAddress",
        "type": "java.net.InetAddress"
      },
      {
        "name": "async",
        "type": "boolean"
      }
    ]
  }],
  "package": "com.destroystokyo.paper.event.player",
  "methods": [
    {
      "name": "getClass",
      "return": "java.lang.Class"
    },
    {
      "name": "hashCode",
      "return": "int"
    },
    {
      "name": "equals",
      "parameters": [{
        "name": "arg0",
        "type": "java.lang.Object"
      }],
      "return": "boolean"
    },
    {
      "name": "toString",
      "return": "java.lang.String"
    },
    {"name": "notify"},
    {"name": "notifyAll"},
    {"name": "wait"},
    {
      "name": "wait",
      "parameters": [{
        "name": "arg0",
        "type": "long"
      }]
    },
    {
      "name": "wait",
      "parameters": [
        {
          "name": "arg0",
          "type": "long"
        },
        {
          "name": "arg1",
          "type": "int"
        }
      ]
    },
    {
      "name": "callEvent",
      "return": "boolean"
    },
    {
      "name": "getEventName",
      "return": "java.lang.String"
    },
    {
      "name": "isAsynchronous",
      "return": "boolean"
    },
    {
      "name": "getPlayerUniqueId",
      "return": "java.util.UUID"
    },
    {
      "name": "getPlayerName",
      "return": "java.lang.String"
    },
    {
      "name": "getIpAddress",
      "return": "java.net.InetAddress"
    },
    {
      "name": "getHandlers",
      "return": "org.bukkit.event.HandlerList"
    },
    {
      "static": true,
      "name": "getHandlerList",
      "return": "org.bukkit.event.HandlerList"
    }
  ],
  "name": "com.destroystokyo.paper.event.player.PlayerConnectionCloseEvent",
  "simple-name": "PlayerConnectionCloseEvent"
}