{
  "package": "com.destroystokyo.paper.network",
  "methods": [
    {
      "name": "getClass",
      "return": "java.lang.Class"
    },
    {
      "name": "hashCode",
      "return": "int"
    },
    {
      "name": "equals",
      "parameters": [{
        "name": "arg0",
        "type": "java.lang.Object"
      }],
      "return": "boolean"
    },
    {
      "name": "toString",
      "return": "java.lang.String"
    },
    {"name": "notify"},
    {"name": "notifyAll"},
    {"name": "wait"},
    {
      "name": "wait",
      "parameters": [{
        "name": "arg0",
        "type": "long"
      }]
    },
    {
      "name": "wait",
      "parameters": [
        {
          "name": "arg0",
          "type": "long"
        },
        {
          "name": "arg1",
          "type": "int"
        }
      ]
    },
    {
      "name": "getAddress",
      "return": "java.net.InetSocketAddress"
    },
    {
      "name": "getProtocolVersion",
      "return": "int"
    },
    {
      "name": "getVirtualHost",
      "return": "java.net.InetSocketAddress"
    },
    {
      "name": "isLegacy",
      "return": "boolean"
    }
  ],
  "name": "com.destroystokyo.paper.network.StatusClient",
  "simple-name": "StatusClient"
}