{
  "constructors": [{
    "name": "<init>",
    "parameters": [
      {
        "name": "commandLabel",
        "type": "java.lang.String"
      },
      {
        "name": "brigadierCommand",
        "type": "com.destroystokyo.paper.brigadier.BukkitBrigadierCommand"
      },
      {
        "name": "command",
        "type": "org.bukkit.command.Command"
      },
      {
        "name": "root",
        "type": "com.mojang.brigadier.tree.RootCommandNode"
      },
      {
        "name": "literal",
        "type": "com.mojang.brigadier.tree.LiteralCommandNode"
      },
      {
        "name": "defaultArgs",
        "type": "com.mojang.brigadier.tree.ArgumentCommandNode"
      }
    ]
  }],
  "package": "com.destroystokyo.paper.event.brigadier",
  "methods": [
    {
      "name": "getClass",
      "return": "java.lang.Class"
    },
    {
      "name": "hashCode",
      "return": "int"
    },
    {
      "name": "equals",
      "parameters": [{
        "name": "arg0",
        "type": "java.lang.Object"
      }],
      "return": "boolean"
    },
    {
      "name": "toString",
      "return": "java.lang.String"
    },
    {"name": "notify"},
    {"name": "notifyAll"},
    {"name": "wait"},
    {
      "name": "wait",
      "parameters": [{
        "name": "arg0",
        "type": "long"
      }]
    },
    {
      "name": "wait",
      "parameters": [
        {
          "name": "arg0",
          "type": "long"
        },
        {
          "name": "arg1",
          "type": "int"
        }
      ]
    },
    {
      "name": "callEvent",
      "return": "boolean"
    },
    {
      "name": "getEventName",
      "return": "java.lang.String"
    },
    {
      "name": "isAsynchronous",
      "return": "boolean"
    },
    {
      "name": "getCommandLabel",
      "return": "java.lang.String"
    },
    {
      "name": "getBrigadierCommand",
      "return": "com.destroystokyo.paper.brigadier.BukkitBrigadierCommand"
    },
    {
      "name": "getCommand",
      "return": "org.bukkit.command.Command"
    },
    {
      "name": "getRoot",
      "return": "com.mojang.brigadier.tree.RootCommandNode"
    },
    {
      "name": "getDefaultArgs",
      "return": "com.mojang.brigadier.tree.ArgumentCommandNode"
    },
    {
      "name": "getLiteral",
      "return": "com.mojang.brigadier.tree.LiteralCommandNode"
    },
    {
      "name": "setLiteral",
      "parameters": [{
        "name": "literal",
        "type": "com.mojang.brigadier.tree.LiteralCommandNode"
      }]
    },
    {
      "name": "isRawCommand",
      "return": "boolean"
    },
    {
      "name": "setRawCommand",
      "parameters": [{
        "name": "rawCommand",
        "type": "boolean"
      }]
    },
    {
      "name": "isCancelled",
      "return": "boolean"
    },
    {
      "name": "setCancelled",
      "parameters": [{
        "name": "cancel",
        "type": "boolean"
      }]
    },
    {
      "name": "getHandlers",
      "return": "org.bukkit.event.HandlerList"
    },
    {
      "static": true,
      "name": "getHandlerList",
      "return": "org.bukkit.event.HandlerList"
    }
  ],
  "name": "com.destroystokyo.paper.event.brigadier.CommandRegisteredEvent",
  "simple-name": "CommandRegisteredEvent"
}