{
  "package": "com.destroystokyo.paper.profile",
  "methods": [
    {
      "name": "getClass",
      "return": "java.lang.Class"
    },
    {
      "name": "hashCode",
      "return": "int"
    },
    {
      "name": "equals",
      "parameters": [{
        "name": "arg0",
        "type": "java.lang.Object"
      }],
      "return": "boolean"
    },
    {
      "name": "toString",
      "return": "java.lang.String"
    },
    {"name": "notify"},
    {"name": "notifyAll"},
    {"name": "wait"},
    {
      "name": "wait",
      "parameters": [{
        "name": "arg0",
        "type": "long"
      }]
    },
    {
      "name": "wait",
      "parameters": [
        {
          "name": "arg0",
          "type": "long"
        },
        {
          "name": "arg1",
          "type": "int"
        }
      ]
    },
    {
      "name": "serialize",
      "return": "java.util.Map"
    },
    {
      "name": "getUniqueId",
      "return": "java.util.UUID"
    },
    {
      "name": "clone",
      "return": "org.bukkit.profile.PlayerProfile"
    },
    {
      "name": "getName",
      "return": "java.lang.String"
    },
    {
      "name": "setName",
      "parameters": [{
        "name": "name",
        "type": "java.lang.String"
      }],
      "return": "java.lang.String"
    },
    {
      "name": "getId",
      "return": "java.util.UUID"
    },
    {
      "name": "setId",
      "parameters": [{
        "name": "uuid",
        "type": "java.util.UUID"
      }],
      "return": "java.util.UUID"
    },
    {
      "name": "getTextures",
      "return": "org.bukkit.profile.PlayerTextures"
    },
    {
      "name": "setTextures",
      "parameters": [{
        "name": "textures",
        "type": "org.bukkit.profile.PlayerTextures"
      }]
    },
    {
      "name": "getProperties",
      "return": "java.util.Set"
    },
    {
      "name": "hasProperty",
      "parameters": [{
        "name": "property",
        "type": "java.lang.String"
      }],
      "return": "boolean"
    },
    {
      "name": "setProperty",
      "parameters": [{
        "name": "property",
        "type": "com.destroystokyo.paper.profile.ProfileProperty"
      }]
    },
    {
      "name": "setProperties",
      "parameters": [{
        "name": "properties",
        "type": "java.util.Collection"
      }]
    },
    {
      "name": "removeProperty",
      "parameters": [{
        "name": "property",
        "type": "java.lang.String"
      }],
      "return": "boolean"
    },
    {
      "name": "removeProperty",
      "parameters": [{
        "name": "property",
        "type": "com.destroystokyo.paper.profile.ProfileProperty"
      }],
      "return": "boolean"
    },
    {
      "name": "removeProperties",
      "parameters": [{
        "name": "properties",
        "type": "java.util.Collection"
      }],
      "return": "boolean"
    },
    {"name": "clearProperties"},
    {
      "name": "isComplete",
      "return": "boolean"
    },
    {
      "name": "completeFromCache",
      "return": "boolean"
    },
    {
      "name": "completeFromCache",
      "parameters": [{
        "name": "onlineMode",
        "type": "boolean"
      }],
      "return": "boolean"
    },
    {
      "name": "completeFromCache",
      "parameters": [
        {
          "name": "lookupUUID",
          "type": "boolean"
        },
        {
          "name": "onlineMode",
          "type": "boolean"
        }
      ],
      "return": "boolean"
    },
    {
      "name": "complete",
      "return": "boolean"
    },
    {
      "name": "complete",
      "parameters": [{
        "name": "textures",
        "type": "boolean"
      }],
      "return": "boolean"
    },
    {
      "name": "complete",
      "parameters": [
        {
          "name": "textures",
          "type": "boolean"
        },
        {
          "name": "onlineMode",
          "type": "boolean"
        }
      ],
      "return": "boolean"
    },
    {
      "name": "update",
      "return": "java.util.concurrent.CompletableFuture"
    },
    {
      "name": "hasTextures",
      "return": "boolean"
    }
  ],
  "name": "com.destroystokyo.paper.profile.PlayerProfile",
  "simple-name": "PlayerProfile"
}