{
  "package": "com.destroystokyo.paper.entity",
  "methods": [
    {
      "name": "getClass",
      "return": "java.lang.Class"
    },
    {
      "name": "hashCode",
      "return": "int"
    },
    {
      "name": "equals",
      "parameters": [{
        "name": "arg0",
        "type": "java.lang.Object"
      }],
      "return": "boolean"
    },
    {
      "name": "toString",
      "return": "java.lang.String"
    },
    {"name": "notify"},
    {"name": "notifyAll"},
    {"name": "wait"},
    {
      "name": "wait",
      "parameters": [{
        "name": "arg0",
        "type": "long"
      }]
    },
    {
      "name": "wait",
      "parameters": [
        {
          "name": "arg0",
          "type": "long"
        },
        {
          "name": "arg1",
          "type": "int"
        }
      ]
    },
    {
      "name": "getPoints",
      "return": "java.util.List"
    },
    {
      "name": "getNextPointIndex",
      "return": "int"
    },
    {
      "name": "getNextPoint",
      "return": "org.bukkit.Location"
    },
    {
      "name": "getFinalPoint",
      "return": "org.bukkit.Location"
    },
    {
      "name": "canReachFinalPoint",
      "return": "boolean"
    }
  ],
  "name": "com.destroystokyo.paper.entity.Pathfinder.PathResult",
  "simple-name": "PathResult"
}