{
  "package": "com.destroystokyo.paper.entity.ai",
  "methods": [
    {
      "name": "getClass",
      "return": "java.lang.Class"
    },
    {
      "name": "hashCode",
      "return": "int"
    },
    {
      "name": "equals",
      "parameters": [{
        "name": "arg0",
        "type": "java.lang.Object"
      }],
      "return": "boolean"
    },
    {
      "name": "toString",
      "return": "java.lang.String"
    },
    {"name": "notify"},
    {"name": "notifyAll"},
    {"name": "wait"},
    {
      "name": "wait",
      "parameters": [{
        "name": "arg0",
        "type": "long"
      }]
    },
    {
      "name": "wait",
      "parameters": [
        {
          "name": "arg0",
          "type": "long"
        },
        {
          "name": "arg1",
          "type": "int"
        }
      ]
    },
    {
      "name": "addGoal",
      "parameters": [
        {
          "name": "mob",
          "type": "org.bukkit.entity.Mob"
        },
        {
          "name": "priority",
          "type": "int"
        },
        {
          "name": "goal",
          "type": "com.destroystokyo.paper.entity.ai.Goal"
        }
      ]
    },
    {
      "name": "removeGoal",
      "parameters": [
        {
          "name": "mob",
          "type": "org.bukkit.entity.Mob"
        },
        {
          "name": "goal",
          "type": "com.destroystokyo.paper.entity.ai.Goal"
        }
      ]
    },
    {
      "name": "removeAllGoals",
      "parameters": [{
        "name": "mob",
        "type": "org.bukkit.entity.Mob"
      }]
    },
    {
      "name": "removeAllGoals",
      "parameters": [
        {
          "name": "mob",
          "type": "org.bukkit.entity.Mob"
        },
        {
          "name": "type",
          "type": "com.destroystokyo.paper.entity.ai.GoalType"
        }
      ]
    },
    {
      "name": "removeGoal",
      "parameters": [
        {
          "name": "mob",
          "type": "org.bukkit.entity.Mob"
        },
        {
          "name": "key",
          "type": "com.destroystokyo.paper.entity.ai.GoalKey"
        }
      ]
    },
    {
      "name": "hasGoal",
      "parameters": [
        {
          "name": "mob",
          "type": "org.bukkit.entity.Mob"
        },
        {
          "name": "key",
          "type": "com.destroystokyo.paper.entity.ai.GoalKey"
        }
      ],
      "return": "boolean"
    },
    {
      "name": "getGoal",
      "parameters": [
        {
          "name": "mob",
          "type": "org.bukkit.entity.Mob"
        },
        {
          "name": "key",
          "type": "com.destroystokyo.paper.entity.ai.GoalKey"
        }
      ],
      "return": "com.destroystokyo.paper.entity.ai.Goal"
    },
    {
      "name": "getGoals",
      "parameters": [
        {
          "name": "mob",
          "type": "org.bukkit.entity.Mob"
        },
        {
          "name": "key",
          "type": "com.destroystokyo.paper.entity.ai.GoalKey"
        }
      ],
      "return": "java.util.Collection"
    },
    {
      "name": "getAllGoals",
      "parameters": [{
        "name": "mob",
        "type": "org.bukkit.entity.Mob"
      }],
      "return": "java.util.Collection"
    },
    {
      "name": "getAllGoals",
      "parameters": [
        {
          "name": "mob",
          "type": "org.bukkit.entity.Mob"
        },
        {
          "name": "type",
          "type": "com.destroystokyo.paper.entity.ai.GoalType"
        }
      ],
      "return": "java.util.Collection"
    },
    {
      "name": "getAllGoalsWithout",
      "parameters": [
        {
          "name": "mob",
          "type": "org.bukkit.entity.Mob"
        },
        {
          "name": "type",
          "type": "com.destroystokyo.paper.entity.ai.GoalType"
        }
      ],
      "return": "java.util.Collection"
    },
    {
      "name": "getRunningGoals",
      "parameters": [{
        "name": "mob",
        "type": "org.bukkit.entity.Mob"
      }],
      "return": "java.util.Collection"
    },
    {
      "name": "getRunningGoals",
      "parameters": [
        {
          "name": "mob",
          "type": "org.bukkit.entity.Mob"
        },
        {
          "name": "type",
          "type": "com.destroystokyo.paper.entity.ai.GoalType"
        }
      ],
      "return": "java.util.Collection"
    },
    {
      "name": "getRunningGoalsWithout",
      "parameters": [
        {
          "name": "mob",
          "type": "org.bukkit.entity.Mob"
        },
        {
          "name": "type",
          "type": "com.destroystokyo.paper.entity.ai.GoalType"
        }
      ],
      "return": "java.util.Collection"
    }
  ],
  "name": "com.destroystokyo.paper.entity.ai.MobGoals",
  "simple-name": "MobGoals"
}