{"constructors":[{"name":"<init>"},{"name":"<init>","parameters":[{"name":"reputation","type":"java.util.Map"}]}],"package":"com.destroystokyo.paper.entity.villager","methods":[{"name":"getClass","return":"java.lang.Class"},{"name":"hashCode","return":"int"},{"name":"equals","parameters":[{"name":"arg0","type":"java.lang.Object"}],"return":"boolean"},{"name":"toString","return":"java.lang.String"},{"name":"notify"},{"name":"notifyAll"},{"name":"wait"},{"name":"wait","parameters":[{"name":"arg0","type":"long"}]},{"name":"wait","parameters":[{"name":"arg0","type":"long"},{"name":"arg1","type":"int"}]},{"name":"getReputation","parameters":[{"name":"type","type":"com.destroystokyo.paper.entity.villager.ReputationType"}],"return":"int"},{"name":"setReputation","parameters":[{"name":"type","type":"com.destroystokyo.paper.entity.villager.ReputationType"},{"name":"value","type":"int"}]},{"name":"hasReputationSet","parameters":[{"name":"type","type":"com.destroystokyo.paper.entity.villager.ReputationType"}],"return":"boolean"}],"name":"com.destroystokyo.paper.entity.villager.Reputation","simple-name":"Reputation"}