{"constructors":[{"name":"<init>","parameters":[{"name":"namespace","type":"java.lang.String"},{"name":"key","type":"java.lang.String"}]},{"name":"<init>","parameters":[{"name":"plugin","type":"org.bukkit.plugin.Plugin"},{"name":"key","type":"java.lang.String"}]}],"package":"com.destroystokyo.paper","methods":[{"name":"getClass","return":"java.lang.Class"},{"name":"notify"},{"name":"notifyAll"},{"name":"wait"},{"name":"wait","parameters":[{"name":"arg0","type":"long"}]},{"name":"wait","parameters":[{"name":"arg0","type":"long"},{"name":"arg1","type":"int"}]},{"name":"getNamespace","return":"java.lang.String"},{"name":"getKey","return":"java.lang.String"},{"name":"hashCode","return":"int"},{"name":"equals","parameters":[{"name":"obj","type":"java.lang.Object"}],"return":"boolean"},{"name":"toString","return":"java.lang.String"},{"static":true,"name":"randomKey","return":"com.destroystokyo.paper.NamespacedTag"},{"static":true,"name":"minecraft","parameters":[{"name":"key","type":"java.lang.String"}],"return":"com.destroystokyo.paper.NamespacedTag"}],"name":"com.destroystokyo.paper.NamespacedTag","simple-name":"NamespacedTag","fields":[{"static":true,"name":"MINECRAFT","type":"java.lang.String"},{"static":true,"name":"BUKKIT","type":"java.lang.String"}]}