{"package":"com.destroystokyo.paper.entity.ai","methods":[{"name":"getClass","return":"java.lang.Class"},{"name":"notify"},{"name":"notifyAll"},{"name":"wait"},{"name":"wait","parameters":[{"name":"arg0","type":"long"}]},{"name":"wait","parameters":[{"name":"arg0","type":"long"},{"name":"arg1","type":"int"}]},{"name":"getEntityClass","return":"java.lang.Class"},{"name":"getNamespacedKey","return":"org.bukkit.NamespacedKey"},{"name":"equals","parameters":[{"name":"o","type":"java.lang.Object"}],"return":"boolean"},{"name":"hashCode","return":"int"},{"name":"toString","return":"java.lang.String"},{"static":true,"name":"of","parameters":[{"name":"entityClass","type":"java.lang.Class"},{"name":"namespacedKey","type":"org.bukkit.NamespacedKey"}],"return":"com.destroystokyo.paper.entity.ai.GoalKey"}],"name":"com.destroystokyo.paper.entity.ai.GoalKey","simple-name":"GoalKey"}