{"constructors":[{"name":"<init>","parameters":[{"name":"block","type":"org.bukkit.block.Block"},{"name":"effect","type":"org.bukkit.potion.PotionEffect"},{"name":"player","type":"org.bukkit.entity.Player"},{"name":"primary","type":"boolean"}]}],"package":"com.destroystokyo.paper.event.block","methods":[{"name":"getClass","return":"java.lang.Class"},{"name":"hashCode","return":"int"},{"name":"equals","parameters":[{"name":"arg0","type":"java.lang.Object"}],"return":"boolean"},{"name":"toString","return":"java.lang.String"},{"name":"notify"},{"name":"notifyAll"},{"name":"wait"},{"name":"wait","parameters":[{"name":"arg0","type":"long"}]},{"name":"wait","parameters":[{"name":"arg0","type":"long"},{"name":"arg1","type":"int"}]},{"name":"callEvent","return":"boolean"},{"name":"getEventName","return":"java.lang.String"},{"name":"isAsynchronous","return":"boolean"},{"name":"getBlock","return":"org.bukkit.block.Block"},{"name":"isCancelled","return":"boolean"},{"name":"setCancelled","parameters":[{"name":"cancelled","type":"boolean"}]},{"name":"getEffect","return":"org.bukkit.potion.PotionEffect"},{"name":"setEffect","parameters":[{"name":"effect","type":"org.bukkit.potion.PotionEffect"}]},{"name":"getPlayer","return":"org.bukkit.entity.Player"},{"name":"isPrimary","return":"boolean"},{"name":"getHandlers","return":"org.bukkit.event.HandlerList"},{"static":true,"name":"getHandlerList","return":"org.bukkit.event.HandlerList"}],"name":"com.destroystokyo.paper.event.block.BeaconEffectEvent","simple-name":"BeaconEffectEvent"}