{
  "constructors": [{
    "name": "<init>",
    "parameters": [
      {
        "name": "respawnPlayer",
        "type": "org.bukkit.entity.Player"
      },
      {
        "name": "respawnLocation",
        "type": "org.bukkit.Location"
      },
      {
        "name": "isBedSpawn",
        "type": "boolean"
      },
      {
        "name": "isAnchorSpawn",
        "type": "boolean"
      },
      {
        "name": "missingRespawnBlock",
        "type": "boolean"
      },
      {
        "name": "respawnReason",
        "type": "org.bukkit.event.player.PlayerRespawnEvent.RespawnReason"
      }
    ]
  }],
  "package": "com.destroystokyo.paper.event.player",
  "methods": [
    {
      "name": "getClass",
      "return": "java.lang.Class"
    },
    {
      "name": "hashCode",
      "return": "int"
    },
    {
      "name": "equals",
      "parameters": [{
        "name": "arg0",
        "type": "java.lang.Object"
      }],
      "return": "boolean"
    },
    {
      "name": "toString",
      "return": "java.lang.String"
    },
    {"name": "notify"},
    {"name": "notifyAll"},
    {"name": "wait"},
    {
      "name": "wait",
      "parameters": [{
        "name": "arg0",
        "type": "long"
      }]
    },
    {
      "name": "wait",
      "parameters": [
        {
          "name": "arg0",
          "type": "long"
        },
        {
          "name": "arg1",
          "type": "int"
        }
      ]
    },
    {
      "name": "callEvent",
      "return": "boolean"
    },
    {
      "name": "getEventName",
      "return": "java.lang.String"
    },
    {
      "name": "isAsynchronous",
      "return": "boolean"
    },
    {
      "name": "getPlayer",
      "return": "org.bukkit.entity.Player"
    },
    {
      "name": "getRespawnLocation",
      "return": "org.bukkit.Location"
    },
    {
      "name": "isBedSpawn",
      "return": "boolean"
    },
    {
      "name": "isAnchorSpawn",
      "return": "boolean"
    },
    {
      "name": "isMissingRespawnBlock",
      "return": "boolean"
    },
    {
      "name": "getRespawnReason",
      "return": "org.bukkit.event.player.PlayerRespawnEvent.RespawnReason"
    },
    {
      "name": "getRespawnFlags",
      "return": "java.util.Set"
    },
    {
      "name": "getRespawnedLocation",
      "return": "org.bukkit.Location"
    },
    {
      "name": "getHandlers",
      "return": "org.bukkit.event.HandlerList"
    },
    {
      "static": true,
      "name": "getHandlerList",
      "return": "org.bukkit.event.HandlerList"
    }
  ],
  "name": "com.destroystokyo.paper.event.player.PlayerPostRespawnEvent",
  "simple-name": "PlayerPostRespawnEvent"
}