{
  "constructors": [{
    "name": "<init>",
    "parameters": [
      {
        "name": "player",
        "type": "org.bukkit.entity.Player"
      },
      {
        "name": "radius",
        "type": "byte"
      }
    ]
  }],
  "package": "com.destroystokyo.paper.event.entity",
  "methods": [
    {
      "name": "getClass",
      "return": "java.lang.Class"
    },
    {
      "name": "hashCode",
      "return": "int"
    },
    {
      "name": "equals",
      "parameters": [{
        "name": "arg0",
        "type": "java.lang.Object"
      }],
      "return": "boolean"
    },
    {
      "name": "toString",
      "return": "java.lang.String"
    },
    {"name": "notify"},
    {"name": "notifyAll"},
    {"name": "wait"},
    {
      "name": "wait",
      "parameters": [{
        "name": "arg0",
        "type": "long"
      }]
    },
    {
      "name": "wait",
      "parameters": [
        {
          "name": "arg0",
          "type": "long"
        },
        {
          "name": "arg1",
          "type": "int"
        }
      ]
    },
    {
      "name": "callEvent",
      "return": "boolean"
    },
    {
      "name": "getEventName",
      "return": "java.lang.String"
    },
    {
      "name": "isAsynchronous",
      "return": "boolean"
    },
    {
      "name": "getPlayer",
      "return": "org.bukkit.entity.Player"
    },
    {
      "name": "getSpawnRadius",
      "return": "byte"
    },
    {
      "name": "setSpawnRadius",
      "parameters": [{
        "name": "radius",
        "type": "byte"
      }]
    },
    {
      "name": "isCancelled",
      "return": "boolean"
    },
    {
      "name": "setCancelled",
      "parameters": [{
        "name": "cancel",
        "type": "boolean"
      }]
    },
    {
      "name": "getHandlers",
      "return": "org.bukkit.event.HandlerList"
    },
    {
      "static": true,
      "name": "getHandlerList",
      "return": "org.bukkit.event.HandlerList"
    }
  ],
  "name": "com.destroystokyo.paper.event.entity.PlayerNaturallySpawnCreaturesEvent",
  "simple-name": "PlayerNaturallySpawnCreaturesEvent"
}