{
  "constructors": [{
    "name": "<init>",
    "parameters": [
      {
        "name": "player",
        "type": "org.bukkit.entity.Player"
      },
      {
        "name": "slotType",
        "type": "com.destroystokyo.paper.event.player.PlayerArmorChangeEvent.SlotType"
      },
      {
        "name": "oldItem",
        "type": "org.bukkit.inventory.ItemStack"
      },
      {
        "name": "newItem",
        "type": "org.bukkit.inventory.ItemStack"
      }
    ]
  }],
  "package": "com.destroystokyo.paper.event.player",
  "methods": [
    {
      "name": "getClass",
      "return": "java.lang.Class"
    },
    {
      "name": "hashCode",
      "return": "int"
    },
    {
      "name": "equals",
      "parameters": [{
        "name": "arg0",
        "type": "java.lang.Object"
      }],
      "return": "boolean"
    },
    {
      "name": "toString",
      "return": "java.lang.String"
    },
    {"name": "notify"},
    {"name": "notifyAll"},
    {"name": "wait"},
    {
      "name": "wait",
      "parameters": [{
        "name": "arg0",
        "type": "long"
      }]
    },
    {
      "name": "wait",
      "parameters": [
        {
          "name": "arg0",
          "type": "long"
        },
        {
          "name": "arg1",
          "type": "int"
        }
      ]
    },
    {
      "name": "callEvent",
      "return": "boolean"
    },
    {
      "name": "getEventName",
      "return": "java.lang.String"
    },
    {
      "name": "isAsynchronous",
      "return": "boolean"
    },
    {
      "name": "getPlayer",
      "return": "org.bukkit.entity.Player"
    },
    {
      "name": "getSlotType",
      "return": "com.destroystokyo.paper.event.player.PlayerArmorChangeEvent.SlotType"
    },
    {
      "name": "getSlot",
      "return": "org.bukkit.inventory.EquipmentSlot"
    },
    {
      "name": "getOldItem",
      "return": "org.bukkit.inventory.ItemStack"
    },
    {
      "name": "getNewItem",
      "return": "org.bukkit.inventory.ItemStack"
    },
    {
      "name": "getHandlers",
      "return": "org.bukkit.event.HandlerList"
    },
    {
      "static": true,
      "name": "getHandlerList",
      "return": "org.bukkit.event.HandlerList"
    }
  ],
  "name": "com.destroystokyo.paper.event.player.PlayerArmorChangeEvent",
  "simple-name": "PlayerArmorChangeEvent"
}