{"package":"com.destroystokyo.paper.entity","methods":[{"name":"getClass","return":"java.lang.Class"},{"name":"hashCode","return":"int"},{"name":"equals","parameters":[{"name":"arg0","type":"java.lang.Object"}],"return":"boolean"},{"name":"toString","return":"java.lang.String"},{"name":"notify"},{"name":"notifyAll"},{"name":"wait"},{"name":"wait","parameters":[{"name":"arg0","type":"long"}]},{"name":"wait","parameters":[{"name":"arg0","type":"long"},{"name":"arg1","type":"int"}]},{"name":"getEntity","return":"org.bukkit.entity.Mob"},{"name":"stopPathfinding"},{"name":"hasPath","return":"boolean"},{"name":"getCurrentPath","return":"com.destroystokyo.paper.entity.Pathfinder.PathResult"},{"name":"findPath","parameters":[{"name":"loc","type":"org.bukkit.Location"}],"return":"com.destroystokyo.paper.entity.Pathfinder.PathResult"},{"name":"findPath","parameters":[{"name":"target","type":"org.bukkit.entity.LivingEntity"}],"return":"com.destroystokyo.paper.entity.Pathfinder.PathResult"},{"name":"moveTo","parameters":[{"name":"loc","type":"org.bukkit.Location"}],"return":"boolean"},{"name":"moveTo","parameters":[{"name":"loc","type":"org.bukkit.Location"},{"name":"speed","type":"double"}],"return":"boolean"},{"name":"moveTo","parameters":[{"name":"target","type":"org.bukkit.entity.LivingEntity"}],"return":"boolean"},{"name":"moveTo","parameters":[{"name":"target","type":"org.bukkit.entity.LivingEntity"},{"name":"speed","type":"double"}],"return":"boolean"},{"name":"moveTo","parameters":[{"name":"path","type":"com.destroystokyo.paper.entity.Pathfinder.PathResult"}],"return":"boolean"},{"name":"moveTo","parameters":[{"name":"path","type":"com.destroystokyo.paper.entity.Pathfinder.PathResult"},{"name":"speed","type":"double"}],"return":"boolean"},{"name":"canOpenDoors","return":"boolean"},{"name":"setCanOpenDoors","parameters":[{"name":"canOpenDoors","type":"boolean"}]},{"name":"canPassDoors","return":"boolean"},{"name":"setCanPassDoors","parameters":[{"name":"canPassDoors","type":"boolean"}]},{"name":"canFloat","return":"boolean"},{"name":"setCanFloat","parameters":[{"name":"canFloat","type":"boolean"}]}],"name":"com.destroystokyo.paper.entity.Pathfinder","simple-name":"Pathfinder"}