{
  "package": "com.destroystokyo.paper.event.server",
  "methods": [
    {
      "name": "getClass",
      "return": "java.lang.Class"
    },
    {
      "name": "hashCode",
      "return": "int"
    },
    {
      "name": "equals",
      "parameters": [{
        "name": "arg0",
        "type": "java.lang.Object"
      }],
      "return": "boolean"
    },
    {
      "name": "toString",
      "return": "java.lang.String"
    },
    {"name": "notify"},
    {"name": "notifyAll"},
    {"name": "wait"},
    {
      "name": "wait",
      "parameters": [{
        "name": "arg0",
        "type": "long"
      }]
    },
    {
      "name": "wait",
      "parameters": [
        {
          "name": "arg0",
          "type": "long"
        },
        {
          "name": "arg1",
          "type": "int"
        }
      ]
    },
    {
      "name": "motd",
      "parameters": [{
        "name": "motd",
        "type": "java.lang.String"
      }],
      "return": "com.destroystokyo.paper.event.server.GS4QueryEvent.QueryResponse.Builder"
    },
    {
      "name": "gameVersion",
      "parameters": [{
        "name": "gameVersion",
        "type": "java.lang.String"
      }],
      "return": "com.destroystokyo.paper.event.server.GS4QueryEvent.QueryResponse.Builder"
    },
    {
      "name": "map",
      "parameters": [{
        "name": "map",
        "type": "java.lang.String"
      }],
      "return": "com.destroystokyo.paper.event.server.GS4QueryEvent.QueryResponse.Builder"
    },
    {
      "name": "currentPlayers",
      "parameters": [{
        "name": "currentPlayers",
        "type": "int"
      }],
      "return": "com.destroystokyo.paper.event.server.GS4QueryEvent.QueryResponse.Builder"
    },
    {
      "name": "maxPlayers",
      "parameters": [{
        "name": "maxPlayers",
        "type": "int"
      }],
      "return": "com.destroystokyo.paper.event.server.GS4QueryEvent.QueryResponse.Builder"
    },
    {
      "name": "hostname",
      "parameters": [{
        "name": "hostname",
        "type": "java.lang.String"
      }],
      "return": "com.destroystokyo.paper.event.server.GS4QueryEvent.QueryResponse.Builder"
    },
    {
      "name": "port",
      "parameters": [{
        "name": "port",
        "type": "int"
      }],
      "return": "com.destroystokyo.paper.event.server.GS4QueryEvent.QueryResponse.Builder"
    },
    {
      "name": "players",
      "parameters": [{
        "name": "players",
        "type": "java.util.Collection"
      }],
      "return": "com.destroystokyo.paper.event.server.GS4QueryEvent.QueryResponse.Builder"
    },
    {
      "name": "players",
      "parameters": [{
        "name": "players",
        "type": "java.lang.String[]"
      }],
      "return": "com.destroystokyo.paper.event.server.GS4QueryEvent.QueryResponse.Builder"
    },
    {
      "name": "clearPlayers",
      "return": "com.destroystokyo.paper.event.server.GS4QueryEvent.QueryResponse.Builder"
    },
    {
      "name": "serverVersion",
      "parameters": [{
        "name": "serverVersion",
        "type": "java.lang.String"
      }],
      "return": "com.destroystokyo.paper.event.server.GS4QueryEvent.QueryResponse.Builder"
    },
    {
      "name": "plugins",
      "parameters": [{
        "name": "plugins",
        "type": "java.util.Collection"
      }],
      "return": "com.destroystokyo.paper.event.server.GS4QueryEvent.QueryResponse.Builder"
    },
    {
      "name": "plugins",
      "parameters": [{
        "name": "plugins",
        "type": "com.destroystokyo.paper.event.server.GS4QueryEvent.QueryResponse.PluginInformation[]"
      }],
      "return": "com.destroystokyo.paper.event.server.GS4QueryEvent.QueryResponse.Builder"
    },
    {
      "name": "clearPlugins",
      "return": "com.destroystokyo.paper.event.server.GS4QueryEvent.QueryResponse.Builder"
    },
    {
      "name": "build",
      "return": "com.destroystokyo.paper.event.server.GS4QueryEvent.QueryResponse"
    }
  ],
  "name": "com.destroystokyo.paper.event.server.GS4QueryEvent.QueryResponse.Builder",
  "simple-name": "Builder"
}