{
  "constructors": [{"name": "<init>"}],
  "package": "com.destroystokyo.paper",
  "methods": [
    {
      "name": "getClass",
      "return": "java.lang.Class"
    },
    {
      "name": "hashCode",
      "return": "int"
    },
    {
      "name": "equals",
      "parameters": [{
        "name": "arg0",
        "type": "java.lang.Object"
      }],
      "return": "boolean"
    },
    {
      "name": "toString",
      "return": "java.lang.String"
    },
    {"name": "notify"},
    {"name": "notifyAll"},
    {"name": "wait"},
    {
      "name": "wait",
      "parameters": [{
        "name": "arg0",
        "type": "long"
      }]
    },
    {
      "name": "wait",
      "parameters": [
        {
          "name": "arg0",
          "type": "long"
        },
        {
          "name": "arg1",
          "type": "int"
        }
      ]
    }
  ],
  "name": "com.destroystokyo.paper.MaterialTags",
  "simple-name": "MaterialTags",
  "fields": [
    {
      "static": true,
      "name": "ARROWS",
      "type": "com.destroystokyo.paper.MaterialSetTag"
    },
    {
      "static": true,
      "name": "BEDS",
      "type": "com.destroystokyo.paper.MaterialSetTag"
    },
    {
      "static": true,
      "name": "BUCKETS",
      "type": "com.destroystokyo.paper.MaterialSetTag"
    },
    {
      "static": true,
      "name": "COALS",
      "type": "com.destroystokyo.paper.MaterialSetTag"
    },
    {
      "static": true,
      "name": "COBBLESTONE_WALLS",
      "type": "com.destroystokyo.paper.MaterialSetTag"
    },
    {
      "static": true,
      "name": "COBBLESTONES",
      "type": "com.destroystokyo.paper.MaterialSetTag"
    },
    {
      "static": true,
      "name": "CONCRETES",
      "type": "com.destroystokyo.paper.MaterialSetTag"
    },
    {
      "static": true,
      "name": "CONCRETE_POWDER",
      "type": "com.destroystokyo.paper.MaterialSetTag"
    },
    {
      "static": true,
      "name": "COOKED_FISH",
      "type": "com.destroystokyo.paper.MaterialSetTag"
    },
    {
      "static": true,
      "name": "DOORS",
      "type": "com.destroystokyo.paper.MaterialSetTag"
    },
    {
      "static": true,
      "name": "DYES",
      "type": "com.destroystokyo.paper.MaterialSetTag"
    },
    {
      "static": true,
      "name": "FENCE_GATES",
      "type": "com.destroystokyo.paper.MaterialSetTag"
    },
    {
      "static": true,
      "name": "FENCES",
      "type": "com.destroystokyo.paper.MaterialSetTag"
    },
    {
      "static": true,
      "name": "FISH_BUCKETS",
      "type": "com.destroystokyo.paper.MaterialSetTag"
    },
    {
      "static": true,
      "name": "GLASS",
      "type": "com.destroystokyo.paper.MaterialSetTag"
    },
    {
      "static": true,
      "name": "GLASS_PANES",
      "type": "com.destroystokyo.paper.MaterialSetTag"
    },
    {
      "static": true,
      "name": "GLAZED_TERRACOTTA",
      "type": "com.destroystokyo.paper.MaterialSetTag"
    },
    {
      "static": true,
      "name": "STAINED_TERRACOTTA",
      "type": "com.destroystokyo.paper.MaterialSetTag"
    },
    {
      "static": true,
      "name": "TERRACOTTA",
      "type": "com.destroystokyo.paper.MaterialSetTag"
    },
    {
      "static": true,
      "name": "GOLDEN_APPLES",
      "type": "com.destroystokyo.paper.MaterialSetTag"
    },
    {
      "static": true,
      "name": "HORSE_ARMORS",
      "type": "com.destroystokyo.paper.MaterialSetTag"
    },
    {
      "static": true,
      "name": "INFESTED_BLOCKS",
      "type": "com.destroystokyo.paper.MaterialSetTag"
    },
    {
      "static": true,
      "name": "MUSHROOM_BLOCKS",
      "type": "com.destroystokyo.paper.MaterialSetTag"
    },
    {
      "static": true,
      "name": "MUSHROOMS",
      "type": "com.destroystokyo.paper.MaterialSetTag"
    },
    {
      "static": true,
      "name": "MUSIC_DISCS",
      "type": "com.destroystokyo.paper.MaterialSetTag"
    },
    {
      "static": true,
      "name": "ORES",
      "type": "com.destroystokyo.paper.MaterialSetTag"
    },
    {
      "static": true,
      "name": "PISTONS",
      "type": "com.destroystokyo.paper.MaterialSetTag"
    },
    {
      "static": true,
      "name": "POTATOES",
      "type": "com.destroystokyo.paper.MaterialSetTag"
    },
    {
      "static": true,
      "name": "PRESSURE_PLATES",
      "type": "com.destroystokyo.paper.MaterialSetTag"
    },
    {
      "static": true,
      "name": "PRISMARINE",
      "type": "com.destroystokyo.paper.MaterialSetTag"
    },
    {
      "static": true,
      "name": "PRISMARINE_SLABS",
      "type": "com.destroystokyo.paper.MaterialSetTag"
    },
    {
      "static": true,
      "name": "PRISMARINE_STAIRS",
      "type": "com.destroystokyo.paper.MaterialSetTag"
    },
    {
      "static": true,
      "name": "PUMPKINS",
      "type": "com.destroystokyo.paper.MaterialSetTag"
    },
    {
      "static": true,
      "name": "QUARTZ_BLOCKS",
      "type": "com.destroystokyo.paper.MaterialSetTag"
    },
    {
      "static": true,
      "name": "RAW_FISH",
      "type": "com.destroystokyo.paper.MaterialSetTag"
    },
    {
      "static": true,
      "name": "RED_SANDSTONES",
      "type": "com.destroystokyo.paper.MaterialSetTag"
    },
    {
      "static": true,
      "name": "SANDSTONES",
      "type": "com.destroystokyo.paper.MaterialSetTag"
    },
    {
      "static": true,
      "name": "SPONGES",
      "type": "com.destroystokyo.paper.MaterialSetTag"
    },
    {
      "static": true,
      "name": "SHULKER_BOXES",
      "type": "com.destroystokyo.paper.MaterialSetTag"
    },
    {
      "static": true,
      "name": "SKULLS",
      "type": "com.destroystokyo.paper.MaterialSetTag"
    },
    {
      "static": true,
      "name": "SPAWN_EGGS",
      "type": "com.destroystokyo.paper.MaterialSetTag"
    },
    {
      "static": true,
      "name": "STAINED_GLASS",
      "type": "com.destroystokyo.paper.MaterialSetTag"
    },
    {
      "static": true,
      "name": "STAINED_GLASS_PANES",
      "type": "com.destroystokyo.paper.MaterialSetTag"
    },
    {
      "static": true,
      "name": "TRAPDOORS",
      "type": "com.destroystokyo.paper.MaterialSetTag"
    },
    {
      "static": true,
      "name": "WOODEN_DOORS",
      "type": "com.destroystokyo.paper.MaterialSetTag"
    },
    {
      "static": true,
      "name": "WOODEN_FENCES",
      "type": "com.destroystokyo.paper.MaterialSetTag"
    },
    {
      "static": true,
      "name": "WOODEN_TRAPDOORS",
      "type": "com.destroystokyo.paper.MaterialSetTag"
    },
    {
      "static": true,
      "name": "WOODEN_GATES",
      "type": "com.destroystokyo.paper.MaterialSetTag"
    },
    {
      "static": true,
      "name": "PURPUR",
      "type": "com.destroystokyo.paper.MaterialSetTag"
    },
    {
      "static": true,
      "name": "SIGNS",
      "type": "com.destroystokyo.paper.MaterialSetTag"
    },
    {
      "static": true,
      "name": "TORCH",
      "type": "com.destroystokyo.paper.MaterialSetTag"
    },
    {
      "static": true,
      "name": "REDSTONE_TORCH",
      "type": "com.destroystokyo.paper.MaterialSetTag"
    },
    {
      "static": true,
      "name": "SOUL_TORCH",
      "type": "com.destroystokyo.paper.MaterialSetTag"
    },
    {
      "static": true,
      "name": "TORCHES",
      "type": "com.destroystokyo.paper.MaterialSetTag"
    },
    {
      "static": true,
      "name": "LANTERNS",
      "type": "com.destroystokyo.paper.MaterialSetTag"
    },
    {
      "static": true,
      "name": "RAILS",
      "type": "com.destroystokyo.paper.MaterialSetTag"
    },
    {
      "static": true,
      "name": "SWORDS",
      "type": "com.destroystokyo.paper.MaterialSetTag"
    },
    {
      "static": true,
      "name": "SHOVELS",
      "type": "com.destroystokyo.paper.MaterialSetTag"
    },
    {
      "static": true,
      "name": "PICKAXES",
      "type": "com.destroystokyo.paper.MaterialSetTag"
    },
    {
      "static": true,
      "name": "AXES",
      "type": "com.destroystokyo.paper.MaterialSetTag"
    },
    {
      "static": true,
      "name": "HOES",
      "type": "com.destroystokyo.paper.MaterialSetTag"
    },
    {
      "static": true,
      "name": "HELMETS",
      "type": "com.destroystokyo.paper.MaterialSetTag"
    },
    {
      "static": true,
      "name": "HEAD_EQUIPPABLE",
      "type": "com.destroystokyo.paper.MaterialSetTag"
    },
    {
      "static": true,
      "name": "CHESTPLATES",
      "type": "com.destroystokyo.paper.MaterialSetTag"
    },
    {
      "static": true,
      "name": "CHEST_EQUIPPABLE",
      "type": "com.destroystokyo.paper.MaterialSetTag"
    },
    {
      "static": true,
      "name": "LEGGINGS",
      "type": "com.destroystokyo.paper.MaterialSetTag"
    },
    {
      "static": true,
      "name": "BOOTS",
      "type": "com.destroystokyo.paper.MaterialSetTag"
    },
    {
      "static": true,
      "name": "ARMOR",
      "type": "com.destroystokyo.paper.MaterialSetTag"
    },
    {
      "static": true,
      "name": "BOWS",
      "type": "com.destroystokyo.paper.MaterialSetTag"
    },
    {
      "static": true,
      "name": "THROWABLE_PROJECTILES",
      "type": "com.destroystokyo.paper.MaterialSetTag"
    },
    {
      "static": true,
      "name": "COLORABLE",
      "type": "com.destroystokyo.paper.MaterialSetTag"
    },
    {
      "static": true,
      "name": "CORAL",
      "type": "com.destroystokyo.paper.MaterialSetTag"
    },
    {
      "static": true,
      "name": "CORAL_FANS",
      "type": "com.destroystokyo.paper.MaterialSetTag"
    },
    {
      "static": true,
      "name": "CORAL_BLOCKS",
      "type": "com.destroystokyo.paper.MaterialSetTag"
    },
    {
      "static": true,
      "name": "ENCHANTABLE",
      "type": "com.destroystokyo.paper.MaterialSetTag"
    },
    {
      "static": true,
      "name": "RAW_ORES",
      "type": "com.destroystokyo.paper.MaterialSetTag"
    },
    {
      "static": true,
      "name": "COMMAND_BLOCKS",
      "type": "com.destroystokyo.paper.MaterialSetTag"
    },
    {
      "static": true,
      "name": "DEEPSLATE_ORES",
      "type": "com.destroystokyo.paper.MaterialSetTag"
    },
    {
      "static": true,
      "name": "RAW_ORE_BLOCKS",
      "type": "com.destroystokyo.paper.MaterialSetTag"
    },
    {
      "static": true,
      "name": "OXIDIZED_COPPER_BLOCKS",
      "type": "com.destroystokyo.paper.MaterialSetTag"
    },
    {
      "static": true,
      "name": "WEATHERED_COPPER_BLOCKS",
      "type": "com.destroystokyo.paper.MaterialSetTag"
    },
    {
      "static": true,
      "name": "EXPOSED_COPPER_BLOCKS",
      "type": "com.destroystokyo.paper.MaterialSetTag"
    },
    {
      "static": true,
      "name": "UNAFFECTED_COPPER_BLOCKS",
      "type": "com.destroystokyo.paper.MaterialSetTag"
    },
    {
      "static": true,
      "name": "WAXED_COPPER_BLOCKS",
      "type": "com.destroystokyo.paper.MaterialSetTag"
    },
    {
      "static": true,
      "name": "UNWAXED_COPPER_BLOCKS",
      "type": "com.destroystokyo.paper.MaterialSetTag"
    },
    {
      "static": true,
      "name": "COPPER_BLOCKS",
      "type": "com.destroystokyo.paper.MaterialSetTag"
    },
    {
      "static": true,
      "name": "FULL_COPPER_BLOCKS",
      "type": "com.destroystokyo.paper.MaterialSetTag"
    },
    {
      "static": true,
      "name": "CUT_COPPER_BLOCKS",
      "type": "com.destroystokyo.paper.MaterialSetTag"
    },
    {
      "static": true,
      "name": "CUT_COPPER_STAIRS",
      "type": "com.destroystokyo.paper.MaterialSetTag"
    },
    {
      "static": true,
      "name": "CUT_COPPER_SLABS",
      "type": "com.destroystokyo.paper.MaterialSetTag"
    },
    {
      "static": true,
      "name": "WOODEN_TOOLS",
      "type": "com.destroystokyo.paper.MaterialSetTag"
    },
    {
      "static": true,
      "name": "STONE_TOOLS",
      "type": "com.destroystokyo.paper.MaterialSetTag"
    },
    {
      "static": true,
      "name": "IRON_TOOLS",
      "type": "com.destroystokyo.paper.MaterialSetTag"
    },
    {
      "static": true,
      "name": "GOLDEN_TOOLS",
      "type": "com.destroystokyo.paper.MaterialSetTag"
    },
    {
      "static": true,
      "name": "DIAMOND_TOOLS",
      "type": "com.destroystokyo.paper.MaterialSetTag"
    },
    {
      "static": true,
      "name": "NETHERITE_TOOLS",
      "type": "com.destroystokyo.paper.MaterialSetTag"
    }
  ]
}