{
  "package": "com.destroystokyo.paper.block",
  "methods": [
    {
      "name": "getClass",
      "return": "java.lang.Class"
    },
    {
      "name": "hashCode",
      "return": "int"
    },
    {
      "name": "equals",
      "parameters": [{
        "name": "arg0",
        "type": "java.lang.Object"
      }],
      "return": "boolean"
    },
    {
      "name": "toString",
      "return": "java.lang.String"
    },
    {"name": "notify"},
    {"name": "notifyAll"},
    {"name": "wait"},
    {
      "name": "wait",
      "parameters": [{
        "name": "arg0",
        "type": "long"
      }]
    },
    {
      "name": "wait",
      "parameters": [
        {
          "name": "arg0",
          "type": "long"
        },
        {
          "name": "arg1",
          "type": "int"
        }
      ]
    },
    {
      "name": "getBreakSound",
      "return": "org.bukkit.Sound"
    },
    {
      "name": "getStepSound",
      "return": "org.bukkit.Sound"
    },
    {
      "name": "getPlaceSound",
      "return": "org.bukkit.Sound"
    },
    {
      "name": "getHitSound",
      "return": "org.bukkit.Sound"
    },
    {
      "name": "getFallSound",
      "return": "org.bukkit.Sound"
    }
  ],
  "name": "com.destroystokyo.paper.block.BlockSoundGroup",
  "simple-name": "BlockSoundGroup"
}