{"constructors":[{"name":"<init>","parameters":[{"name":"block","type":"org.bukkit.block.Block"},{"name":"newState","type":"org.bukkit.block.data.BlockData"},{"name":"effectBlock","type":"org.bukkit.block.data.BlockData"},{"name":"xp","type":"int"},{"name":"willDrop","type":"boolean"}]}],"package":"com.destroystokyo.paper.event.block","methods":[{"name":"getClass","return":"java.lang.Class"},{"name":"hashCode","return":"int"},{"name":"equals","parameters":[{"name":"arg0","type":"java.lang.Object"}],"return":"boolean"},{"name":"toString","return":"java.lang.String"},{"name":"notify"},{"name":"notifyAll"},{"name":"wait"},{"name":"wait","parameters":[{"name":"arg0","type":"long"}]},{"name":"wait","parameters":[{"name":"arg0","type":"long"},{"name":"arg1","type":"int"}]},{"name":"callEvent","return":"boolean"},{"name":"getEventName","return":"java.lang.String"},{"name":"isAsynchronous","return":"boolean"},{"name":"getBlock","return":"org.bukkit.block.Block"},{"name":"getExpToDrop","return":"int"},{"name":"setExpToDrop","parameters":[{"name":"exp","type":"int"}]},{"static":true,"name":"getHandlerList","return":"org.bukkit.event.HandlerList"},{"name":"getEffectBlock","return":"org.bukkit.block.data.BlockData"},{"name":"setEffectBlock","parameters":[{"name":"effectBlock","type":"org.bukkit.block.data.BlockData"}]},{"name":"getNewState","return":"org.bukkit.block.data.BlockData"},{"name":"willDrop","return":"boolean"},{"name":"setWillDrop","parameters":[{"name":"willDrop","type":"boolean"}]},{"name":"playEffect","return":"boolean"},{"name":"setPlayEffect","parameters":[{"name":"playEffect","type":"boolean"}]},{"name":"isCancelled","return":"boolean"},{"name":"setCancelled","parameters":[{"name":"cancel","type":"boolean"}]},{"name":"getHandlers","return":"org.bukkit.event.HandlerList"},{"static":true,"name":"getHandlerList","return":"org.bukkit.event.HandlerList"}],"name":"com.destroystokyo.paper.event.block.BlockDestroyEvent","simple-name":"BlockDestroyEvent"}