{"constructors":[{"name":"<init>","parameters":[{"name":"entity","type":"org.bukkit.entity.Entity"},{"name":"bolt","type":"org.bukkit.entity.LightningStrike"},{"name":"replacementEntity","type":"org.bukkit.entity.Entity"}]}],"package":"com.destroystokyo.paper.event.entity","methods":[{"name":"getClass","return":"java.lang.Class"},{"name":"hashCode","return":"int"},{"name":"equals","parameters":[{"name":"arg0","type":"java.lang.Object"}],"return":"boolean"},{"name":"toString","return":"java.lang.String"},{"name":"notify"},{"name":"notifyAll"},{"name":"wait"},{"name":"wait","parameters":[{"name":"arg0","type":"long"}]},{"name":"wait","parameters":[{"name":"arg0","type":"long"},{"name":"arg1","type":"int"}]},{"name":"callEvent","return":"boolean"},{"name":"getEventName","return":"java.lang.String"},{"name":"isAsynchronous","return":"boolean"},{"name":"getEntity","return":"org.bukkit.entity.Entity"},{"name":"getEntityType","return":"org.bukkit.entity.EntityType"},{"name":"getTransformedEntity","return":"org.bukkit.entity.Entity"},{"name":"getTransformedEntities","return":"java.util.List"},{"name":"getTransformReason","return":"org.bukkit.event.entity.EntityTransformEvent.TransformReason"},{"static":true,"name":"getHandlerList","return":"org.bukkit.event.HandlerList"},{"name":"isCancelled","return":"boolean"},{"name":"setCancelled","parameters":[{"name":"cancel","type":"boolean"}]},{"name":"getBolt","return":"org.bukkit.entity.LightningStrike"},{"name":"getReplacementEntity","return":"org.bukkit.entity.Entity"},{"name":"getHandlers","return":"org.bukkit.event.HandlerList"},{"static":true,"name":"getHandlerList","return":"org.bukkit.event.HandlerList"}],"name":"com.destroystokyo.paper.event.entity.EntityZapEvent","simple-name":"EntityZapEvent"}