{"package":"com.destroystokyo.paper.event.server","methods":[{"name":"getClass","return":"java.lang.Class"},{"name":"hashCode","return":"int"},{"name":"equals","parameters":[{"name":"arg0","type":"java.lang.Object"}],"return":"boolean"},{"name":"toString","return":"java.lang.String"},{"name":"notify"},{"name":"notifyAll"},{"name":"wait"},{"name":"wait","parameters":[{"name":"arg0","type":"long"}]},{"name":"wait","parameters":[{"name":"arg0","type":"long"},{"name":"arg1","type":"int"}]},{"name":"getMotd","return":"java.lang.String"},{"name":"getGameVersion","return":"java.lang.String"},{"name":"getMap","return":"java.lang.String"},{"name":"getCurrentPlayers","return":"int"},{"name":"getMaxPlayers","return":"int"},{"name":"getHostname","return":"java.lang.String"},{"name":"getPort","return":"int"},{"name":"getPlayers","return":"java.util.Collection"},{"name":"getServerVersion","return":"java.lang.String"},{"name":"getPlugins","return":"java.util.Collection"},{"name":"toBuilder","return":"com.destroystokyo.paper.event.server.GS4QueryEvent.QueryResponse.Builder"},{"static":true,"name":"builder","return":"com.destroystokyo.paper.event.server.GS4QueryEvent.QueryResponse.Builder"}],"name":"com.destroystokyo.paper.event.server.GS4QueryEvent.QueryResponse","simple-name":"QueryResponse"}