{"constructors":[{"name":"<init>","parameters":[{"name":"location","type":"org.bukkit.Location"},{"name":"type","type":"org.bukkit.entity.EntityType"},{"name":"spawnerLocation","type":"org.bukkit.Location"}]}],"package":"com.destroystokyo.paper.event.entity","methods":[{"name":"getClass","return":"java.lang.Class"},{"name":"hashCode","return":"int"},{"name":"equals","parameters":[{"name":"arg0","type":"java.lang.Object"}],"return":"boolean"},{"name":"toString","return":"java.lang.String"},{"name":"notify"},{"name":"notifyAll"},{"name":"wait"},{"name":"wait","parameters":[{"name":"arg0","type":"long"}]},{"name":"wait","parameters":[{"name":"arg0","type":"long"},{"name":"arg1","type":"int"}]},{"name":"callEvent","return":"boolean"},{"name":"getEventName","return":"java.lang.String"},{"name":"isAsynchronous","return":"boolean"},{"name":"getSpawnLocation","return":"org.bukkit.Location"},{"name":"getType","return":"org.bukkit.entity.EntityType"},{"name":"getReason","return":"org.bukkit.event.entity.CreatureSpawnEvent.SpawnReason"},{"name":"shouldAbortSpawn","return":"boolean"},{"name":"setShouldAbortSpawn","parameters":[{"name":"shouldAbortSpawn","type":"boolean"}]},{"name":"isCancelled","return":"boolean"},{"name":"setCancelled","parameters":[{"name":"cancel","type":"boolean"}]},{"name":"getHandlers","return":"org.bukkit.event.HandlerList"},{"static":true,"name":"getHandlerList","return":"org.bukkit.event.HandlerList"},{"name":"getSpawnerLocation","return":"org.bukkit.Location"}],"name":"com.destroystokyo.paper.event.entity.PreSpawnerSpawnEvent","simple-name":"PreSpawnerSpawnEvent"}