{"constructors":[{"name":"<init>","parameters":[{"name":"theBlock","type":"org.bukkit.block.Block"},{"name":"reason","type":"com.destroystokyo.paper.event.block.TNTPrimeEvent.PrimeReason"},{"name":"primerEntity","type":"org.bukkit.entity.Entity"}]}],"package":"com.destroystokyo.paper.event.block","methods":[{"name":"getClass","return":"java.lang.Class"},{"name":"hashCode","return":"int"},{"name":"equals","parameters":[{"name":"arg0","type":"java.lang.Object"}],"return":"boolean"},{"name":"toString","return":"java.lang.String"},{"name":"notify"},{"name":"notifyAll"},{"name":"wait"},{"name":"wait","parameters":[{"name":"arg0","type":"long"}]},{"name":"wait","parameters":[{"name":"arg0","type":"long"},{"name":"arg1","type":"int"}]},{"name":"callEvent","return":"boolean"},{"name":"getEventName","return":"java.lang.String"},{"name":"isAsynchronous","return":"boolean"},{"name":"getBlock","return":"org.bukkit.block.Block"},{"name":"getReason","return":"com.destroystokyo.paper.event.block.TNTPrimeEvent.PrimeReason"},{"name":"getPrimerEntity","return":"org.bukkit.entity.Entity"},{"name":"isCancelled","return":"boolean"},{"name":"setCancelled","parameters":[{"name":"cancel","type":"boolean"}]},{"name":"getHandlers","return":"org.bukkit.event.HandlerList"},{"static":true,"name":"getHandlerList","return":"org.bukkit.event.HandlerList"}],"name":"com.destroystokyo.paper.event.block.TNTPrimeEvent","simple-name":"TNTPrimeEvent"}