{
  "constructors": [{"name": "<init>"}],
  "package": "com.destroystokyo.paper",
  "methods": [
    {
      "name": "getClass",
      "return": "java.lang.Class"
    },
    {
      "name": "hashCode",
      "return": "int"
    },
    {
      "name": "equals",
      "parameters": [{
        "name": "arg0",
        "type": "java.lang.Object"
      }],
      "return": "boolean"
    },
    {
      "name": "toString",
      "return": "java.lang.String"
    },
    {"name": "notify"},
    {"name": "notifyAll"},
    {"name": "wait"},
    {
      "name": "wait",
      "parameters": [{
        "name": "arg0",
        "type": "long"
      }]
    },
    {
      "name": "wait",
      "parameters": [
        {
          "name": "arg0",
          "type": "long"
        },
        {
          "name": "arg1",
          "type": "int"
        }
      ]
    },
    {
      "name": "title",
      "parameters": [{
        "name": "title",
        "type": "net.md_5.bungee.api.chat.BaseComponent"
      }],
      "return": "com.destroystokyo.paper.Title.Builder"
    },
    {
      "name": "title",
      "parameters": [{
        "name": "title",
        "type": "net.md_5.bungee.api.chat.BaseComponent[]"
      }],
      "return": "com.destroystokyo.paper.Title.Builder"
    },
    {
      "name": "title",
      "parameters": [{
        "name": "title",
        "type": "java.lang.String"
      }],
      "return": "com.destroystokyo.paper.Title.Builder"
    },
    {
      "name": "subtitle",
      "parameters": [{
        "name": "subtitle",
        "type": "net.md_5.bungee.api.chat.BaseComponent"
      }],
      "return": "com.destroystokyo.paper.Title.Builder"
    },
    {
      "name": "subtitle",
      "parameters": [{
        "name": "subtitle",
        "type": "net.md_5.bungee.api.chat.BaseComponent[]"
      }],
      "return": "com.destroystokyo.paper.Title.Builder"
    },
    {
      "name": "subtitle",
      "parameters": [{
        "name": "subtitle",
        "type": "java.lang.String"
      }],
      "return": "com.destroystokyo.paper.Title.Builder"
    },
    {
      "name": "fadeIn",
      "parameters": [{
        "name": "fadeIn",
        "type": "int"
      }],
      "return": "com.destroystokyo.paper.Title.Builder"
    },
    {
      "name": "stay",
      "parameters": [{
        "name": "stay",
        "type": "int"
      }],
      "return": "com.destroystokyo.paper.Title.Builder"
    },
    {
      "name": "fadeOut",
      "parameters": [{
        "name": "fadeOut",
        "type": "int"
      }],
      "return": "com.destroystokyo.paper.Title.Builder"
    },
    {
      "name": "build",
      "return": "com.destroystokyo.paper.Title"
    }
  ],
  "name": "com.destroystokyo.paper.Title.Builder",
  "simple-name": "Builder"
}