{"constructors":[{"name":"<init>","parameters":[{"name":"egg","type":"org.bukkit.entity.Egg"},{"name":"hatching","type":"boolean"},{"name":"numHatches","type":"byte"},{"name":"hatchingType","type":"org.bukkit.entity.EntityType"}]}],"package":"com.destroystokyo.paper.event.entity","methods":[{"name":"getClass","return":"java.lang.Class"},{"name":"hashCode","return":"int"},{"name":"equals","parameters":[{"name":"arg0","type":"java.lang.Object"}],"return":"boolean"},{"name":"toString","return":"java.lang.String"},{"name":"notify"},{"name":"notifyAll"},{"name":"wait"},{"name":"wait","parameters":[{"name":"arg0","type":"long"}]},{"name":"wait","parameters":[{"name":"arg0","type":"long"},{"name":"arg1","type":"int"}]},{"name":"callEvent","return":"boolean"},{"name":"getEventName","return":"java.lang.String"},{"name":"isAsynchronous","return":"boolean"},{"name":"getEgg","return":"org.bukkit.entity.Egg"},{"name":"isHatching","return":"boolean"},{"name":"setHatching","parameters":[{"name":"hatching","type":"boolean"}]},{"name":"getHatchingType","return":"org.bukkit.entity.EntityType"},{"name":"setHatchingType","parameters":[{"name":"hatchType","type":"org.bukkit.entity.EntityType"}]},{"name":"getNumHatches","return":"byte"},{"name":"setNumHatches","parameters":[{"name":"numHatches","type":"byte"}]},{"name":"getHandlers","return":"org.bukkit.event.HandlerList"},{"static":true,"name":"getHandlerList","return":"org.bukkit.event.HandlerList"}],"name":"com.destroystokyo.paper.event.entity.ThrownEggHatchEvent","simple-name":"ThrownEggHatchEvent"}