{"package":"com.destroystokyo.paper.inventory.meta","methods":[{"name":"getClass","return":"java.lang.Class"},{"name":"hashCode","return":"int"},{"name":"equals","parameters":[{"name":"arg0","type":"java.lang.Object"}],"return":"boolean"},{"name":"toString","return":"java.lang.String"},{"name":"notify"},{"name":"notifyAll"},{"name":"wait"},{"name":"wait","parameters":[{"name":"arg0","type":"long"}]},{"name":"wait","parameters":[{"name":"arg0","type":"long"},{"name":"arg1","type":"int"}]},{"name":"serialize","return":"java.util.Map"},{"name":"getPersistentDataContainer","return":"org.bukkit.persistence.PersistentDataContainer"},{"name":"hasDisplayName","return":"boolean"},{"name":"displayName","return":"net.kyori.adventure.text.Component"},{"name":"displayName","parameters":[{"name":"displayName","type":"net.kyori.adventure.text.Component"}]},{"name":"getDisplayName","return":"java.lang.String"},{"name":"getDisplayNameComponent","return":"net.md_5.bungee.api.chat.BaseComponent[]"},{"name":"setDisplayName","parameters":[{"name":"name","type":"java.lang.String"}]},{"name":"setDisplayNameComponent","parameters":[{"name":"component","type":"net.md_5.bungee.api.chat.BaseComponent[]"}]},{"name":"hasItemName","return":"boolean"},{"name":"itemName","return":"net.kyori.adventure.text.Component"},{"name":"itemName","parameters":[{"name":"name","type":"net.kyori.adventure.text.Component"}]},{"name":"getItemName","return":"java.lang.String"},{"name":"setItemName","parameters":[{"name":"name","type":"java.lang.String"}]},{"name":"hasLocalizedName","return":"boolean"},{"name":"getLocalizedName","return":"java.lang.String"},{"name":"setLocalizedName","parameters":[{"name":"name","type":"java.lang.String"}]},{"name":"hasLore","return":"boolean"},{"name":"lore","return":"java.util.List"},{"name":"lore","parameters":[{"name":"lore","type":"java.util.List"}]},{"name":"getLore","return":"java.util.List"},{"name":"getLoreComponents","return":"java.util.List"},{"name":"setLore","parameters":[{"name":"lore","type":"java.util.List"}]},{"name":"setLoreComponents","parameters":[{"name":"lore","type":"java.util.List"}]},{"name":"hasCustomModelData","return":"boolean"},{"name":"getCustomModelData","return":"int"},{"name":"setCustomModelData","parameters":[{"name":"data","type":"java.lang.Integer"}]},{"name":"hasEnchants","return":"boolean"},{"name":"hasEnchant","parameters":[{"name":"ench","type":"org.bukkit.enchantments.Enchantment"}],"return":"boolean"},{"name":"getEnchantLevel","parameters":[{"name":"ench","type":"org.bukkit.enchantments.Enchantment"}],"return":"int"},{"name":"getEnchants","return":"java.util.Map"},{"name":"addEnchant","parameters":[{"name":"ench","type":"org.bukkit.enchantments.Enchantment"},{"name":"level","type":"int"},{"name":"ignoreLevelRestriction","type":"boolean"}],"return":"boolean"},{"name":"removeEnchant","parameters":[{"name":"ench","type":"org.bukkit.enchantments.Enchantment"}],"return":"boolean"},{"name":"removeEnchantments"},{"name":"hasConflictingEnchant","parameters":[{"name":"ench","type":"org.bukkit.enchantments.Enchantment"}],"return":"boolean"},{"name":"addItemFlags","parameters":[{"name":"itemFlags","type":"org.bukkit.inventory.ItemFlag[]"}]},{"name":"removeItemFlags","parameters":[{"name":"itemFlags","type":"org.bukkit.inventory.ItemFlag[]"}]},{"name":"getItemFlags","return":"java.util.Set"},{"name":"hasItemFlag","parameters":[{"name":"flag","type":"org.bukkit.inventory.ItemFlag"}],"return":"boolean"},{"name":"isHideTooltip","return":"boolean"},{"name":"setHideTooltip","parameters":[{"name":"hideTooltip","type":"boolean"}]},{"name":"isUnbreakable","return":"boolean"},{"name":"setUnbreakable","parameters":[{"name":"unbreakable","type":"boolean"}]},{"name":"hasEnchantmentGlintOverride","return":"boolean"},{"name":"getEnchantmentGlintOverride","return":"java.lang.Boolean"},{"name":"setEnchantmentGlintOverride","parameters":[{"name":"override","type":"java.lang.Boolean"}]},{"name":"isFireResistant","return":"boolean"},{"name":"setFireResistant","parameters":[{"name":"fireResistant","type":"boolean"}]},{"name":"hasMaxStackSize","return":"boolean"},{"name":"getMaxStackSize","return":"int"},{"name":"setMaxStackSize","parameters":[{"name":"max","type":"java.lang.Integer"}]},{"name":"hasRarity","return":"boolean"},{"name":"getRarity","return":"org.bukkit.inventory.ItemRarity"},{"name":"setRarity","parameters":[{"name":"rarity","type":"org.bukkit.inventory.ItemRarity"}]},{"name":"hasFood","return":"boolean"},{"name":"getFood","return":"org.bukkit.inventory.meta.components.FoodComponent"},{"name":"setFood","parameters":[{"name":"food","type":"org.bukkit.inventory.meta.components.FoodComponent"}]},{"name":"hasTool","return":"boolean"},{"name":"getTool","return":"org.bukkit.inventory.meta.components.ToolComponent"},{"name":"setTool","parameters":[{"name":"tool","type":"org.bukkit.inventory.meta.components.ToolComponent"}]},{"name":"hasJukeboxPlayable","return":"boolean"},{"name":"getJukeboxPlayable","return":"org.bukkit.inventory.meta.components.JukeboxPlayableComponent"},{"name":"setJukeboxPlayable","parameters":[{"name":"jukeboxPlayable","type":"org.bukkit.inventory.meta.components.JukeboxPlayableComponent"}]},{"name":"hasAttributeModifiers","return":"boolean"},{"name":"getAttributeModifiers","return":"com.google.common.collect.Multimap"},{"name":"getAttributeModifiers","parameters":[{"name":"slot","type":"org.bukkit.inventory.EquipmentSlot"}],"return":"com.google.common.collect.Multimap"},{"name":"getAttributeModifiers","parameters":[{"name":"attribute","type":"org.bukkit.attribute.Attribute"}],"return":"java.util.Collection"},{"name":"addAttributeModifier","parameters":[{"name":"attribute","type":"org.bukkit.attribute.Attribute"},{"name":"modifier","type":"org.bukkit.attribute.AttributeModifier"}],"return":"boolean"},{"name":"setAttributeModifiers","parameters":[{"name":"attributeModifiers","type":"com.google.common.collect.Multimap"}]},{"name":"removeAttributeModifier","parameters":[{"name":"attribute","type":"org.bukkit.attribute.Attribute"}],"return":"boolean"},{"name":"removeAttributeModifier","parameters":[{"name":"slot","type":"org.bukkit.inventory.EquipmentSlot"}],"return":"boolean"},{"name":"removeAttributeModifier","parameters":[{"name":"attribute","type":"org.bukkit.attribute.Attribute"},{"name":"modifier","type":"org.bukkit.attribute.AttributeModifier"}],"return":"boolean"},{"name":"getAsString","return":"java.lang.String"},{"name":"getAsComponentString","return":"java.lang.String"},{"name":"getCustomTagContainer","return":"org.bukkit.inventory.meta.tags.CustomItemTagContainer"},{"name":"setVersion","parameters":[{"name":"version","type":"int"}]},{"name":"clone","return":"org.bukkit.inventory.meta.ItemMeta"},{"name":"isInvisible","return":"boolean"},{"name":"hasNoBasePlate","return":"boolean"},{"name":"shouldShowArms","return":"boolean"},{"name":"isSmall","return":"boolean"},{"name":"isMarker","return":"boolean"},{"name":"setInvisible","parameters":[{"name":"invisible","type":"boolean"}]},{"name":"setNoBasePlate","parameters":[{"name":"noBasePlate","type":"boolean"}]},{"name":"setShowArms","parameters":[{"name":"showArms","type":"boolean"}]},{"name":"setSmall","parameters":[{"name":"small","type":"boolean"}]},{"name":"setMarker","parameters":[{"name":"marker","type":"boolean"}]}],"name":"com.destroystokyo.paper.inventory.meta.ArmorStandMeta","simple-name":"ArmorStandMeta"}