{
  "constructors": [{
    "name": "<init>",
    "parameters": [
      {
        "name": "tickNumber",
        "type": "int"
      },
      {
        "name": "tickDuration",
        "type": "double"
      },
      {
        "name": "timeRemaining",
        "type": "long"
      }
    ]
  }],
  "package": "com.destroystokyo.paper.event.server",
  "methods": [
    {
      "name": "getClass",
      "return": "java.lang.Class"
    },
    {
      "name": "hashCode",
      "return": "int"
    },
    {
      "name": "equals",
      "parameters": [{
        "name": "arg0",
        "type": "java.lang.Object"
      }],
      "return": "boolean"
    },
    {
      "name": "toString",
      "return": "java.lang.String"
    },
    {"name": "notify"},
    {"name": "notifyAll"},
    {"name": "wait"},
    {
      "name": "wait",
      "parameters": [{
        "name": "arg0",
        "type": "long"
      }]
    },
    {
      "name": "wait",
      "parameters": [
        {
          "name": "arg0",
          "type": "long"
        },
        {
          "name": "arg1",
          "type": "int"
        }
      ]
    },
    {
      "name": "callEvent",
      "return": "boolean"
    },
    {
      "name": "getEventName",
      "return": "java.lang.String"
    },
    {
      "name": "isAsynchronous",
      "return": "boolean"
    },
    {
      "name": "getTickNumber",
      "return": "int"
    },
    {
      "name": "getTickDuration",
      "return": "double"
    },
    {
      "name": "getTimeRemaining",
      "return": "long"
    },
    {
      "name": "getHandlers",
      "return": "org.bukkit.event.HandlerList"
    },
    {
      "static": true,
      "name": "getHandlerList",
      "return": "org.bukkit.event.HandlerList"
    }
  ],
  "name": "com.destroystokyo.paper.event.server.ServerTickEndEvent",
  "simple-name": "ServerTickEndEvent"
}