{"constructors":[{"name":"<init>","parameters":[{"name":"name","type":"java.lang.String"}]}],"package":"com.destroystokyo.paper.event.profile","methods":[{"name":"getClass","return":"java.lang.Class"},{"name":"hashCode","return":"int"},{"name":"equals","parameters":[{"name":"arg0","type":"java.lang.Object"}],"return":"boolean"},{"name":"toString","return":"java.lang.String"},{"name":"notify"},{"name":"notifyAll"},{"name":"wait"},{"name":"wait","parameters":[{"name":"arg0","type":"long"}]},{"name":"wait","parameters":[{"name":"arg0","type":"long"},{"name":"arg1","type":"int"}]},{"name":"callEvent","return":"boolean"},{"name":"getEventName","return":"java.lang.String"},{"name":"isAsynchronous","return":"boolean"},{"name":"getName","return":"java.lang.String"},{"name":"getUUID","return":"java.util.UUID"},{"name":"setUUID","parameters":[{"name":"uuid","type":"java.util.UUID"}]},{"name":"getProfileProperties","return":"java.util.Set"},{"name":"setProfileProperties","parameters":[{"name":"properties","type":"java.util.Set"}]},{"name":"addProfileProperties","parameters":[{"name":"properties","type":"java.util.Set"}]},{"name":"getHandlers","return":"org.bukkit.event.HandlerList"},{"static":true,"name":"getHandlerList","return":"org.bukkit.event.HandlerList"}],"name":"com.destroystokyo.paper.event.profile.PreLookupProfileEvent","simple-name":"PreLookupProfileEvent"}