{
  "constructors": [
    {
      "name": "<init>",
      "parameters": [
        {
          "name": "message",
          "type": "java.lang.String"
        },
        {
          "name": "cause",
          "type": "java.lang.Throwable"
        },
        {
          "name": "responsiblePlugin",
          "type": "org.bukkit.plugin.Plugin"
        }
      ]
    },
    {
      "name": "<init>",
      "parameters": [
        {
          "name": "cause",
          "type": "java.lang.Throwable"
        },
        {
          "name": "responsiblePlugin",
          "type": "org.bukkit.plugin.Plugin"
        }
      ]
    }
  ],
  "package": "com.destroystokyo.paper.exception",
  "methods": [
    {
      "name": "getClass",
      "return": "java.lang.Class"
    },
    {
      "name": "hashCode",
      "return": "int"
    },
    {
      "name": "equals",
      "parameters": [{
        "name": "arg0",
        "type": "java.lang.Object"
      }],
      "return": "boolean"
    },
    {"name": "notify"},
    {"name": "notifyAll"},
    {"name": "wait"},
    {
      "name": "wait",
      "parameters": [{
        "name": "arg0",
        "type": "long"
      }]
    },
    {
      "name": "wait",
      "parameters": [
        {
          "name": "arg0",
          "type": "long"
        },
        {
          "name": "arg1",
          "type": "int"
        }
      ]
    },
    {
      "name": "getMessage",
      "return": "java.lang.String"
    },
    {
      "name": "getLocalizedMessage",
      "return": "java.lang.String"
    },
    {
      "name": "getCause",
      "return": "java.lang.Throwable"
    },
    {
      "name": "initCause",
      "parameters": [{
        "name": "arg0",
        "type": "java.lang.Throwable"
      }],
      "return": "java.lang.Throwable"
    },
    {
      "name": "toString",
      "return": "java.lang.String"
    },
    {"name": "printStackTrace"},
    {
      "name": "printStackTrace",
      "parameters": [{
        "name": "arg0",
        "type": "java.io.PrintStream"
      }]
    },
    {
      "name": "printStackTrace",
      "parameters": [{
        "name": "arg0",
        "type": "java.io.PrintWriter"
      }]
    },
    {
      "name": "fillInStackTrace",
      "return": "java.lang.Throwable"
    },
    {
      "name": "getStackTrace",
      "return": "java.lang.StackTraceElement[]"
    },
    {
      "name": "setStackTrace",
      "parameters": [{
        "name": "arg0",
        "type": "java.lang.StackTraceElement[]"
      }]
    },
    {
      "name": "addSuppressed",
      "parameters": [{
        "name": "arg0",
        "type": "java.lang.Throwable"
      }]
    },
    {
      "name": "getSuppressed",
      "return": "java.lang.Throwable[]"
    },
    {
      "name": "getResponsiblePlugin",
      "return": "org.bukkit.plugin.Plugin"
    }
  ],
  "name": "com.destroystokyo.paper.exception.ServerPluginEnableDisableException",
  "simple-name": "ServerPluginEnableDisableException"
}