{
  "constructors": [{"name": "<init>"}],
  "package": "com.destroystokyo.paper.util",
  "methods": [
    {
      "name": "getClass",
      "return": "java.lang.Class"
    },
    {
      "name": "hashCode",
      "return": "int"
    },
    {
      "name": "equals",
      "parameters": [{
        "name": "arg0",
        "type": "java.lang.Object"
      }],
      "return": "boolean"
    },
    {
      "name": "toString",
      "return": "java.lang.String"
    },
    {"name": "notify"},
    {"name": "notifyAll"},
    {"name": "wait"},
    {
      "name": "wait",
      "parameters": [{
        "name": "arg0",
        "type": "long"
      }]
    },
    {
      "name": "wait",
      "parameters": [
        {
          "name": "arg0",
          "type": "long"
        },
        {
          "name": "arg1",
          "type": "int"
        }
      ]
    },
    {
      "name": "getVersionMessage",
      "parameters": [{
        "name": "serverVersion",
        "type": "java.lang.String"
      }],
      "return": "net.kyori.adventure.text.Component"
    },
    {
      "name": "getCacheTime",
      "return": "long"
    },
    {
      "name": "getVersionMessage",
      "return": "net.kyori.adventure.text.Component"
    }
  ],
  "name": "com.destroystokyo.paper.util.VersionFetcher.DummyVersionFetcher",
  "simple-name": "DummyVersionFetcher"
}