{"package":"com.destroystokyo.paper.brigadier","methods":[{"name":"getClass","return":"java.lang.Class"},{"name":"hashCode","return":"int"},{"name":"equals","parameters":[{"name":"arg0","type":"java.lang.Object"}],"return":"boolean"},{"name":"toString","return":"java.lang.String"},{"name":"notify"},{"name":"notifyAll"},{"name":"wait"},{"name":"wait","parameters":[{"name":"arg0","type":"long"}]},{"name":"wait","parameters":[{"name":"arg0","type":"long"},{"name":"arg1","type":"int"}]},{"name":"test","parameters":[{"name":"arg0","type":"java.lang.Object"}],"return":"boolean"},{"name":"and","parameters":[{"name":"arg0","type":"java.util.function.Predicate"}],"return":"java.util.function.Predicate"},{"name":"negate","return":"java.util.function.Predicate"},{"name":"or","parameters":[{"name":"arg0","type":"java.util.function.Predicate"}],"return":"java.util.function.Predicate"},{"name":"getSuggestions","parameters":[{"name":"arg0","type":"com.mojang.brigadier.context.CommandContext"},{"name":"arg1","type":"com.mojang.brigadier.suggestion.SuggestionsBuilder"}],"return":"java.util.concurrent.CompletableFuture"},{"name":"run","parameters":[{"name":"arg0","type":"com.mojang.brigadier.context.CommandContext"}],"return":"int"}],"name":"com.destroystokyo.paper.brigadier.BukkitBrigadierCommand","simple-name":"BukkitBrigadierCommand","fields":[{"static":true,"name":"SINGLE_SUCCESS","type":"int"}]}