{
  "constructors": [{
    "name": "<init>",
    "parameters": [
      {
        "name": "name",
        "type": "java.lang.String"
      },
      {
        "name": "id",
        "type": "java.util.UUID"
      }
    ]
  }],
  "package": "com.destroystokyo.paper.event.server",
  "methods": [
    {
      "name": "getClass",
      "return": "java.lang.Class"
    },
    {"name": "notify"},
    {"name": "notifyAll"},
    {"name": "wait"},
    {
      "name": "wait",
      "parameters": [{
        "name": "arg0",
        "type": "long"
      }]
    },
    {
      "name": "wait",
      "parameters": [
        {
          "name": "arg0",
          "type": "long"
        },
        {
          "name": "arg1",
          "type": "int"
        }
      ]
    },
    {
      "name": "toString",
      "return": "java.lang.String"
    },
    {
      "name": "hashCode",
      "return": "int"
    },
    {
      "name": "equals",
      "parameters": [{
        "name": "o",
        "type": "java.lang.Object"
      }],
      "return": "boolean"
    },
    {
      "name": "name",
      "return": "java.lang.String"
    },
    {
      "name": "id",
      "return": "java.util.UUID"
    }
  ],
  "name": "com.destroystokyo.paper.event.server.PaperServerListPingEvent.ListedPlayerInfo",
  "simple-name": "ListedPlayerInfo"
}