{"constructors":[{"name":"<init>","parameters":[{"name":"player","type":"org.bukkit.entity.Player"},{"name":"suggestions","type":"com.mojang.brigadier.suggestion.Suggestions"},{"name":"buffer","type":"java.lang.String"}]}],"package":"com.destroystokyo.paper.event.brigadier","methods":[{"name":"getClass","return":"java.lang.Class"},{"name":"hashCode","return":"int"},{"name":"equals","parameters":[{"name":"arg0","type":"java.lang.Object"}],"return":"boolean"},{"name":"toString","return":"java.lang.String"},{"name":"notify"},{"name":"notifyAll"},{"name":"wait"},{"name":"wait","parameters":[{"name":"arg0","type":"long"}]},{"name":"wait","parameters":[{"name":"arg0","type":"long"},{"name":"arg1","type":"int"}]},{"name":"callEvent","return":"boolean"},{"name":"getEventName","return":"java.lang.String"},{"name":"isAsynchronous","return":"boolean"},{"name":"getPlayer","return":"org.bukkit.entity.Player"},{"name":"getBuffer","return":"java.lang.String"},{"name":"getSuggestions","return":"com.mojang.brigadier.suggestion.Suggestions"},{"name":"setSuggestions","parameters":[{"name":"suggestions","type":"com.mojang.brigadier.suggestion.Suggestions"}]},{"name":"isCancelled","return":"boolean"},{"name":"setCancelled","parameters":[{"name":"cancel","type":"boolean"}]},{"name":"getHandlers","return":"org.bukkit.event.HandlerList"},{"static":true,"name":"getHandlerList","return":"org.bukkit.event.HandlerList"}],"name":"com.destroystokyo.paper.event.brigadier.AsyncPlayerSendSuggestionsEvent","simple-name":"AsyncPlayerSendSuggestionsEvent"}