{"package":"com.destroystokyo.paper.event.server","methods":[{"name":"getClass","return":"java.lang.Class"},{"name":"notify"},{"name":"notifyAll"},{"name":"wait"},{"name":"wait","parameters":[{"name":"arg0","type":"long"}]},{"name":"wait","parameters":[{"name":"arg0","type":"long"},{"name":"arg1","type":"int"}]},{"name":"name","return":"java.lang.String"},{"name":"ordinal","return":"int"},{"name":"toString","return":"java.lang.String"},{"name":"equals","parameters":[{"name":"arg0","type":"java.lang.Object"}],"return":"boolean"},{"name":"hashCode","return":"int"},{"name":"compareTo","parameters":[{"name":"arg0","type":"java.lang.Enum"}],"return":"int"},{"name":"getDeclaringClass","return":"java.lang.Class"},{"name":"describeConstable","return":"java.util.Optional"},{"static":true,"name":"valueOf","parameters":[{"name":"arg0","type":"java.lang.Class"},{"name":"arg1","type":"java.lang.String"}],"return":"java.lang.Enum"},{"static":true,"name":"values","return":"com.destroystokyo.paper.event.server.GS4QueryEvent.QueryType[]"},{"static":true,"name":"valueOf","parameters":[{"name":"name","type":"java.lang.String"}],"return":"com.destroystokyo.paper.event.server.GS4QueryEvent.QueryType"}],"name":"com.destroystokyo.paper.event.server.GS4QueryEvent.QueryType","simple-name":"QueryType","fields":[{"static":true,"name":"BASIC","type":"com.destroystokyo.paper.event.server.GS4QueryEvent.QueryType"},{"static":true,"name":"FULL","type":"com.destroystokyo.paper.event.server.GS4QueryEvent.QueryType"}]}