{
  "constructors": [
    {
      "name": "<init>",
      "parameters": [
        {
          "name": "originalHandshake",
          "type": "java.lang.String"
        },
        {
          "name": "cancelled",
          "type": "boolean"
        }
      ]
    },
    {
      "name": "<init>",
      "parameters": [
        {
          "name": "originalHandshake",
          "type": "java.lang.String"
        },
        {
          "name": "originalSocketAddressHostname",
          "type": "java.lang.String"
        },
        {
          "name": "cancelled",
          "type": "boolean"
        }
      ]
    }
  ],
  "package": "com.destroystokyo.paper.event.player",
  "methods": [
    {
      "name": "getClass",
      "return": "java.lang.Class"
    },
    {
      "name": "hashCode",
      "return": "int"
    },
    {
      "name": "equals",
      "parameters": [{
        "name": "arg0",
        "type": "java.lang.Object"
      }],
      "return": "boolean"
    },
    {
      "name": "toString",
      "return": "java.lang.String"
    },
    {"name": "notify"},
    {"name": "notifyAll"},
    {"name": "wait"},
    {
      "name": "wait",
      "parameters": [{
        "name": "arg0",
        "type": "long"
      }]
    },
    {
      "name": "wait",
      "parameters": [
        {
          "name": "arg0",
          "type": "long"
        },
        {
          "name": "arg1",
          "type": "int"
        }
      ]
    },
    {
      "name": "callEvent",
      "return": "boolean"
    },
    {
      "name": "getEventName",
      "return": "java.lang.String"
    },
    {
      "name": "isAsynchronous",
      "return": "boolean"
    },
    {
      "name": "isCancelled",
      "return": "boolean"
    },
    {
      "name": "setCancelled",
      "parameters": [{
        "name": "cancel",
        "type": "boolean"
      }]
    },
    {
      "name": "getOriginalHandshake",
      "return": "java.lang.String"
    },
    {
      "name": "getOriginalSocketAddressHostname",
      "return": "java.lang.String"
    },
    {
      "name": "getServerHostname",
      "return": "java.lang.String"
    },
    {
      "name": "setServerHostname",
      "parameters": [{
        "name": "serverHostname",
        "type": "java.lang.String"
      }]
    },
    {
      "name": "getSocketAddressHostname",
      "return": "java.lang.String"
    },
    {
      "name": "setSocketAddressHostname",
      "parameters": [{
        "name": "socketAddressHostname",
        "type": "java.lang.String"
      }]
    },
    {
      "name": "getUniqueId",
      "return": "java.util.UUID"
    },
    {
      "name": "setUniqueId",
      "parameters": [{
        "name": "uniqueId",
        "type": "java.util.UUID"
      }]
    },
    {
      "name": "getPropertiesJson",
      "return": "java.lang.String"
    },
    {
      "name": "isFailed",
      "return": "boolean"
    },
    {
      "name": "setFailed",
      "parameters": [{
        "name": "failed",
        "type": "boolean"
      }]
    },
    {
      "name": "setPropertiesJson",
      "parameters": [{
        "name": "propertiesJson",
        "type": "java.lang.String"
      }]
    },
    {
      "name": "failMessage",
      "return": "net.kyori.adventure.text.Component"
    },
    {
      "name": "failMessage",
      "parameters": [{
        "name": "failMessage",
        "type": "net.kyori.adventure.text.Component"
      }]
    },
    {
      "name": "getFailMessage",
      "return": "java.lang.String"
    },
    {
      "name": "setFailMessage",
      "parameters": [{
        "name": "failMessage",
        "type": "java.lang.String"
      }]
    },
    {
      "name": "getHandlers",
      "return": "org.bukkit.event.HandlerList"
    },
    {
      "static": true,
      "name": "getHandlerList",
      "return": "org.bukkit.event.HandlerList"
    }
  ],
  "name": "com.destroystokyo.paper.event.player.PlayerHandshakeEvent",
  "simple-name": "PlayerHandshakeEvent"
}