{
  "constructors": [
    {
      "name": "<init>",
      "parameters": [{
        "name": "title",
        "type": "net.md_5.bungee.api.chat.BaseComponent"
      }]
    },
    {
      "name": "<init>",
      "parameters": [{
        "name": "title",
        "type": "net.md_5.bungee.api.chat.BaseComponent[]"
      }]
    },
    {
      "name": "<init>",
      "parameters": [{
        "name": "title",
        "type": "java.lang.String"
      }]
    },
    {
      "name": "<init>",
      "parameters": [
        {
          "name": "title",
          "type": "net.md_5.bungee.api.chat.BaseComponent"
        },
        {
          "name": "subtitle",
          "type": "net.md_5.bungee.api.chat.BaseComponent"
        }
      ]
    },
    {
      "name": "<init>",
      "parameters": [
        {
          "name": "title",
          "type": "net.md_5.bungee.api.chat.BaseComponent[]"
        },
        {
          "name": "subtitle",
          "type": "net.md_5.bungee.api.chat.BaseComponent[]"
        }
      ]
    },
    {
      "name": "<init>",
      "parameters": [
        {
          "name": "title",
          "type": "java.lang.String"
        },
        {
          "name": "subtitle",
          "type": "java.lang.String"
        }
      ]
    },
    {
      "name": "<init>",
      "parameters": [
        {
          "name": "title",
          "type": "net.md_5.bungee.api.chat.BaseComponent"
        },
        {
          "name": "subtitle",
          "type": "net.md_5.bungee.api.chat.BaseComponent"
        },
        {
          "name": "fadeIn",
          "type": "int"
        },
        {
          "name": "stay",
          "type": "int"
        },
        {
          "name": "fadeOut",
          "type": "int"
        }
      ]
    },
    {
      "name": "<init>",
      "parameters": [
        {
          "name": "title",
          "type": "net.md_5.bungee.api.chat.BaseComponent[]"
        },
        {
          "name": "subtitle",
          "type": "net.md_5.bungee.api.chat.BaseComponent[]"
        },
        {
          "name": "fadeIn",
          "type": "int"
        },
        {
          "name": "stay",
          "type": "int"
        },
        {
          "name": "fadeOut",
          "type": "int"
        }
      ]
    },
    {
      "name": "<init>",
      "parameters": [
        {
          "name": "title",
          "type": "java.lang.String"
        },
        {
          "name": "subtitle",
          "type": "java.lang.String"
        },
        {
          "name": "fadeIn",
          "type": "int"
        },
        {
          "name": "stay",
          "type": "int"
        },
        {
          "name": "fadeOut",
          "type": "int"
        }
      ]
    }
  ],
  "package": "com.destroystokyo.paper",
  "methods": [
    {
      "name": "getClass",
      "return": "java.lang.Class"
    },
    {
      "name": "hashCode",
      "return": "int"
    },
    {
      "name": "equals",
      "parameters": [{
        "name": "arg0",
        "type": "java.lang.Object"
      }],
      "return": "boolean"
    },
    {
      "name": "toString",
      "return": "java.lang.String"
    },
    {"name": "notify"},
    {"name": "notifyAll"},
    {"name": "wait"},
    {
      "name": "wait",
      "parameters": [{
        "name": "arg0",
        "type": "long"
      }]
    },
    {
      "name": "wait",
      "parameters": [
        {
          "name": "arg0",
          "type": "long"
        },
        {
          "name": "arg1",
          "type": "int"
        }
      ]
    },
    {
      "name": "getTitle",
      "return": "net.md_5.bungee.api.chat.BaseComponent[]"
    },
    {
      "name": "getSubtitle",
      "return": "net.md_5.bungee.api.chat.BaseComponent[]"
    },
    {
      "name": "getFadeIn",
      "return": "int"
    },
    {
      "name": "getStay",
      "return": "int"
    },
    {
      "name": "getFadeOut",
      "return": "int"
    },
    {
      "name": "send",
      "parameters": [{
        "name": "player",
        "type": "org.bukkit.entity.Player"
      }]
    },
    {
      "name": "send",
      "parameters": [{
        "name": "players",
        "type": "java.util.Collection"
      }]
    },
    {
      "name": "send",
      "parameters": [{
        "name": "players",
        "type": "org.bukkit.entity.Player[]"
      }]
    },
    {"name": "broadcast"},
    {
      "static": true,
      "name": "builder",
      "return": "com.destroystokyo.paper.Title.Builder"
    }
  ],
  "name": "com.destroystokyo.paper.Title",
  "simple-name": "Title",
  "fields": [
    {
      "static": true,
      "name": "DEFAULT_FADE_IN",
      "type": "int"
    },
    {
      "static": true,
      "name": "DEFAULT_STAY",
      "type": "int"
    },
    {
      "static": true,
      "name": "DEFAULT_FADE_OUT",
      "type": "int"
    }
  ]
}