{"constructors":[{"name":"<init>","parameters":[{"name":"who","type":"org.bukkit.entity.Player"},{"name":"cause","type":"com.destroystokyo.paper.event.player.PlayerSetSpawnEvent.Cause"},{"name":"location","type":"org.bukkit.Location"},{"name":"forced","type":"boolean"},{"name":"notifyPlayer","type":"boolean"},{"name":"notification","type":"net.kyori.adventure.text.Component"}]}],"package":"com.destroystokyo.paper.event.player","methods":[{"name":"getClass","return":"java.lang.Class"},{"name":"hashCode","return":"int"},{"name":"equals","parameters":[{"name":"arg0","type":"java.lang.Object"}],"return":"boolean"},{"name":"toString","return":"java.lang.String"},{"name":"notify"},{"name":"notifyAll"},{"name":"wait"},{"name":"wait","parameters":[{"name":"arg0","type":"long"}]},{"name":"wait","parameters":[{"name":"arg0","type":"long"},{"name":"arg1","type":"int"}]},{"name":"callEvent","return":"boolean"},{"name":"getEventName","return":"java.lang.String"},{"name":"isAsynchronous","return":"boolean"},{"name":"getPlayer","return":"org.bukkit.entity.Player"},{"name":"getCause","return":"com.destroystokyo.paper.event.player.PlayerSetSpawnEvent.Cause"},{"name":"getLocation","return":"org.bukkit.Location"},{"name":"setLocation","parameters":[{"name":"location","type":"org.bukkit.Location"}]},{"name":"isForced","return":"boolean"},{"name":"setForced","parameters":[{"name":"forced","type":"boolean"}]},{"name":"willNotifyPlayer","return":"boolean"},{"name":"setNotifyPlayer","parameters":[{"name":"notifyPlayer","type":"boolean"}]},{"name":"getNotification","return":"net.kyori.adventure.text.Component"},{"name":"setNotification","parameters":[{"name":"notification","type":"net.kyori.adventure.text.Component"}]},{"name":"isCancelled","return":"boolean"},{"name":"setCancelled","parameters":[{"name":"cancel","type":"boolean"}]},{"name":"getHandlers","return":"org.bukkit.event.HandlerList"},{"static":true,"name":"getHandlerList","return":"org.bukkit.event.HandlerList"}],"name":"com.destroystokyo.paper.event.player.PlayerSetSpawnEvent","simple-name":"PlayerSetSpawnEvent"}