{
  "constructors": [{
    "name": "<init>",
    "parameters": [
      {
        "name": "entity",
        "type": "org.bukkit.entity.Entity"
      },
      {
        "name": "hitVec",
        "type": "org.bukkit.util.Vector"
      }
    ]
  }],
  "package": "com.destroystokyo.paper.entity",
  "methods": [
    {
      "name": "getClass",
      "return": "java.lang.Class"
    },
    {
      "name": "hashCode",
      "return": "int"
    },
    {
      "name": "equals",
      "parameters": [{
        "name": "arg0",
        "type": "java.lang.Object"
      }],
      "return": "boolean"
    },
    {
      "name": "toString",
      "return": "java.lang.String"
    },
    {"name": "notify"},
    {"name": "notifyAll"},
    {"name": "wait"},
    {
      "name": "wait",
      "parameters": [{
        "name": "arg0",
        "type": "long"
      }]
    },
    {
      "name": "wait",
      "parameters": [
        {
          "name": "arg0",
          "type": "long"
        },
        {
          "name": "arg1",
          "type": "int"
        }
      ]
    },
    {
      "name": "getEntity",
      "return": "org.bukkit.entity.Entity"
    },
    {
      "name": "getHitVector",
      "return": "org.bukkit.util.Vector"
    }
  ],
  "name": "com.destroystokyo.paper.entity.TargetEntityInfo",
  "simple-name": "TargetEntityInfo"
}