{
  "package": "com.destroystokyo.paper.event.server",
  "methods": [
    {
      "name": "getClass",
      "return": "java.lang.Class"
    },
    {
      "name": "hashCode",
      "return": "int"
    },
    {
      "name": "equals",
      "parameters": [{
        "name": "arg0",
        "type": "java.lang.Object"
      }],
      "return": "boolean"
    },
    {
      "name": "toString",
      "return": "java.lang.String"
    },
    {"name": "notify"},
    {"name": "notifyAll"},
    {"name": "wait"},
    {
      "name": "wait",
      "parameters": [{
        "name": "arg0",
        "type": "long"
      }]
    },
    {
      "name": "wait",
      "parameters": [
        {
          "name": "arg0",
          "type": "long"
        },
        {
          "name": "arg1",
          "type": "int"
        }
      ]
    },
    {
      "name": "examinableName",
      "return": "java.lang.String"
    },
    {
      "name": "examine",
      "parameters": [{
        "name": "arg0",
        "type": "net.kyori.examination.Examiner"
      }],
      "return": "java.lang.Object"
    },
    {
      "name": "suggestion",
      "return": "java.lang.String"
    },
    {
      "name": "tooltip",
      "return": "net.kyori.adventure.text.Component"
    },
    {
      "name": "examinableProperties",
      "return": "java.util.stream.Stream"
    },
    {
      "static": true,
      "name": "completion",
      "parameters": [{
        "name": "suggestion",
        "type": "java.lang.String"
      }],
      "return": "com.destroystokyo.paper.event.server.AsyncTabCompleteEvent.Completion"
    },
    {
      "static": true,
      "name": "completion",
      "parameters": [
        {
          "name": "suggestion",
          "type": "java.lang.String"
        },
        {
          "name": "tooltip",
          "type": "net.kyori.adventure.text.Component"
        }
      ],
      "return": "com.destroystokyo.paper.event.server.AsyncTabCompleteEvent.Completion"
    }
  ],
  "name": "com.destroystokyo.paper.event.server.AsyncTabCompleteEvent.Completion",
  "simple-name": "Completion"
}