{"constructors":[{"name":"<init>"}],"package":"com.destroystokyo.paper.utils","methods":[{"name":"getClass","return":"java.lang.Class"},{"name":"notify"},{"name":"notifyAll"},{"name":"wait"},{"name":"wait","parameters":[{"name":"arg0","type":"long"}]},{"name":"wait","parameters":[{"name":"arg0","type":"long"},{"name":"arg1","type":"int"}]},{"name":"toArray","parameters":[{"name":"arg0","type":"java.util.function.IntFunction"}],"return":"java.lang.Object[]"},{"name":"equals","parameters":[{"name":"arg0","type":"java.lang.Object"}],"return":"boolean"},{"name":"hashCode","return":"int"},{"name":"stream","return":"java.util.stream.Stream"},{"name":"parallelStream","return":"java.util.stream.Stream"},{"name":"containsAll","parameters":[{"name":"arg0","type":"java.util.Collection"}],"return":"boolean"},{"name":"remove","return":"java.lang.Object"},{"name":"element","return":"java.lang.Object"},{"name":"offer","parameters":[{"name":"arg0","type":"java.lang.Object"}],"return":"boolean"},{"name":"peek","return":"java.lang.Object"},{"name":"isEmpty","return":"boolean"},{"name":"contains","parameters":[{"name":"arg0","type":"java.lang.Object"}],"return":"boolean"},{"name":"remove","parameters":[{"name":"arg0","type":"java.lang.Object"}],"return":"boolean"},{"name":"addAll","parameters":[{"name":"arg0","type":"java.util.Collection"}],"return":"boolean"},{"name":"toString","return":"java.lang.String"},{"name":"toArray","return":"java.lang.Object[]"},{"name":"toArray","parameters":[{"name":"arg0","type":"java.lang.Object[]"}],"return":"java.lang.Object[]"},{"name":"iterator","return":"java.util.Iterator"},{"name":"spliterator","return":"java.util.Spliterator"},{"name":"removeIf","parameters":[{"name":"arg0","type":"java.util.function.Predicate"}],"return":"boolean"},{"name":"removeAll","parameters":[{"name":"arg0","type":"java.util.Collection"}],"return":"boolean"},{"name":"retainAll","parameters":[{"name":"arg0","type":"java.util.Collection"}],"return":"boolean"},{"name":"clear"},{"name":"forEach","parameters":[{"name":"arg0","type":"java.util.function.Consumer"}]},{"name":"add","parameters":[{"name":"e","type":"java.lang.Object"}],"return":"boolean"},{"name":"poll","return":"java.lang.Object"},{"name":"size","return":"int"}],"name":"com.destroystokyo.paper.utils.CachedSizeConcurrentLinkedQueue","simple-name":"CachedSizeConcurrentLinkedQueue"}