{
  "package": "com.destroystokyo.paper.entity.ai",
  "methods": [
    {
      "name": "getClass",
      "return": "java.lang.Class"
    },
    {
      "name": "hashCode",
      "return": "int"
    },
    {
      "name": "equals",
      "parameters": [{
        "name": "arg0",
        "type": "java.lang.Object"
      }],
      "return": "boolean"
    },
    {
      "name": "toString",
      "return": "java.lang.String"
    },
    {"name": "notify"},
    {"name": "notifyAll"},
    {"name": "wait"},
    {
      "name": "wait",
      "parameters": [{
        "name": "arg0",
        "type": "long"
      }]
    },
    {
      "name": "wait",
      "parameters": [
        {
          "name": "arg0",
          "type": "long"
        },
        {
          "name": "arg1",
          "type": "int"
        }
      ]
    },
    {
      "name": "shouldActivate",
      "return": "boolean"
    },
    {
      "name": "shouldStayActive",
      "return": "boolean"
    },
    {"name": "start"},
    {"name": "stop"},
    {"name": "tick"},
    {
      "name": "getKey",
      "return": "com.destroystokyo.paper.entity.ai.GoalKey"
    },
    {
      "name": "getTypes",
      "return": "java.util.EnumSet"
    }
  ],
  "name": "com.destroystokyo.paper.entity.ai.Goal",
  "simple-name": "Goal"
}