{"constructors":[{"name":"<init>","parameters":[{"name":"who","type":"org.bukkit.entity.Player"},{"name":"entityId","type":"int"},{"name":"attack","type":"boolean"},{"name":"hand","type":"org.bukkit.inventory.EquipmentSlot"},{"name":"clickedPosition","type":"org.bukkit.util.Vector"}]}],"package":"com.destroystokyo.paper.event.player","methods":[{"name":"getClass","return":"java.lang.Class"},{"name":"hashCode","return":"int"},{"name":"equals","parameters":[{"name":"arg0","type":"java.lang.Object"}],"return":"boolean"},{"name":"toString","return":"java.lang.String"},{"name":"notify"},{"name":"notifyAll"},{"name":"wait"},{"name":"wait","parameters":[{"name":"arg0","type":"long"}]},{"name":"wait","parameters":[{"name":"arg0","type":"long"},{"name":"arg1","type":"int"}]},{"name":"callEvent","return":"boolean"},{"name":"getEventName","return":"java.lang.String"},{"name":"isAsynchronous","return":"boolean"},{"name":"getPlayer","return":"org.bukkit.entity.Player"},{"name":"getEntityId","return":"int"},{"name":"isAttack","return":"boolean"},{"name":"getHand","return":"org.bukkit.inventory.EquipmentSlot"},{"name":"getClickedRelativePosition","return":"org.bukkit.util.Vector"},{"name":"getHandlers","return":"org.bukkit.event.HandlerList"},{"static":true,"name":"getHandlerList","return":"org.bukkit.event.HandlerList"}],"name":"com.destroystokyo.paper.event.player.PlayerUseUnknownEntityEvent","simple-name":"PlayerUseUnknownEntityEvent"}