{"constructors":[{"name":"<init>","parameters":[{"name":"name","type":"java.lang.String"},{"name":"value","type":"java.lang.String"}]},{"name":"<init>","parameters":[{"name":"name","type":"java.lang.String"},{"name":"value","type":"java.lang.String"},{"name":"signature","type":"java.lang.String"}]}],"package":"com.destroystokyo.paper.profile","methods":[{"name":"getClass","return":"java.lang.Class"},{"name":"toString","return":"java.lang.String"},{"name":"notify"},{"name":"notifyAll"},{"name":"wait"},{"name":"wait","parameters":[{"name":"arg0","type":"long"}]},{"name":"wait","parameters":[{"name":"arg0","type":"long"},{"name":"arg1","type":"int"}]},{"name":"getName","return":"java.lang.String"},{"name":"getValue","return":"java.lang.String"},{"name":"getSignature","return":"java.lang.String"},{"name":"isSigned","return":"boolean"},{"name":"equals","parameters":[{"name":"o","type":"java.lang.Object"}],"return":"boolean"},{"name":"hashCode","return":"int"}],"name":"com.destroystokyo.paper.profile.ProfileProperty","simple-name":"ProfileProperty"}