{
  "package": "com.destroystokyo.paper.event.player",
  "methods": [
    {
      "name": "getClass",
      "return": "java.lang.Class"
    },
    {"name": "notify"},
    {"name": "notifyAll"},
    {"name": "wait"},
    {
      "name": "wait",
      "parameters": [{
        "name": "arg0",
        "type": "long"
      }]
    },
    {
      "name": "wait",
      "parameters": [
        {
          "name": "arg0",
          "type": "long"
        },
        {
          "name": "arg1",
          "type": "int"
        }
      ]
    },
    {
      "name": "name",
      "return": "java.lang.String"
    },
    {
      "name": "ordinal",
      "return": "int"
    },
    {
      "name": "toString",
      "return": "java.lang.String"
    },
    {
      "name": "equals",
      "parameters": [{
        "name": "arg0",
        "type": "java.lang.Object"
      }],
      "return": "boolean"
    },
    {
      "name": "hashCode",
      "return": "int"
    },
    {
      "name": "compareTo",
      "parameters": [{
        "name": "arg0",
        "type": "java.lang.Enum"
      }],
      "return": "int"
    },
    {
      "name": "getDeclaringClass",
      "return": "java.lang.Class"
    },
    {
      "name": "describeConstable",
      "return": "java.util.Optional"
    },
    {
      "static": true,
      "name": "valueOf",
      "parameters": [
        {
          "name": "arg0",
          "type": "java.lang.Class"
        },
        {
          "name": "arg1",
          "type": "java.lang.String"
        }
      ],
      "return": "java.lang.Enum"
    },
    {
      "static": true,
      "name": "values",
      "return": "com.destroystokyo.paper.event.player.PlayerArmorChangeEvent.SlotType[]"
    },
    {
      "static": true,
      "name": "valueOf",
      "parameters": [{
        "name": "name",
        "type": "java.lang.String"
      }],
      "return": "com.destroystokyo.paper.event.player.PlayerArmorChangeEvent.SlotType"
    },
    {
      "name": "getTypes",
      "return": "java.util.Set"
    },
    {
      "static": true,
      "name": "getByMaterial",
      "parameters": [{
        "name": "material",
        "type": "org.bukkit.Material"
      }],
      "return": "com.destroystokyo.paper.event.player.PlayerArmorChangeEvent.SlotType"
    },
    {
      "static": true,
      "name": "isEquipable",
      "parameters": [{
        "name": "material",
        "type": "org.bukkit.Material"
      }],
      "return": "boolean"
    }
  ],
  "name": "com.destroystokyo.paper.event.player.PlayerArmorChangeEvent.SlotType",
  "simple-name": "SlotType",
  "fields": [
    {
      "static": true,
      "name": "HEAD",
      "type": "com.destroystokyo.paper.event.player.PlayerArmorChangeEvent.SlotType"
    },
    {
      "static": true,
      "name": "CHEST",
      "type": "com.destroystokyo.paper.event.player.PlayerArmorChangeEvent.SlotType"
    },
    {
      "static": true,
      "name": "LEGS",
      "type": "com.destroystokyo.paper.event.player.PlayerArmorChangeEvent.SlotType"
    },
    {
      "static": true,
      "name": "FEET",
      "type": "com.destroystokyo.paper.event.player.PlayerArmorChangeEvent.SlotType"
    }
  ]
}