{"package":"com.destroystokyo.paper.event.executor.asm","methods":[{"name":"getClass","return":"java.lang.Class"},{"name":"hashCode","return":"int"},{"name":"equals","parameters":[{"name":"arg0","type":"java.lang.Object"}],"return":"boolean"},{"name":"toString","return":"java.lang.String"},{"name":"notify"},{"name":"notifyAll"},{"name":"wait"},{"name":"wait","parameters":[{"name":"arg0","type":"long"}]},{"name":"wait","parameters":[{"name":"arg0","type":"long"},{"name":"arg1","type":"int"}]},{"name":"isBypassAccessChecks","return":"boolean"},{"name":"defineClass","parameters":[{"name":"parentLoader","type":"java.lang.ClassLoader"},{"name":"name","type":"java.lang.String"},{"name":"data","type":"byte[]"}],"return":"java.lang.Class"}],"name":"com.destroystokyo.paper.event.executor.asm.SafeClassDefiner","simple-name":"SafeClassDefiner"}