{"constructors":[{"name":"<init>"}],"package":"com.destroystokyo.paper.util","methods":[{"name":"getClass","return":"java.lang.Class"},{"name":"hashCode","return":"int"},{"name":"equals","parameters":[{"name":"arg0","type":"java.lang.Object"}],"return":"boolean"},{"name":"toString","return":"java.lang.String"},{"name":"notify"},{"name":"notifyAll"},{"name":"wait"},{"name":"wait","parameters":[{"name":"arg0","type":"long"}]},{"name":"wait","parameters":[{"name":"arg0","type":"long"},{"name":"arg1","type":"int"}]},{"static":true,"name":"sneaky","parameters":[{"name":"exception","type":"java.lang.Throwable"}]}],"name":"com.destroystokyo.paper.util.SneakyThrow","simple-name":"SneakyThrow"}