{"constructors":[{"name":"<init>","parameters":[{"name":"player","type":"org.bukkit.entity.Player"},{"name":"type","type":"java.lang.String"},{"name":"kickMessage","type":"java.lang.String"},{"name":"e","type":"java.lang.Exception"}]}],"package":"com.destroystokyo.paper.event.player","methods":[{"name":"getClass","return":"java.lang.Class"},{"name":"hashCode","return":"int"},{"name":"equals","parameters":[{"name":"arg0","type":"java.lang.Object"}],"return":"boolean"},{"name":"toString","return":"java.lang.String"},{"name":"notify"},{"name":"notifyAll"},{"name":"wait"},{"name":"wait","parameters":[{"name":"arg0","type":"long"}]},{"name":"wait","parameters":[{"name":"arg0","type":"long"},{"name":"arg1","type":"int"}]},{"name":"callEvent","return":"boolean"},{"name":"getEventName","return":"java.lang.String"},{"name":"isAsynchronous","return":"boolean"},{"name":"getPlayer","return":"org.bukkit.entity.Player"},{"name":"isShouldKick","return":"boolean"},{"name":"setShouldKick","parameters":[{"name":"shouldKick","type":"boolean"}]},{"name":"getKickMessage","return":"java.lang.String"},{"name":"setKickMessage","parameters":[{"name":"kickMessage","type":"java.lang.String"}]},{"name":"getType","return":"java.lang.String"},{"name":"getExceptionMessage","return":"java.lang.String"},{"name":"getHandlers","return":"org.bukkit.event.HandlerList"},{"static":true,"name":"getHandlerList","return":"org.bukkit.event.HandlerList"},{"static":true,"name":"process","parameters":[{"name":"player","type":"org.bukkit.entity.Player"},{"name":"type","type":"java.lang.String"},{"name":"kickMessage","type":"java.lang.String"},{"name":"exception","type":"java.lang.Exception"}]}],"name":"com.destroystokyo.paper.event.player.IllegalPacketEvent","simple-name":"IllegalPacketEvent"}