{"constructors":[{"name":"<init>","parameters":[{"name":"sender","type":"org.bukkit.command.CommandSender"},{"name":"buffer","type":"java.lang.String"},{"name":"isCommand","type":"boolean"},{"name":"loc","type":"org.bukkit.Location"}]},{"name":"<init>","parameters":[{"name":"sender","type":"org.bukkit.command.CommandSender"},{"name":"completions","type":"java.util.List"},{"name":"buffer","type":"java.lang.String"},{"name":"isCommand","type":"boolean"},{"name":"loc","type":"org.bukkit.Location"}]}],"package":"com.destroystokyo.paper.event.server","methods":[{"name":"getClass","return":"java.lang.Class"},{"name":"hashCode","return":"int"},{"name":"equals","parameters":[{"name":"arg0","type":"java.lang.Object"}],"return":"boolean"},{"name":"toString","return":"java.lang.String"},{"name":"notify"},{"name":"notifyAll"},{"name":"wait"},{"name":"wait","parameters":[{"name":"arg0","type":"long"}]},{"name":"wait","parameters":[{"name":"arg0","type":"long"},{"name":"arg1","type":"int"}]},{"name":"callEvent","return":"boolean"},{"name":"getEventName","return":"java.lang.String"},{"name":"isAsynchronous","return":"boolean"},{"name":"getSender","return":"org.bukkit.command.CommandSender"},{"name":"getCompletions","return":"java.util.List"},{"name":"setCompletions","parameters":[{"name":"completions","type":"java.util.List"}]},{"name":"completions","return":"java.util.List"},{"name":"completions","parameters":[{"name":"newCompletions","type":"java.util.List"}]},{"name":"getBuffer","return":"java.lang.String"},{"name":"isCommand","return":"boolean"},{"name":"getLocation","return":"org.bukkit.Location"},{"name":"isHandled","return":"boolean"},{"name":"setHandled","parameters":[{"name":"handled","type":"boolean"}]},{"name":"isCancelled","return":"boolean"},{"name":"setCancelled","parameters":[{"name":"cancel","type":"boolean"}]},{"name":"getHandlers","return":"org.bukkit.event.HandlerList"},{"static":true,"name":"getHandlerList","return":"org.bukkit.event.HandlerList"}],"name":"com.destroystokyo.paper.event.server.AsyncTabCompleteEvent","simple-name":"AsyncTabCompleteEvent"}