{"package":"com.destroystokyo.paper.brigadier","methods":[{"name":"getClass","return":"java.lang.Class"},{"name":"hashCode","return":"int"},{"name":"equals","parameters":[{"name":"arg0","type":"java.lang.Object"}],"return":"boolean"},{"name":"toString","return":"java.lang.String"},{"name":"notify"},{"name":"notifyAll"},{"name":"wait"},{"name":"wait","parameters":[{"name":"arg0","type":"long"}]},{"name":"wait","parameters":[{"name":"arg0","type":"long"},{"name":"arg1","type":"int"}]},{"name":"getBukkitEntity","return":"org.bukkit.entity.Entity"},{"name":"getBukkitWorld","return":"org.bukkit.World"},{"name":"getBukkitLocation","return":"org.bukkit.Location"},{"name":"getBukkitSender","return":"org.bukkit.command.CommandSender"}],"name":"com.destroystokyo.paper.brigadier.BukkitBrigadierCommandSource","simple-name":"BukkitBrigadierCommandSource"}