{
  "constructors": [{
    "name": "<init>",
    "parameters": [
      {
        "name": "witch",
        "type": "org.bukkit.entity.Witch"
      },
      {
        "name": "target",
        "type": "org.bukkit.entity.LivingEntity"
      },
      {
        "name": "potion",
        "type": "org.bukkit.inventory.ItemStack"
      }
    ]
  }],
  "package": "com.destroystokyo.paper.event.entity",
  "methods": [
    {
      "name": "getClass",
      "return": "java.lang.Class"
    },
    {
      "name": "hashCode",
      "return": "int"
    },
    {
      "name": "equals",
      "parameters": [{
        "name": "arg0",
        "type": "java.lang.Object"
      }],
      "return": "boolean"
    },
    {
      "name": "toString",
      "return": "java.lang.String"
    },
    {"name": "notify"},
    {"name": "notifyAll"},
    {"name": "wait"},
    {
      "name": "wait",
      "parameters": [{
        "name": "arg0",
        "type": "long"
      }]
    },
    {
      "name": "wait",
      "parameters": [
        {
          "name": "arg0",
          "type": "long"
        },
        {
          "name": "arg1",
          "type": "int"
        }
      ]
    },
    {
      "name": "callEvent",
      "return": "boolean"
    },
    {
      "name": "getEventName",
      "return": "java.lang.String"
    },
    {
      "name": "isAsynchronous",
      "return": "boolean"
    },
    {
      "name": "getEntityType",
      "return": "org.bukkit.entity.EntityType"
    },
    {
      "name": "getEntity",
      "return": "org.bukkit.entity.Witch"
    },
    {
      "name": "getTarget",
      "return": "org.bukkit.entity.LivingEntity"
    },
    {
      "name": "getPotion",
      "return": "org.bukkit.inventory.ItemStack"
    },
    {
      "name": "setPotion",
      "parameters": [{
        "name": "potion",
        "type": "org.bukkit.inventory.ItemStack"
      }]
    },
    {
      "name": "isCancelled",
      "return": "boolean"
    },
    {
      "name": "setCancelled",
      "parameters": [{
        "name": "cancel",
        "type": "boolean"
      }]
    },
    {
      "name": "getHandlers",
      "return": "org.bukkit.event.HandlerList"
    },
    {
      "static": true,
      "name": "getHandlerList",
      "return": "org.bukkit.event.HandlerList"
    }
  ],
  "name": "com.destroystokyo.paper.event.entity.WitchThrowPotionEvent",
  "simple-name": "WitchThrowPotionEvent"
}