{"constructors":[{"name":"<init>","parameters":[{"name":"particle","type":"org.bukkit.Particle"}]}],"package":"com.destroystokyo.paper","methods":[{"name":"getClass","return":"java.lang.Class"},{"name":"hashCode","return":"int"},{"name":"equals","parameters":[{"name":"arg0","type":"java.lang.Object"}],"return":"boolean"},{"name":"toString","return":"java.lang.String"},{"name":"notify"},{"name":"notifyAll"},{"name":"wait"},{"name":"wait","parameters":[{"name":"arg0","type":"long"}]},{"name":"wait","parameters":[{"name":"arg0","type":"long"},{"name":"arg1","type":"int"}]},{"name":"spawn","return":"com.destroystokyo.paper.ParticleBuilder"},{"name":"particle","return":"org.bukkit.Particle"},{"name":"particle","parameters":[{"name":"particle","type":"org.bukkit.Particle"}],"return":"com.destroystokyo.paper.ParticleBuilder"},{"name":"receivers","return":"java.util.List"},{"name":"hasReceivers","return":"boolean"},{"name":"allPlayers","return":"com.destroystokyo.paper.ParticleBuilder"},{"name":"receivers","parameters":[{"name":"receivers","type":"java.util.List"}],"return":"com.destroystokyo.paper.ParticleBuilder"},{"name":"receivers","parameters":[{"name":"receivers","type":"java.util.Collection"}],"return":"com.destroystokyo.paper.ParticleBuilder"},{"name":"receivers","parameters":[{"name":"receivers","type":"org.bukkit.entity.Player[]"}],"return":"com.destroystokyo.paper.ParticleBuilder"},{"name":"receivers","parameters":[{"name":"radius","type":"int"}],"return":"com.destroystokyo.paper.ParticleBuilder"},{"name":"receivers","parameters":[{"name":"radius","type":"int"},{"name":"byDistance","type":"boolean"}],"return":"com.destroystokyo.paper.ParticleBuilder"},{"name":"receivers","parameters":[{"name":"xzRadius","type":"int"},{"name":"yRadius","type":"int"}],"return":"com.destroystokyo.paper.ParticleBuilder"},{"name":"receivers","parameters":[{"name":"xzRadius","type":"int"},{"name":"yRadius","type":"int"},{"name":"byDistance","type":"boolean"}],"return":"com.destroystokyo.paper.ParticleBuilder"},{"name":"receivers","parameters":[{"name":"xRadius","type":"int"},{"name":"yRadius","type":"int"},{"name":"zRadius","type":"int"}],"return":"com.destroystokyo.paper.ParticleBuilder"},{"name":"source","return":"org.bukkit.entity.Player"},{"name":"source","parameters":[{"name":"source","type":"org.bukkit.entity.Player"}],"return":"com.destroystokyo.paper.ParticleBuilder"},{"name":"location","return":"org.bukkit.Location"},{"name":"location","parameters":[{"name":"location","type":"org.bukkit.Location"}],"return":"com.destroystokyo.paper.ParticleBuilder"},{"name":"location","parameters":[{"name":"world","type":"org.bukkit.World"},{"name":"x","type":"double"},{"name":"y","type":"double"},{"name":"z","type":"double"}],"return":"com.destroystokyo.paper.ParticleBuilder"},{"name":"count","return":"int"},{"name":"count","parameters":[{"name":"count","type":"int"}],"return":"com.destroystokyo.paper.ParticleBuilder"},{"name":"offsetX","return":"double"},{"name":"offsetY","return":"double"},{"name":"offsetZ","return":"double"},{"name":"offset","parameters":[{"name":"offsetX","type":"double"},{"name":"offsetY","type":"double"},{"name":"offsetZ","type":"double"}],"return":"com.destroystokyo.paper.ParticleBuilder"},{"name":"extra","return":"double"},{"name":"extra","parameters":[{"name":"extra","type":"double"}],"return":"com.destroystokyo.paper.ParticleBuilder"},{"name":"data","return":"java.lang.Object"},{"name":"data","parameters":[{"name":"data","type":"java.lang.Object"}],"return":"com.destroystokyo.paper.ParticleBuilder"},{"name":"force","return":"boolean"},{"name":"force","parameters":[{"name":"force","type":"boolean"}],"return":"com.destroystokyo.paper.ParticleBuilder"},{"name":"color","parameters":[{"name":"color","type":"org.bukkit.Color"}],"return":"com.destroystokyo.paper.ParticleBuilder"},{"name":"color","parameters":[{"name":"color","type":"org.bukkit.Color"},{"name":"size","type":"float"}],"return":"com.destroystokyo.paper.ParticleBuilder"},{"name":"color","parameters":[{"name":"r","type":"int"},{"name":"g","type":"int"},{"name":"b","type":"int"}],"return":"com.destroystokyo.paper.ParticleBuilder"},{"name":"color","parameters":[{"name":"rgb","type":"int"}],"return":"com.destroystokyo.paper.ParticleBuilder"},{"name":"colorTransition","parameters":[{"name":"fromColor","type":"org.bukkit.Color"},{"name":"toColor","type":"org.bukkit.Color"}],"return":"com.destroystokyo.paper.ParticleBuilder"},{"name":"colorTransition","parameters":[{"name":"fromRed","type":"int"},{"name":"fromGreen","type":"int"},{"name":"fromBlue","type":"int"},{"name":"toRed","type":"int"},{"name":"toGreen","type":"int"},{"name":"toBlue","type":"int"}],"return":"com.destroystokyo.paper.ParticleBuilder"},{"name":"colorTransition","parameters":[{"name":"fromRgb","type":"int"},{"name":"toRgb","type":"int"}],"return":"com.destroystokyo.paper.ParticleBuilder"},{"name":"colorTransition","parameters":[{"name":"fromColor","type":"org.bukkit.Color"},{"name":"toColor","type":"org.bukkit.Color"},{"name":"size","type":"float"}],"return":"com.destroystokyo.paper.ParticleBuilder"},{"name":"clone","return":"com.destroystokyo.paper.ParticleBuilder"}],"name":"com.destroystokyo.paper.ParticleBuilder","simple-name":"ParticleBuilder"}