{"constructors":[{"name":"<init>","parameters":[{"name":"shooter","type":"org.bukkit.entity.Player"},{"name":"itemStack","type":"org.bukkit.inventory.ItemStack"},{"name":"projectile","type":"org.bukkit.entity.Projectile"}]}],"package":"com.destroystokyo.paper.event.player","methods":[{"name":"getClass","return":"java.lang.Class"},{"name":"hashCode","return":"int"},{"name":"equals","parameters":[{"name":"arg0","type":"java.lang.Object"}],"return":"boolean"},{"name":"toString","return":"java.lang.String"},{"name":"notify"},{"name":"notifyAll"},{"name":"wait"},{"name":"wait","parameters":[{"name":"arg0","type":"long"}]},{"name":"wait","parameters":[{"name":"arg0","type":"long"},{"name":"arg1","type":"int"}]},{"name":"callEvent","return":"boolean"},{"name":"getEventName","return":"java.lang.String"},{"name":"isAsynchronous","return":"boolean"},{"name":"getPlayer","return":"org.bukkit.entity.Player"},{"name":"getProjectile","return":"org.bukkit.entity.Projectile"},{"name":"getItemStack","return":"org.bukkit.inventory.ItemStack"},{"name":"shouldConsume","return":"boolean"},{"name":"setShouldConsume","parameters":[{"name":"consumeItem","type":"boolean"}]},{"name":"isCancelled","return":"boolean"},{"name":"setCancelled","parameters":[{"name":"cancel","type":"boolean"}]},{"name":"getHandlers","return":"org.bukkit.event.HandlerList"},{"static":true,"name":"getHandlerList","return":"org.bukkit.event.HandlerList"}],"name":"com.destroystokyo.paper.event.player.PlayerLaunchProjectileEvent","simple-name":"PlayerLaunchProjectileEvent"}