{
  "constructors": [
    {
      "name": "<init>",
      "parameters": [
        {
          "name": "player",
          "type": "org.bukkit.entity.Player"
        },
        {
          "name": "locale",
          "type": "java.lang.String"
        },
        {
          "name": "viewDistance",
          "type": "int"
        },
        {
          "name": "chatVisibility",
          "type": "com.destroystokyo.paper.ClientOption.ChatVisibility"
        },
        {
          "name": "chatColors",
          "type": "boolean"
        },
        {
          "name": "skinParts",
          "type": "com.destroystokyo.paper.SkinParts"
        },
        {
          "name": "mainHand",
          "type": "org.bukkit.inventory.MainHand"
        }
      ]
    },
    {
      "name": "<init>",
      "parameters": [
        {
          "name": "player",
          "type": "org.bukkit.entity.Player"
        },
        {
          "name": "options",
          "type": "java.util.Map"
        }
      ]
    }
  ],
  "package": "com.destroystokyo.paper.event.player",
  "methods": [
    {
      "name": "getClass",
      "return": "java.lang.Class"
    },
    {
      "name": "hashCode",
      "return": "int"
    },
    {
      "name": "equals",
      "parameters": [{
        "name": "arg0",
        "type": "java.lang.Object"
      }],
      "return": "boolean"
    },
    {
      "name": "toString",
      "return": "java.lang.String"
    },
    {"name": "notify"},
    {"name": "notifyAll"},
    {"name": "wait"},
    {
      "name": "wait",
      "parameters": [{
        "name": "arg0",
        "type": "long"
      }]
    },
    {
      "name": "wait",
      "parameters": [
        {
          "name": "arg0",
          "type": "long"
        },
        {
          "name": "arg1",
          "type": "int"
        }
      ]
    },
    {
      "name": "callEvent",
      "return": "boolean"
    },
    {
      "name": "getEventName",
      "return": "java.lang.String"
    },
    {
      "name": "isAsynchronous",
      "return": "boolean"
    },
    {
      "name": "getPlayer",
      "return": "org.bukkit.entity.Player"
    },
    {
      "name": "getLocale",
      "return": "java.lang.String"
    },
    {
      "name": "hasLocaleChanged",
      "return": "boolean"
    },
    {
      "name": "getViewDistance",
      "return": "int"
    },
    {
      "name": "hasViewDistanceChanged",
      "return": "boolean"
    },
    {
      "name": "getChatVisibility",
      "return": "com.destroystokyo.paper.ClientOption.ChatVisibility"
    },
    {
      "name": "hasChatVisibilityChanged",
      "return": "boolean"
    },
    {
      "name": "hasChatColorsEnabled",
      "return": "boolean"
    },
    {
      "name": "hasChatColorsEnabledChanged",
      "return": "boolean"
    },
    {
      "name": "getSkinParts",
      "return": "com.destroystokyo.paper.SkinParts"
    },
    {
      "name": "hasSkinPartsChanged",
      "return": "boolean"
    },
    {
      "name": "getMainHand",
      "return": "org.bukkit.inventory.MainHand"
    },
    {
      "name": "hasMainHandChanged",
      "return": "boolean"
    },
    {
      "name": "hasTextFilteringEnabled",
      "return": "boolean"
    },
    {
      "name": "hasTextFilteringChanged",
      "return": "boolean"
    },
    {
      "name": "allowsServerListings",
      "return": "boolean"
    },
    {
      "name": "hasAllowServerListingsChanged",
      "return": "boolean"
    },
    {
      "name": "getParticleVisibility",
      "return": "com.destroystokyo.paper.ClientOption.ParticleVisibility"
    },
    {
      "name": "hasParticleVisibilityChanged",
      "return": "boolean"
    },
    {
      "name": "getHandlers",
      "return": "org.bukkit.event.HandlerList"
    },
    {
      "static": true,
      "name": "getHandlerList",
      "return": "org.bukkit.event.HandlerList"
    }
  ],
  "name": "com.destroystokyo.paper.event.player.PlayerClientOptionsChangeEvent",
  "simple-name": "PlayerClientOptionsChangeEvent"
}