{"constructors":[{"name":"<init>","parameters":[{"name":"entity","type":"org.bukkit.entity.Entity"},{"name":"from","type":"org.bukkit.Location"},{"name":"to","type":"org.bukkit.Location"},{"name":"gateway","type":"org.bukkit.block.EndGateway"}]}],"package":"com.destroystokyo.paper.event.entity","methods":[{"name":"getClass","return":"java.lang.Class"},{"name":"hashCode","return":"int"},{"name":"equals","parameters":[{"name":"arg0","type":"java.lang.Object"}],"return":"boolean"},{"name":"toString","return":"java.lang.String"},{"name":"notify"},{"name":"notifyAll"},{"name":"wait"},{"name":"wait","parameters":[{"name":"arg0","type":"long"}]},{"name":"wait","parameters":[{"name":"arg0","type":"long"},{"name":"arg1","type":"int"}]},{"name":"callEvent","return":"boolean"},{"name":"getEventName","return":"java.lang.String"},{"name":"isAsynchronous","return":"boolean"},{"name":"getEntity","return":"org.bukkit.entity.Entity"},{"name":"getEntityType","return":"org.bukkit.entity.EntityType"},{"name":"isCancelled","return":"boolean"},{"name":"setCancelled","parameters":[{"name":"cancel","type":"boolean"}]},{"name":"getFrom","return":"org.bukkit.Location"},{"name":"setFrom","parameters":[{"name":"from","type":"org.bukkit.Location"}]},{"name":"getTo","return":"org.bukkit.Location"},{"name":"setTo","parameters":[{"name":"to","type":"org.bukkit.Location"}]},{"name":"getHandlers","return":"org.bukkit.event.HandlerList"},{"static":true,"name":"getHandlerList","return":"org.bukkit.event.HandlerList"},{"name":"getGateway","return":"org.bukkit.block.EndGateway"}],"name":"com.destroystokyo.paper.event.entity.EntityTeleportEndGatewayEvent","simple-name":"EntityTeleportEndGatewayEvent"}