{"constructors":[{"name":"<init>","parameters":[{"name":"name","type":"java.lang.String"},{"name":"version","type":"java.lang.String"}]}],"package":"com.destroystokyo.paper.event.server","methods":[{"name":"getClass","return":"java.lang.Class"},{"name":"hashCode","return":"int"},{"name":"equals","parameters":[{"name":"arg0","type":"java.lang.Object"}],"return":"boolean"},{"name":"toString","return":"java.lang.String"},{"name":"notify"},{"name":"notifyAll"},{"name":"wait"},{"name":"wait","parameters":[{"name":"arg0","type":"long"}]},{"name":"wait","parameters":[{"name":"arg0","type":"long"},{"name":"arg1","type":"int"}]},{"name":"getName","return":"java.lang.String"},{"name":"setName","parameters":[{"name":"name","type":"java.lang.String"}]},{"name":"setVersion","parameters":[{"name":"version","type":"java.lang.String"}]},{"name":"getVersion","return":"java.lang.String"},{"static":true,"name":"of","parameters":[{"name":"name","type":"java.lang.String"},{"name":"version","type":"java.lang.String"}],"return":"com.destroystokyo.paper.event.server.GS4QueryEvent.QueryResponse.PluginInformation"}],"name":"com.destroystokyo.paper.event.server.GS4QueryEvent.QueryResponse.PluginInformation","simple-name":"PluginInformation"}