{"package":"com.destroystokyo.paper.utils","methods":[{"name":"getClass","return":"java.lang.Class"},{"name":"hashCode","return":"int"},{"name":"equals","parameters":[{"name":"arg0","type":"java.lang.Object"}],"return":"boolean"},{"name":"toString","return":"java.lang.String"},{"name":"notify"},{"name":"notifyAll"},{"name":"wait"},{"name":"wait","parameters":[{"name":"arg0","type":"long"}]},{"name":"wait","parameters":[{"name":"arg0","type":"long"},{"name":"arg1","type":"int"}]},{"static":true,"name":"getGlobal","return":"java.util.logging.Logger"},{"static":true,"name":"getLogger","parameters":[{"name":"arg0","type":"java.lang.String"}],"return":"java.util.logging.Logger"},{"static":true,"name":"getLogger","parameters":[{"name":"arg0","type":"java.lang.String"},{"name":"arg1","type":"java.lang.String"}],"return":"java.util.logging.Logger"},{"static":true,"name":"getAnonymousLogger","return":"java.util.logging.Logger"},{"static":true,"name":"getAnonymousLogger","parameters":[{"name":"arg0","type":"java.lang.String"}],"return":"java.util.logging.Logger"},{"name":"getResourceBundle","return":"java.util.ResourceBundle"},{"name":"getResourceBundleName","return":"java.lang.String"},{"name":"setFilter","parameters":[{"name":"arg0","type":"java.util.logging.Filter"}]},{"name":"getFilter","return":"java.util.logging.Filter"},{"name":"log","parameters":[{"name":"arg0","type":"java.util.logging.LogRecord"}]},{"name":"log","parameters":[{"name":"arg0","type":"java.util.logging.Level"},{"name":"arg1","type":"java.lang.String"}]},{"name":"log","parameters":[{"name":"arg0","type":"java.util.logging.Level"},{"name":"arg1","type":"java.util.function.Supplier"}]},{"name":"log","parameters":[{"name":"arg0","type":"java.util.logging.Level"},{"name":"arg1","type":"java.lang.String"},{"name":"arg2","type":"java.lang.Object"}]},{"name":"log","parameters":[{"name":"arg0","type":"java.util.logging.Level"},{"name":"arg1","type":"java.lang.String"},{"name":"arg2","type":"java.lang.Object[]"}]},{"name":"log","parameters":[{"name":"arg0","type":"java.util.logging.Level"},{"name":"arg1","type":"java.lang.String"},{"name":"arg2","type":"java.lang.Throwable"}]},{"name":"log","parameters":[{"name":"arg0","type":"java.util.logging.Level"},{"name":"arg1","type":"java.lang.Throwable"},{"name":"arg2","type":"java.util.function.Supplier"}]},{"name":"logp","parameters":[{"name":"arg0","type":"java.util.logging.Level"},{"name":"arg1","type":"java.lang.String"},{"name":"arg2","type":"java.lang.String"},{"name":"arg3","type":"java.lang.String"}]},{"name":"logp","parameters":[{"name":"arg0","type":"java.util.logging.Level"},{"name":"arg1","type":"java.lang.String"},{"name":"arg2","type":"java.lang.String"},{"name":"arg3","type":"java.util.function.Supplier"}]},{"name":"logp","parameters":[{"name":"arg0","type":"java.util.logging.Level"},{"name":"arg1","type":"java.lang.String"},{"name":"arg2","type":"java.lang.String"},{"name":"arg3","type":"java.lang.String"},{"name":"arg4","type":"java.lang.Object"}]},{"name":"logp","parameters":[{"name":"arg0","type":"java.util.logging.Level"},{"name":"arg1","type":"java.lang.String"},{"name":"arg2","type":"java.lang.String"},{"name":"arg3","type":"java.lang.String"},{"name":"arg4","type":"java.lang.Object[]"}]},{"name":"logp","parameters":[{"name":"arg0","type":"java.util.logging.Level"},{"name":"arg1","type":"java.lang.String"},{"name":"arg2","type":"java.lang.String"},{"name":"arg3","type":"java.lang.String"},{"name":"arg4","type":"java.lang.Throwable"}]},{"name":"logp","parameters":[{"name":"arg0","type":"java.util.logging.Level"},{"name":"arg1","type":"java.lang.String"},{"name":"arg2","type":"java.lang.String"},{"name":"arg3","type":"java.lang.Throwable"},{"name":"arg4","type":"java.util.function.Supplier"}]},{"name":"logrb","parameters":[{"name":"arg0","type":"java.util.logging.Level"},{"name":"arg1","type":"java.lang.String"},{"name":"arg2","type":"java.lang.String"},{"name":"arg3","type":"java.lang.String"},{"name":"arg4","type":"java.lang.String"}]},{"name":"logrb","parameters":[{"name":"arg0","type":"java.util.logging.Level"},{"name":"arg1","type":"java.lang.String"},{"name":"arg2","type":"java.lang.String"},{"name":"arg3","type":"java.lang.String"},{"name":"arg4","type":"java.lang.String"},{"name":"arg5","type":"java.lang.Object"}]},{"name":"logrb","parameters":[{"name":"arg0","type":"java.util.logging.Level"},{"name":"arg1","type":"java.lang.String"},{"name":"arg2","type":"java.lang.String"},{"name":"arg3","type":"java.lang.String"},{"name":"arg4","type":"java.lang.String"},{"name":"arg5","type":"java.lang.Object[]"}]},{"name":"logrb","parameters":[{"name":"arg0","type":"java.util.logging.Level"},{"name":"arg1","type":"java.lang.String"},{"name":"arg2","type":"java.lang.String"},{"name":"arg3","type":"java.util.ResourceBundle"},{"name":"arg4","type":"java.lang.String"},{"name":"arg5","type":"java.lang.Object[]"}]},{"name":"logrb","parameters":[{"name":"arg0","type":"java.util.logging.Level"},{"name":"arg1","type":"java.util.ResourceBundle"},{"name":"arg2","type":"java.lang.String"},{"name":"arg3","type":"java.lang.Object[]"}]},{"name":"logrb","parameters":[{"name":"arg0","type":"java.util.logging.Level"},{"name":"arg1","type":"java.lang.String"},{"name":"arg2","type":"java.lang.String"},{"name":"arg3","type":"java.lang.String"},{"name":"arg4","type":"java.lang.String"},{"name":"arg5","type":"java.lang.Throwable"}]},{"name":"logrb","parameters":[{"name":"arg0","type":"java.util.logging.Level"},{"name":"arg1","type":"java.lang.String"},{"name":"arg2","type":"java.lang.String"},{"name":"arg3","type":"java.util.ResourceBundle"},{"name":"arg4","type":"java.lang.String"},{"name":"arg5","type":"java.lang.Throwable"}]},{"name":"logrb","parameters":[{"name":"arg0","type":"java.util.logging.Level"},{"name":"arg1","type":"java.util.ResourceBundle"},{"name":"arg2","type":"java.lang.String"},{"name":"arg3","type":"java.lang.Throwable"}]},{"name":"entering","parameters":[{"name":"arg0","type":"java.lang.String"},{"name":"arg1","type":"java.lang.String"}]},{"name":"entering","parameters":[{"name":"arg0","type":"java.lang.String"},{"name":"arg1","type":"java.lang.String"},{"name":"arg2","type":"java.lang.Object"}]},{"name":"entering","parameters":[{"name":"arg0","type":"java.lang.String"},{"name":"arg1","type":"java.lang.String"},{"name":"arg2","type":"java.lang.Object[]"}]},{"name":"exiting","parameters":[{"name":"arg0","type":"java.lang.String"},{"name":"arg1","type":"java.lang.String"}]},{"name":"exiting","parameters":[{"name":"arg0","type":"java.lang.String"},{"name":"arg1","type":"java.lang.String"},{"name":"arg2","type":"java.lang.Object"}]},{"name":"throwing","parameters":[{"name":"arg0","type":"java.lang.String"},{"name":"arg1","type":"java.lang.String"},{"name":"arg2","type":"java.lang.Throwable"}]},{"name":"severe","parameters":[{"name":"arg0","type":"java.lang.String"}]},{"name":"warning","parameters":[{"name":"arg0","type":"java.lang.String"}]},{"name":"info","parameters":[{"name":"arg0","type":"java.lang.String"}]},{"name":"config","parameters":[{"name":"arg0","type":"java.lang.String"}]},{"name":"fine","parameters":[{"name":"arg0","type":"java.lang.String"}]},{"name":"finer","parameters":[{"name":"arg0","type":"java.lang.String"}]},{"name":"finest","parameters":[{"name":"arg0","type":"java.lang.String"}]},{"name":"severe","parameters":[{"name":"arg0","type":"java.util.function.Supplier"}]},{"name":"warning","parameters":[{"name":"arg0","type":"java.util.function.Supplier"}]},{"name":"info","parameters":[{"name":"arg0","type":"java.util.function.Supplier"}]},{"name":"config","parameters":[{"name":"arg0","type":"java.util.function.Supplier"}]},{"name":"fine","parameters":[{"name":"arg0","type":"java.util.function.Supplier"}]},{"name":"finer","parameters":[{"name":"arg0","type":"java.util.function.Supplier"}]},{"name":"finest","parameters":[{"name":"arg0","type":"java.util.function.Supplier"}]},{"name":"setLevel","parameters":[{"name":"arg0","type":"java.util.logging.Level"}]},{"name":"getLevel","return":"java.util.logging.Level"},{"name":"isLoggable","parameters":[{"name":"arg0","type":"java.util.logging.Level"}],"return":"boolean"},{"name":"getName","return":"java.lang.String"},{"name":"addHandler","parameters":[{"name":"arg0","type":"java.util.logging.Handler"}]},{"name":"removeHandler","parameters":[{"name":"arg0","type":"java.util.logging.Handler"}]},{"name":"getHandlers","return":"java.util.logging.Handler[]"},{"name":"setUseParentHandlers","parameters":[{"name":"arg0","type":"boolean"}]},{"name":"getUseParentHandlers","return":"boolean"},{"name":"setResourceBundle","parameters":[{"name":"arg0","type":"java.util.ResourceBundle"}]},{"name":"getParent","return":"java.util.logging.Logger"},{"static":true,"name":"getLogger","parameters":[{"name":"description","type":"org.bukkit.plugin.PluginDescriptionFile"}],"return":"java.util.logging.Logger"},{"static":true,"name":"getLogger","parameters":[{"name":"meta","type":"io.papermc.paper.plugin.configuration.PluginMeta"}],"return":"java.util.logging.Logger"},{"name":"setParent","parameters":[{"name":"parent","type":"java.util.logging.Logger"}]}],"name":"com.destroystokyo.paper.utils.PaperPluginLogger","simple-name":"PaperPluginLogger","fields":[{"static":true,"name":"GLOBAL_LOGGER_NAME","type":"java.lang.String"},{"static":true,"name":"global","type":"java.util.logging.Logger"}]}