{
  "constructors": [{
    "name": "<init>",
    "parameters": [
      {
        "name": "player",
        "type": "org.bukkit.entity.Player"
      },
      {
        "name": "from",
        "type": "org.bukkit.Location"
      },
      {
        "name": "to",
        "type": "org.bukkit.Location"
      },
      {
        "name": "gateway",
        "type": "org.bukkit.block.EndGateway"
      }
    ]
  }],
  "package": "com.destroystokyo.paper.event.player",
  "methods": [
    {
      "name": "getClass",
      "return": "java.lang.Class"
    },
    {
      "name": "hashCode",
      "return": "int"
    },
    {
      "name": "equals",
      "parameters": [{
        "name": "arg0",
        "type": "java.lang.Object"
      }],
      "return": "boolean"
    },
    {
      "name": "toString",
      "return": "java.lang.String"
    },
    {"name": "notify"},
    {"name": "notifyAll"},
    {"name": "wait"},
    {
      "name": "wait",
      "parameters": [{
        "name": "arg0",
        "type": "long"
      }]
    },
    {
      "name": "wait",
      "parameters": [
        {
          "name": "arg0",
          "type": "long"
        },
        {
          "name": "arg1",
          "type": "int"
        }
      ]
    },
    {
      "name": "callEvent",
      "return": "boolean"
    },
    {
      "name": "getEventName",
      "return": "java.lang.String"
    },
    {
      "name": "isAsynchronous",
      "return": "boolean"
    },
    {
      "name": "getPlayer",
      "return": "org.bukkit.entity.Player"
    },
    {
      "name": "getFrom",
      "return": "org.bukkit.Location"
    },
    {
      "name": "setFrom",
      "parameters": [{
        "name": "from",
        "type": "org.bukkit.Location"
      }]
    },
    {
      "name": "getTo",
      "return": "org.bukkit.Location"
    },
    {
      "name": "setTo",
      "parameters": [{
        "name": "to",
        "type": "org.bukkit.Location"
      }]
    },
    {
      "name": "hasChangedPosition",
      "return": "boolean"
    },
    {
      "name": "hasExplicitlyChangedPosition",
      "return": "boolean"
    },
    {
      "name": "hasChangedBlock",
      "return": "boolean"
    },
    {
      "name": "hasExplicitlyChangedBlock",
      "return": "boolean"
    },
    {
      "name": "hasChangedOrientation",
      "return": "boolean"
    },
    {
      "name": "isCancelled",
      "return": "boolean"
    },
    {
      "name": "setCancelled",
      "parameters": [{
        "name": "cancel",
        "type": "boolean"
      }]
    },
    {
      "static": true,
      "name": "getHandlerList",
      "return": "org.bukkit.event.HandlerList"
    },
    {
      "name": "getCause",
      "return": "org.bukkit.event.player.PlayerTeleportEvent.TeleportCause"
    },
    {
      "name": "getRelativeTeleportationFlags",
      "return": "java.util.Set"
    },
    {
      "name": "willDismountPlayer",
      "return": "boolean"
    },
    {
      "name": "getHandlers",
      "return": "org.bukkit.event.HandlerList"
    },
    {
      "static": true,
      "name": "getHandlerList",
      "return": "org.bukkit.event.HandlerList"
    },
    {
      "name": "getGateway",
      "return": "org.bukkit.block.EndGateway"
    }
  ],
  "name": "com.destroystokyo.paper.event.player.PlayerTeleportEndGatewayEvent",
  "simple-name": "PlayerTeleportEndGatewayEvent"
}