{"package":"com.destroystokyo.paper","methods":[{"name":"getClass","return":"java.lang.Class"},{"name":"notify"},{"name":"notifyAll"},{"name":"wait"},{"name":"wait","parameters":[{"name":"arg0","type":"long"}]},{"name":"wait","parameters":[{"name":"arg0","type":"long"},{"name":"arg1","type":"int"}]},{"name":"name","return":"java.lang.String"},{"name":"ordinal","return":"int"},{"name":"toString","return":"java.lang.String"},{"name":"equals","parameters":[{"name":"arg0","type":"java.lang.Object"}],"return":"boolean"},{"name":"hashCode","return":"int"},{"name":"compareTo","parameters":[{"name":"arg0","type":"java.lang.Enum"}],"return":"int"},{"name":"getDeclaringClass","return":"java.lang.Class"},{"name":"describeConstable","return":"java.util.Optional"},{"static":true,"name":"valueOf","parameters":[{"name":"arg0","type":"java.lang.Class"},{"name":"arg1","type":"java.lang.String"}],"return":"java.lang.Enum"},{"static":true,"name":"values","return":"com.destroystokyo.paper.HeightmapType[]"},{"static":true,"name":"valueOf","parameters":[{"name":"name","type":"java.lang.String"}],"return":"com.destroystokyo.paper.HeightmapType"}],"name":"com.destroystokyo.paper.HeightmapType","simple-name":"HeightmapType","fields":[{"static":true,"name":"LIGHT_BLOCKING","type":"com.destroystokyo.paper.HeightmapType"},{"static":true,"name":"ANY","type":"com.destroystokyo.paper.HeightmapType"},{"static":true,"name":"SOLID","type":"com.destroystokyo.paper.HeightmapType"},{"static":true,"name":"SOLID_OR_LIQUID","type":"com.destroystokyo.paper.HeightmapType"},{"static":true,"name":"SOLID_OR_LIQUID_NO_LEAVES","type":"com.destroystokyo.paper.HeightmapType"}]}