{
  "package": "com.destroystokyo.paper",
  "methods": [
    {
      "name": "getClass",
      "return": "java.lang.Class"
    },
    {
      "name": "hashCode",
      "return": "int"
    },
    {
      "name": "equals",
      "parameters": [{
        "name": "arg0",
        "type": "java.lang.Object"
      }],
      "return": "boolean"
    },
    {
      "name": "toString",
      "return": "java.lang.String"
    },
    {"name": "notify"},
    {"name": "notifyAll"},
    {"name": "wait"},
    {
      "name": "wait",
      "parameters": [{
        "name": "arg0",
        "type": "long"
      }]
    },
    {
      "name": "wait",
      "parameters": [
        {
          "name": "arg0",
          "type": "long"
        },
        {
          "name": "arg1",
          "type": "int"
        }
      ]
    },
    {
      "name": "hasCapeEnabled",
      "return": "boolean"
    },
    {
      "name": "hasJacketEnabled",
      "return": "boolean"
    },
    {
      "name": "hasLeftSleeveEnabled",
      "return": "boolean"
    },
    {
      "name": "hasRightSleeveEnabled",
      "return": "boolean"
    },
    {
      "name": "hasLeftPantsEnabled",
      "return": "boolean"
    },
    {
      "name": "hasRightPantsEnabled",
      "return": "boolean"
    },
    {
      "name": "hasHatsEnabled",
      "return": "boolean"
    },
    {
      "name": "getRaw",
      "return": "int"
    }
  ],
  "name": "com.destroystokyo.paper.SkinParts",
  "simple-name": "SkinParts"
}