{
  "constructors": [{
    "name": "<init>",
    "parameters": [
      {
        "name": "block",
        "type": "org.bukkit.block.Block"
      },
      {
        "name": "blockFace",
        "type": "org.bukkit.block.BlockFace"
      }
    ]
  }],
  "package": "com.destroystokyo.paper.block",
  "methods": [
    {
      "name": "getClass",
      "return": "java.lang.Class"
    },
    {
      "name": "hashCode",
      "return": "int"
    },
    {
      "name": "equals",
      "parameters": [{
        "name": "arg0",
        "type": "java.lang.Object"
      }],
      "return": "boolean"
    },
    {
      "name": "toString",
      "return": "java.lang.String"
    },
    {"name": "notify"},
    {"name": "notifyAll"},
    {"name": "wait"},
    {
      "name": "wait",
      "parameters": [{
        "name": "arg0",
        "type": "long"
      }]
    },
    {
      "name": "wait",
      "parameters": [
        {
          "name": "arg0",
          "type": "long"
        },
        {
          "name": "arg1",
          "type": "int"
        }
      ]
    },
    {
      "name": "getBlock",
      "return": "org.bukkit.block.Block"
    },
    {
      "name": "getBlockFace",
      "return": "org.bukkit.block.BlockFace"
    },
    {
      "name": "getRelativeBlock",
      "return": "org.bukkit.block.Block"
    }
  ],
  "name": "com.destroystokyo.paper.block.TargetBlockInfo",
  "simple-name": "TargetBlockInfo"
}