{"constructors":[{"name":"<init>","parameters":[{"name":"who","type":"org.bukkit.entity.Player"},{"name":"attackedEntity","type":"org.bukkit.entity.Entity"},{"name":"cooledAttackStrength","type":"float"}]}],"package":"com.destroystokyo.paper.event.player","methods":[{"name":"getClass","return":"java.lang.Class"},{"name":"hashCode","return":"int"},{"name":"equals","parameters":[{"name":"arg0","type":"java.lang.Object"}],"return":"boolean"},{"name":"toString","return":"java.lang.String"},{"name":"notify"},{"name":"notifyAll"},{"name":"wait"},{"name":"wait","parameters":[{"name":"arg0","type":"long"}]},{"name":"wait","parameters":[{"name":"arg0","type":"long"},{"name":"arg1","type":"int"}]},{"name":"callEvent","return":"boolean"},{"name":"getEventName","return":"java.lang.String"},{"name":"isAsynchronous","return":"boolean"},{"name":"getPlayer","return":"org.bukkit.entity.Player"},{"name":"getHandlers","return":"org.bukkit.event.HandlerList"},{"static":true,"name":"getHandlerList","return":"org.bukkit.event.HandlerList"},{"name":"isCancelled","return":"boolean"},{"name":"setCancelled","parameters":[{"name":"cancel","type":"boolean"}]},{"name":"getCooledAttackStrength","return":"float"},{"name":"getAttackedEntity","return":"org.bukkit.entity.Entity"}],"name":"com.destroystokyo.paper.event.player.PlayerAttackEntityCooldownResetEvent","simple-name":"PlayerAttackEntityCooldownResetEvent"}