{
  "package": "io.papermc.paper.datacomponent.item",
  "methods": [
    {
      "name": "getClass",
      "return": "java.lang.Class"
    },
    {
      "name": "hashCode",
      "return": "int"
    },
    {
      "name": "equals",
      "parameters": [{
        "name": "arg0",
        "type": "java.lang.Object"
      }],
      "return": "boolean"
    },
    {
      "name": "toString",
      "return": "java.lang.String"
    },
    {"name": "notify"},
    {"name": "notifyAll"},
    {"name": "wait"},
    {
      "name": "wait",
      "parameters": [{
        "name": "arg0",
        "type": "long"
      }]
    },
    {
      "name": "wait",
      "parameters": [
        {
          "name": "arg0",
          "type": "long"
        },
        {
          "name": "arg1",
          "type": "int"
        }
      ]
    },
    {
      "static": true,
      "name": "seededContainerLoot",
      "parameters": [
        {
          "name": "lootTableKey",
          "type": "net.kyori.adventure.key.Key"
        },
        {
          "name": "seed",
          "type": "long"
        }
      ],
      "return": "io.papermc.paper.datacomponent.item.SeededContainerLoot"
    },
    {
      "static": true,
      "name": "seededContainerLoot",
      "parameters": [{
        "name": "lootTableKey",
        "type": "net.kyori.adventure.key.Key"
      }],
      "return": "io.papermc.paper.datacomponent.item.SeededContainerLoot.Builder"
    },
    {
      "name": "lootTable",
      "return": "net.kyori.adventure.key.Key"
    },
    {
      "name": "seed",
      "return": "long"
    }
  ],
  "name": "io.papermc.paper.datacomponent.item.SeededContainerLoot",
  "simple-name": "SeededContainerLoot"
}