{"constructors":[{"name":"<init>","parameters":[{"name":"fromList","type":"java.util.List"},{"name":"toFunction","type":"java.util.function.Function"},{"name":"fromFunction","type":"java.util.function.Function"}]}],"package":"io.papermc.paper.util","methods":[{"name":"getClass","return":"java.lang.Class"},{"name":"notify"},{"name":"notifyAll"},{"name":"wait"},{"name":"wait","parameters":[{"name":"arg0","type":"long"}]},{"name":"wait","parameters":[{"name":"arg0","type":"long"},{"name":"arg1","type":"int"}]},{"name":"forEach","parameters":[{"name":"arg0","type":"java.util.function.Consumer"}]},{"name":"toArray","parameters":[{"name":"arg0","type":"java.util.function.IntFunction"}],"return":"java.lang.Object[]"},{"name":"stream","return":"java.util.stream.Stream"},{"name":"parallelStream","return":"java.util.stream.Stream"},{"name":"contains","parameters":[{"name":"arg0","type":"java.lang.Object"}],"return":"boolean"},{"name":"toArray","return":"java.lang.Object[]"},{"name":"toArray","parameters":[{"name":"arg0","type":"java.lang.Object[]"}],"return":"java.lang.Object[]"},{"name":"remove","parameters":[{"name":"arg0","type":"java.lang.Object"}],"return":"boolean"},{"name":"containsAll","parameters":[{"name":"arg0","type":"java.util.Collection"}],"return":"boolean"},{"name":"addAll","parameters":[{"name":"arg0","type":"java.util.Collection"}],"return":"boolean"},{"name":"removeAll","parameters":[{"name":"arg0","type":"java.util.Collection"}],"return":"boolean"},{"name":"retainAll","parameters":[{"name":"arg0","type":"java.util.Collection"}],"return":"boolean"},{"name":"toString","return":"java.lang.String"},{"name":"contains","parameters":[{"name":"arg0","type":"java.lang.Object"}],"return":"boolean"},{"name":"toArray","return":"java.lang.Object[]"},{"name":"toArray","parameters":[{"name":"arg0","type":"java.lang.Object[]"}],"return":"java.lang.Object[]"},{"name":"remove","parameters":[{"name":"arg0","type":"java.lang.Object"}],"return":"boolean"},{"name":"containsAll","parameters":[{"name":"arg0","type":"java.util.Collection"}],"return":"boolean"},{"name":"addAll","parameters":[{"name":"arg0","type":"java.util.Collection"}],"return":"boolean"},{"name":"removeAll","parameters":[{"name":"arg0","type":"java.util.Collection"}],"return":"boolean"},{"name":"retainAll","parameters":[{"name":"arg0","type":"java.util.Collection"}],"return":"boolean"},{"name":"replaceAll","parameters":[{"name":"arg0","type":"java.util.function.UnaryOperator"}]},{"name":"sort","parameters":[{"name":"arg0","type":"java.util.Comparator"}]},{"name":"spliterator","return":"java.util.Spliterator"},{"name":"add","parameters":[{"name":"arg0","type":"java.lang.Object"}],"return":"boolean"},{"name":"indexOf","parameters":[{"name":"arg0","type":"java.lang.Object"}],"return":"int"},{"name":"lastIndexOf","parameters":[{"name":"arg0","type":"java.lang.Object"}],"return":"int"},{"name":"addAll","parameters":[{"name":"arg0","type":"int"},{"name":"arg1","type":"java.util.Collection"}],"return":"boolean"},{"name":"listIterator","return":"java.util.ListIterator"},{"name":"subList","parameters":[{"name":"arg0","type":"int"},{"name":"arg1","type":"int"}],"return":"java.util.List"},{"name":"equals","parameters":[{"name":"arg0","type":"java.lang.Object"}],"return":"boolean"},{"name":"hashCode","return":"int"},{"name":"clear"},{"name":"get","parameters":[{"name":"index","type":"int"}],"return":"java.lang.Object"},{"name":"iterator","return":"java.util.Iterator"},{"name":"listIterator","parameters":[{"name":"index","type":"int"}],"return":"java.util.ListIterator"},{"name":"isEmpty","return":"boolean"},{"name":"removeIf","parameters":[{"name":"filter","type":"java.util.function.Predicate"}],"return":"boolean"},{"name":"remove","parameters":[{"name":"index","type":"int"}],"return":"java.lang.Object"},{"name":"size","return":"int"},{"name":"set","parameters":[{"name":"i","type":"int"},{"name":"t","type":"java.lang.Object"}],"return":"java.lang.Object"},{"name":"add","parameters":[{"name":"i","type":"int"},{"name":"t","type":"java.lang.Object"}]}],"name":"io.papermc.paper.util.TransformingRandomAccessList","simple-name":"TransformingRandomAccessList"}