{
  "package": "io.papermc.paper.command.brigadier",
  "methods": [
    {
      "name": "getClass",
      "return": "java.lang.Class"
    },
    {
      "name": "hashCode",
      "return": "int"
    },
    {
      "name": "equals",
      "parameters": [{
        "name": "arg0",
        "type": "java.lang.Object"
      }],
      "return": "boolean"
    },
    {
      "name": "toString",
      "return": "java.lang.String"
    },
    {"name": "notify"},
    {"name": "notifyAll"},
    {"name": "wait"},
    {
      "name": "wait",
      "parameters": [{
        "name": "arg0",
        "type": "long"
      }]
    },
    {
      "name": "wait",
      "parameters": [
        {
          "name": "arg0",
          "type": "long"
        },
        {
          "name": "arg1",
          "type": "int"
        }
      ]
    },
    {
      "static": true,
      "name": "literal",
      "parameters": [{
        "name": "literal",
        "type": "java.lang.String"
      }],
      "return": "com.mojang.brigadier.builder.LiteralArgumentBuilder"
    },
    {
      "static": true,
      "name": "argument",
      "parameters": [
        {
          "name": "name",
          "type": "java.lang.String"
        },
        {
          "name": "argumentType",
          "type": "com.mojang.brigadier.arguments.ArgumentType"
        }
      ],
      "return": "com.mojang.brigadier.builder.RequiredArgumentBuilder"
    },
    {
      "name": "getDispatcher",
      "return": "com.mojang.brigadier.CommandDispatcher"
    },
    {
      "name": "register",
      "parameters": [{
        "name": "node",
        "type": "com.mojang.brigadier.tree.LiteralCommandNode"
      }],
      "return": "java.util.Set"
    },
    {
      "name": "register",
      "parameters": [
        {
          "name": "node",
          "type": "com.mojang.brigadier.tree.LiteralCommandNode"
        },
        {
          "name": "description",
          "type": "java.lang.String"
        }
      ],
      "return": "java.util.Set"
    },
    {
      "name": "register",
      "parameters": [
        {
          "name": "node",
          "type": "com.mojang.brigadier.tree.LiteralCommandNode"
        },
        {
          "name": "aliases",
          "type": "java.util.Collection"
        }
      ],
      "return": "java.util.Set"
    },
    {
      "name": "register",
      "parameters": [
        {
          "name": "node",
          "type": "com.mojang.brigadier.tree.LiteralCommandNode"
        },
        {
          "name": "description",
          "type": "java.lang.String"
        },
        {
          "name": "aliases",
          "type": "java.util.Collection"
        }
      ],
      "return": "java.util.Set"
    },
    {
      "name": "register",
      "parameters": [
        {
          "name": "pluginMeta",
          "type": "io.papermc.paper.plugin.configuration.PluginMeta"
        },
        {
          "name": "node",
          "type": "com.mojang.brigadier.tree.LiteralCommandNode"
        },
        {
          "name": "description",
          "type": "java.lang.String"
        },
        {
          "name": "aliases",
          "type": "java.util.Collection"
        }
      ],
      "return": "java.util.Set"
    },
    {
      "name": "registerWithFlags",
      "parameters": [
        {
          "name": "pluginMeta",
          "type": "io.papermc.paper.plugin.configuration.PluginMeta"
        },
        {
          "name": "node",
          "type": "com.mojang.brigadier.tree.LiteralCommandNode"
        },
        {
          "name": "description",
          "type": "java.lang.String"
        },
        {
          "name": "aliases",
          "type": "java.util.Collection"
        },
        {
          "name": "flags",
          "type": "java.util.Set"
        }
      ],
      "return": "java.util.Set"
    },
    {
      "name": "register",
      "parameters": [
        {
          "name": "label",
          "type": "java.lang.String"
        },
        {
          "name": "basicCommand",
          "type": "io.papermc.paper.command.brigadier.BasicCommand"
        }
      ],
      "return": "java.util.Set"
    },
    {
      "name": "register",
      "parameters": [
        {
          "name": "label",
          "type": "java.lang.String"
        },
        {
          "name": "description",
          "type": "java.lang.String"
        },
        {
          "name": "basicCommand",
          "type": "io.papermc.paper.command.brigadier.BasicCommand"
        }
      ],
      "return": "java.util.Set"
    },
    {
      "name": "register",
      "parameters": [
        {
          "name": "label",
          "type": "java.lang.String"
        },
        {
          "name": "aliases",
          "type": "java.util.Collection"
        },
        {
          "name": "basicCommand",
          "type": "io.papermc.paper.command.brigadier.BasicCommand"
        }
      ],
      "return": "java.util.Set"
    },
    {
      "name": "register",
      "parameters": [
        {
          "name": "label",
          "type": "java.lang.String"
        },
        {
          "name": "description",
          "type": "java.lang.String"
        },
        {
          "name": "aliases",
          "type": "java.util.Collection"
        },
        {
          "name": "basicCommand",
          "type": "io.papermc.paper.command.brigadier.BasicCommand"
        }
      ],
      "return": "java.util.Set"
    },
    {
      "name": "register",
      "parameters": [
        {
          "name": "pluginMeta",
          "type": "io.papermc.paper.plugin.configuration.PluginMeta"
        },
        {
          "name": "label",
          "type": "java.lang.String"
        },
        {
          "name": "description",
          "type": "java.lang.String"
        },
        {
          "name": "aliases",
          "type": "java.util.Collection"
        },
        {
          "name": "basicCommand",
          "type": "io.papermc.paper.command.brigadier.BasicCommand"
        }
      ],
      "return": "java.util.Set"
    }
  ],
  "name": "io.papermc.paper.command.brigadier.Commands",
  "simple-name": "Commands"
}