{"package":"io.papermc.paper.event.player","methods":[{"name":"getClass","return":"java.lang.Class"},{"name":"hashCode","return":"int"},{"name":"equals","parameters":[{"name":"arg0","type":"java.lang.Object"}],"return":"boolean"},{"name":"toString","return":"java.lang.String"},{"name":"notify"},{"name":"notifyAll"},{"name":"wait"},{"name":"wait","parameters":[{"name":"arg0","type":"long"}]},{"name":"wait","parameters":[{"name":"arg0","type":"long"},{"name":"arg1","type":"int"}]},{"name":"callEvent","return":"boolean"},{"name":"getEventName","return":"java.lang.String"},{"name":"getHandlers","return":"org.bukkit.event.HandlerList"},{"name":"isAsynchronous","return":"boolean"},{"name":"getPlayer","return":"org.bukkit.entity.Player"},{"name":"viewers","return":"java.util.Set"},{"name":"renderer","parameters":[{"name":"renderer","type":"io.papermc.paper.chat.ChatRenderer"}]},{"name":"renderer","return":"io.papermc.paper.chat.ChatRenderer"},{"name":"message","return":"net.kyori.adventure.text.Component"},{"name":"message","parameters":[{"name":"message","type":"net.kyori.adventure.text.Component"}]},{"name":"originalMessage","return":"net.kyori.adventure.text.Component"},{"name":"signedMessage","return":"net.kyori.adventure.chat.SignedMessage"},{"name":"isCancelled","return":"boolean"},{"name":"setCancelled","parameters":[{"name":"cancelled","type":"boolean"}]}],"name":"io.papermc.paper.event.player.AbstractChatEvent","simple-name":"AbstractChatEvent"}