{"package":"io.papermc.paper.plugin.lifecycle.event.types","methods":[{"name":"getClass","return":"java.lang.Class"},{"name":"hashCode","return":"int"},{"name":"equals","parameters":[{"name":"arg0","type":"java.lang.Object"}],"return":"boolean"},{"name":"toString","return":"java.lang.String"},{"name":"notify"},{"name":"notifyAll"},{"name":"wait"},{"name":"wait","parameters":[{"name":"arg0","type":"long"}]},{"name":"wait","parameters":[{"name":"arg0","type":"long"},{"name":"arg1","type":"int"}]}],"name":"io.papermc.paper.plugin.lifecycle.event.types.LifecycleEvents","simple-name":"LifecycleEvents","fields":[{"static":true,"name":"COMMANDS","type":"io.papermc.paper.plugin.lifecycle.event.types.LifecycleEventType.Prioritizable"}]}