{
  "package": "io.papermc.paper.datacomponent.item",
  "methods": [
    {
      "name": "getClass",
      "return": "java.lang.Class"
    },
    {
      "name": "hashCode",
      "return": "int"
    },
    {
      "name": "equals",
      "parameters": [{
        "name": "arg0",
        "type": "java.lang.Object"
      }],
      "return": "boolean"
    },
    {
      "name": "toString",
      "return": "java.lang.String"
    },
    {"name": "notify"},
    {"name": "notifyAll"},
    {"name": "wait"},
    {
      "name": "wait",
      "parameters": [{
        "name": "arg0",
        "type": "long"
      }]
    },
    {
      "name": "wait",
      "parameters": [
        {
          "name": "arg0",
          "type": "long"
        },
        {
          "name": "arg1",
          "type": "int"
        }
      ]
    },
    {
      "name": "build",
      "return": "java.lang.Object"
    },
    {
      "name": "blockDelaySeconds",
      "parameters": [{
        "name": "delay",
        "type": "float"
      }],
      "return": "io.papermc.paper.datacomponent.item.BlocksAttacks.Builder"
    },
    {
      "name": "disableCooldownScale",
      "parameters": [{
        "name": "scale",
        "type": "float"
      }],
      "return": "io.papermc.paper.datacomponent.item.BlocksAttacks.Builder"
    },
    {
      "name": "addDamageReduction",
      "parameters": [{
        "name": "reduction",
        "type": "io.papermc.paper.datacomponent.item.blocksattacks.DamageReduction"
      }],
      "return": "io.papermc.paper.datacomponent.item.BlocksAttacks.Builder"
    },
    {
      "name": "damageReductions",
      "parameters": [{
        "name": "reductions",
        "type": "java.util.List"
      }],
      "return": "io.papermc.paper.datacomponent.item.BlocksAttacks.Builder"
    },
    {
      "name": "itemDamage",
      "parameters": [{
        "name": "function",
        "type": "io.papermc.paper.datacomponent.item.blocksattacks.ItemDamageFunction"
      }],
      "return": "io.papermc.paper.datacomponent.item.BlocksAttacks.Builder"
    },
    {
      "name": "bypassedBy",
      "parameters": [{
        "name": "bypassedBy",
        "type": "io.papermc.paper.registry.tag.TagKey"
      }],
      "return": "io.papermc.paper.datacomponent.item.BlocksAttacks.Builder"
    },
    {
      "name": "blockSound",
      "parameters": [{
        "name": "sound",
        "type": "net.kyori.adventure.key.Key"
      }],
      "return": "io.papermc.paper.datacomponent.item.BlocksAttacks.Builder"
    },
    {
      "name": "disableSound",
      "parameters": [{
        "name": "sound",
        "type": "net.kyori.adventure.key.Key"
      }],
      "return": "io.papermc.paper.datacomponent.item.BlocksAttacks.Builder"
    }
  ],
  "name": "io.papermc.paper.datacomponent.item.BlocksAttacks.Builder",
  "simple-name": "Builder"
}