{"constructors":[{"name":"<init>","parameters":[{"name":"what","type":"org.bukkit.entity.Tameable"},{"name":"deathMessage","type":"net.kyori.adventure.text.Component"}]}],"package":"io.papermc.paper.event.entity","methods":[{"name":"getClass","return":"java.lang.Class"},{"name":"hashCode","return":"int"},{"name":"equals","parameters":[{"name":"arg0","type":"java.lang.Object"}],"return":"boolean"},{"name":"toString","return":"java.lang.String"},{"name":"notify"},{"name":"notifyAll"},{"name":"wait"},{"name":"wait","parameters":[{"name":"arg0","type":"long"}]},{"name":"wait","parameters":[{"name":"arg0","type":"long"},{"name":"arg1","type":"int"}]},{"name":"callEvent","return":"boolean"},{"name":"getEventName","return":"java.lang.String"},{"name":"isAsynchronous","return":"boolean"},{"name":"getEntityType","return":"org.bukkit.entity.EntityType"},{"name":"deathMessage","parameters":[{"name":"deathMessage","type":"net.kyori.adventure.text.Component"}]},{"name":"deathMessage","return":"net.kyori.adventure.text.Component"},{"name":"isCancelled","return":"boolean"},{"name":"setCancelled","parameters":[{"name":"cancel","type":"boolean"}]},{"name":"getEntity","return":"org.bukkit.entity.Tameable"},{"name":"getHandlers","return":"org.bukkit.event.HandlerList"},{"static":true,"name":"getHandlerList","return":"org.bukkit.event.HandlerList"}],"name":"io.papermc.paper.event.entity.TameableDeathMessageEvent","simple-name":"TameableDeathMessageEvent"}