{
  "package": "io.papermc.paper.registry.keys",
  "methods": [
    {
      "name": "getClass",
      "return": "java.lang.Class"
    },
    {
      "name": "hashCode",
      "return": "int"
    },
    {
      "name": "equals",
      "parameters": [{
        "name": "arg0",
        "type": "java.lang.Object"
      }],
      "return": "boolean"
    },
    {
      "name": "toString",
      "return": "java.lang.String"
    },
    {"name": "notify"},
    {"name": "notifyAll"},
    {"name": "wait"},
    {
      "name": "wait",
      "parameters": [{
        "name": "arg0",
        "type": "long"
      }]
    },
    {
      "name": "wait",
      "parameters": [
        {
          "name": "arg0",
          "type": "long"
        },
        {
          "name": "arg1",
          "type": "int"
        }
      ]
    }
  ],
  "name": "io.papermc.paper.registry.keys.MobEffectKeys",
  "simple-name": "MobEffectKeys",
  "fields": [
    {
      "static": true,
      "name": "ABSORPTION",
      "type": "io.papermc.paper.registry.TypedKey"
    },
    {
      "static": true,
      "name": "BAD_OMEN",
      "type": "io.papermc.paper.registry.TypedKey"
    },
    {
      "static": true,
      "name": "BLINDNESS",
      "type": "io.papermc.paper.registry.TypedKey"
    },
    {
      "static": true,
      "name": "CONDUIT_POWER",
      "type": "io.papermc.paper.registry.TypedKey"
    },
    {
      "static": true,
      "name": "DARKNESS",
      "type": "io.papermc.paper.registry.TypedKey"
    },
    {
      "static": true,
      "name": "DOLPHINS_GRACE",
      "type": "io.papermc.paper.registry.TypedKey"
    },
    {
      "static": true,
      "name": "FIRE_RESISTANCE",
      "type": "io.papermc.paper.registry.TypedKey"
    },
    {
      "static": true,
      "name": "GLOWING",
      "type": "io.papermc.paper.registry.TypedKey"
    },
    {
      "static": true,
      "name": "HASTE",
      "type": "io.papermc.paper.registry.TypedKey"
    },
    {
      "static": true,
      "name": "HEALTH_BOOST",
      "type": "io.papermc.paper.registry.TypedKey"
    },
    {
      "static": true,
      "name": "HERO_OF_THE_VILLAGE",
      "type": "io.papermc.paper.registry.TypedKey"
    },
    {
      "static": true,
      "name": "HUNGER",
      "type": "io.papermc.paper.registry.TypedKey"
    },
    {
      "static": true,
      "name": "INFESTED",
      "type": "io.papermc.paper.registry.TypedKey"
    },
    {
      "static": true,
      "name": "INSTANT_DAMAGE",
      "type": "io.papermc.paper.registry.TypedKey"
    },
    {
      "static": true,
      "name": "INSTANT_HEALTH",
      "type": "io.papermc.paper.registry.TypedKey"
    },
    {
      "static": true,
      "name": "INVISIBILITY",
      "type": "io.papermc.paper.registry.TypedKey"
    },
    {
      "static": true,
      "name": "JUMP_BOOST",
      "type": "io.papermc.paper.registry.TypedKey"
    },
    {
      "static": true,
      "name": "LEVITATION",
      "type": "io.papermc.paper.registry.TypedKey"
    },
    {
      "static": true,
      "name": "LUCK",
      "type": "io.papermc.paper.registry.TypedKey"
    },
    {
      "static": true,
      "name": "MINING_FATIGUE",
      "type": "io.papermc.paper.registry.TypedKey"
    },
    {
      "static": true,
      "name": "NAUSEA",
      "type": "io.papermc.paper.registry.TypedKey"
    },
    {
      "static": true,
      "name": "NIGHT_VISION",
      "type": "io.papermc.paper.registry.TypedKey"
    },
    {
      "static": true,
      "name": "OOZING",
      "type": "io.papermc.paper.registry.TypedKey"
    },
    {
      "static": true,
      "name": "POISON",
      "type": "io.papermc.paper.registry.TypedKey"
    },
    {
      "static": true,
      "name": "RAID_OMEN",
      "type": "io.papermc.paper.registry.TypedKey"
    },
    {
      "static": true,
      "name": "REGENERATION",
      "type": "io.papermc.paper.registry.TypedKey"
    },
    {
      "static": true,
      "name": "RESISTANCE",
      "type": "io.papermc.paper.registry.TypedKey"
    },
    {
      "static": true,
      "name": "SATURATION",
      "type": "io.papermc.paper.registry.TypedKey"
    },
    {
      "static": true,
      "name": "SLOW_FALLING",
      "type": "io.papermc.paper.registry.TypedKey"
    },
    {
      "static": true,
      "name": "SLOWNESS",
      "type": "io.papermc.paper.registry.TypedKey"
    },
    {
      "static": true,
      "name": "SPEED",
      "type": "io.papermc.paper.registry.TypedKey"
    },
    {
      "static": true,
      "name": "STRENGTH",
      "type": "io.papermc.paper.registry.TypedKey"
    },
    {
      "static": true,
      "name": "TRIAL_OMEN",
      "type": "io.papermc.paper.registry.TypedKey"
    },
    {
      "static": true,
      "name": "UNLUCK",
      "type": "io.papermc.paper.registry.TypedKey"
    },
    {
      "static": true,
      "name": "WATER_BREATHING",
      "type": "io.papermc.paper.registry.TypedKey"
    },
    {
      "static": true,
      "name": "WEAKNESS",
      "type": "io.papermc.paper.registry.TypedKey"
    },
    {
      "static": true,
      "name": "WEAVING",
      "type": "io.papermc.paper.registry.TypedKey"
    },
    {
      "static": true,
      "name": "WIND_CHARGED",
      "type": "io.papermc.paper.registry.TypedKey"
    },
    {
      "static": true,
      "name": "WITHER",
      "type": "io.papermc.paper.registry.TypedKey"
    }
  ]
}