{"constructors":[{"name":"<init>","parameters":[{"name":"pos","type":"io.papermc.paper.math.Position"},{"name":"structure","type":"org.bukkit.generator.structure.Structure"}]}],"package":"io.papermc.paper.event.world","methods":[{"name":"getClass","return":"java.lang.Class"},{"name":"notify"},{"name":"notifyAll"},{"name":"wait"},{"name":"wait","parameters":[{"name":"arg0","type":"long"}]},{"name":"wait","parameters":[{"name":"arg0","type":"long"},{"name":"arg1","type":"int"}]},{"name":"position","return":"org.bukkit.Location"},{"name":"toString","return":"java.lang.String"},{"name":"hashCode","return":"int"},{"name":"equals","parameters":[{"name":"o","type":"java.lang.Object"}],"return":"boolean"},{"name":"pos","return":"io.papermc.paper.math.Position"},{"name":"structure","return":"org.bukkit.generator.structure.Structure"}],"name":"io.papermc.paper.event.world.StructuresLocateEvent.Result","simple-name":"Result"}