{"package":"io.papermc.paper.registry.keys","methods":[{"name":"getClass","return":"java.lang.Class"},{"name":"hashCode","return":"int"},{"name":"equals","parameters":[{"name":"arg0","type":"java.lang.Object"}],"return":"boolean"},{"name":"toString","return":"java.lang.String"},{"name":"notify"},{"name":"notifyAll"},{"name":"wait"},{"name":"wait","parameters":[{"name":"arg0","type":"long"}]},{"name":"wait","parameters":[{"name":"arg0","type":"long"},{"name":"arg1","type":"int"}]},{"static":true,"name":"create","parameters":[{"name":"key","type":"net.kyori.adventure.key.Key"}],"return":"io.papermc.paper.registry.TypedKey"}],"name":"io.papermc.paper.registry.keys.WolfVariantKeys","simple-name":"WolfVariantKeys","fields":[{"static":true,"name":"ASHEN","type":"io.papermc.paper.registry.TypedKey"},{"static":true,"name":"BLACK","type":"io.papermc.paper.registry.TypedKey"},{"static":true,"name":"CHESTNUT","type":"io.papermc.paper.registry.TypedKey"},{"static":true,"name":"PALE","type":"io.papermc.paper.registry.TypedKey"},{"static":true,"name":"RUSTY","type":"io.papermc.paper.registry.TypedKey"},{"static":true,"name":"SNOWY","type":"io.papermc.paper.registry.TypedKey"},{"static":true,"name":"SPOTTED","type":"io.papermc.paper.registry.TypedKey"},{"static":true,"name":"STRIPED","type":"io.papermc.paper.registry.TypedKey"},{"static":true,"name":"WOODS","type":"io.papermc.paper.registry.TypedKey"}]}