{"package":"io.papermc.paper.registry","methods":[{"name":"getClass","return":"java.lang.Class"},{"name":"hashCode","return":"int"},{"name":"equals","parameters":[{"name":"arg0","type":"java.lang.Object"}],"return":"boolean"},{"name":"toString","return":"java.lang.String"},{"name":"notify"},{"name":"notifyAll"},{"name":"wait"},{"name":"wait","parameters":[{"name":"arg0","type":"long"}]},{"name":"wait","parameters":[{"name":"arg0","type":"long"},{"name":"arg1","type":"int"}]},{"name":"key","return":"net.kyori.adventure.key.Key"}],"name":"io.papermc.paper.registry.RegistryKey","simple-name":"RegistryKey","fields":[{"static":true,"name":"GAME_EVENT","type":"io.papermc.paper.registry.RegistryKey"},{"static":true,"name":"STRUCTURE_TYPE","type":"io.papermc.paper.registry.RegistryKey"},{"static":true,"name":"BIOME","type":"io.papermc.paper.registry.RegistryKey"},{"static":true,"name":"STRUCTURE","type":"io.papermc.paper.registry.RegistryKey"},{"static":true,"name":"TRIM_MATERIAL","type":"io.papermc.paper.registry.RegistryKey"},{"static":true,"name":"TRIM_PATTERN","type":"io.papermc.paper.registry.RegistryKey"}]}