{
  "package": "io.papermc.paper.math",
  "methods": [
    {
      "name": "getClass",
      "return": "java.lang.Class"
    },
    {
      "name": "hashCode",
      "return": "int"
    },
    {
      "name": "equals",
      "parameters": [{
        "name": "arg0",
        "type": "java.lang.Object"
      }],
      "return": "boolean"
    },
    {
      "name": "toString",
      "return": "java.lang.String"
    },
    {"name": "notify"},
    {"name": "notifyAll"},
    {"name": "wait"},
    {
      "name": "wait",
      "parameters": [{
        "name": "arg0",
        "type": "long"
      }]
    },
    {
      "name": "wait",
      "parameters": [
        {
          "name": "arg0",
          "type": "long"
        },
        {
          "name": "arg1",
          "type": "int"
        }
      ]
    },
    {
      "name": "blockX",
      "return": "int"
    },
    {
      "name": "blockY",
      "return": "int"
    },
    {
      "name": "blockZ",
      "return": "int"
    },
    {
      "name": "x",
      "return": "double"
    },
    {
      "name": "y",
      "return": "double"
    },
    {
      "name": "z",
      "return": "double"
    },
    {
      "name": "isBlock",
      "return": "boolean"
    },
    {
      "name": "isFine",
      "return": "boolean"
    },
    {
      "name": "isFinite",
      "return": "boolean"
    },
    {
      "name": "offset",
      "parameters": [
        {
          "name": "x",
          "type": "int"
        },
        {
          "name": "y",
          "type": "int"
        },
        {
          "name": "z",
          "type": "int"
        }
      ],
      "return": "io.papermc.paper.math.Position"
    },
    {
      "name": "offset",
      "parameters": [
        {
          "name": "x",
          "type": "double"
        },
        {
          "name": "y",
          "type": "double"
        },
        {
          "name": "z",
          "type": "double"
        }
      ],
      "return": "io.papermc.paper.math.FinePosition"
    },
    {
      "name": "toCenter",
      "return": "io.papermc.paper.math.FinePosition"
    },
    {
      "name": "toBlock",
      "return": "io.papermc.paper.math.BlockPosition"
    },
    {
      "name": "toVector",
      "return": "org.bukkit.util.Vector"
    },
    {
      "name": "toLocation",
      "parameters": [{
        "name": "world",
        "type": "org.bukkit.World"
      }],
      "return": "org.bukkit.Location"
    },
    {
      "static": true,
      "name": "block",
      "parameters": [
        {
          "name": "x",
          "type": "int"
        },
        {
          "name": "y",
          "type": "int"
        },
        {
          "name": "z",
          "type": "int"
        }
      ],
      "return": "io.papermc.paper.math.BlockPosition"
    },
    {
      "static": true,
      "name": "block",
      "parameters": [{
        "name": "location",
        "type": "org.bukkit.Location"
      }],
      "return": "io.papermc.paper.math.BlockPosition"
    },
    {
      "static": true,
      "name": "fine",
      "parameters": [
        {
          "name": "x",
          "type": "double"
        },
        {
          "name": "y",
          "type": "double"
        },
        {
          "name": "z",
          "type": "double"
        }
      ],
      "return": "io.papermc.paper.math.FinePosition"
    },
    {
      "static": true,
      "name": "fine",
      "parameters": [{
        "name": "location",
        "type": "org.bukkit.Location"
      }],
      "return": "io.papermc.paper.math.FinePosition"
    }
  ],
  "name": "io.papermc.paper.math.Position",
  "simple-name": "Position",
  "fields": [
    {
      "static": true,
      "name": "FINE_ZERO",
      "type": "io.papermc.paper.math.FinePosition"
    },
    {
      "static": true,
      "name": "BLOCK_ZERO",
      "type": "io.papermc.paper.math.BlockPosition"
    }
  ]
}