{"package":"io.papermc.paper.registry.keys","methods":[{"name":"getClass","return":"java.lang.Class"},{"name":"hashCode","return":"int"},{"name":"equals","parameters":[{"name":"arg0","type":"java.lang.Object"}],"return":"boolean"},{"name":"toString","return":"java.lang.String"},{"name":"notify"},{"name":"notifyAll"},{"name":"wait"},{"name":"wait","parameters":[{"name":"arg0","type":"long"}]},{"name":"wait","parameters":[{"name":"arg0","type":"long"},{"name":"arg1","type":"int"}]},{"static":true,"name":"create","parameters":[{"name":"key","type":"net.kyori.adventure.key.Key"}],"return":"io.papermc.paper.registry.TypedKey"}],"name":"io.papermc.paper.registry.keys.GameEventKeys","simple-name":"GameEventKeys","fields":[{"static":true,"name":"BLOCK_ACTIVATE","type":"io.papermc.paper.registry.TypedKey"},{"static":true,"name":"BLOCK_ATTACH","type":"io.papermc.paper.registry.TypedKey"},{"static":true,"name":"BLOCK_CHANGE","type":"io.papermc.paper.registry.TypedKey"},{"static":true,"name":"BLOCK_CLOSE","type":"io.papermc.paper.registry.TypedKey"},{"static":true,"name":"BLOCK_DEACTIVATE","type":"io.papermc.paper.registry.TypedKey"},{"static":true,"name":"BLOCK_DESTROY","type":"io.papermc.paper.registry.TypedKey"},{"static":true,"name":"BLOCK_DETACH","type":"io.papermc.paper.registry.TypedKey"},{"static":true,"name":"BLOCK_OPEN","type":"io.papermc.paper.registry.TypedKey"},{"static":true,"name":"BLOCK_PLACE","type":"io.papermc.paper.registry.TypedKey"},{"static":true,"name":"CONTAINER_CLOSE","type":"io.papermc.paper.registry.TypedKey"},{"static":true,"name":"CONTAINER_OPEN","type":"io.papermc.paper.registry.TypedKey"},{"static":true,"name":"DRINK","type":"io.papermc.paper.registry.TypedKey"},{"static":true,"name":"EAT","type":"io.papermc.paper.registry.TypedKey"},{"static":true,"name":"ELYTRA_GLIDE","type":"io.papermc.paper.registry.TypedKey"},{"static":true,"name":"ENTITY_DAMAGE","type":"io.papermc.paper.registry.TypedKey"},{"static":true,"name":"ENTITY_DIE","type":"io.papermc.paper.registry.TypedKey"},{"static":true,"name":"ENTITY_DISMOUNT","type":"io.papermc.paper.registry.TypedKey"},{"static":true,"name":"ENTITY_INTERACT","type":"io.papermc.paper.registry.TypedKey"},{"static":true,"name":"ENTITY_MOUNT","type":"io.papermc.paper.registry.TypedKey"},{"static":true,"name":"ENTITY_PLACE","type":"io.papermc.paper.registry.TypedKey"},{"static":true,"name":"ENTITY_ACTION","type":"io.papermc.paper.registry.TypedKey"},{"static":true,"name":"EQUIP","type":"io.papermc.paper.registry.TypedKey"},{"static":true,"name":"EXPLODE","type":"io.papermc.paper.registry.TypedKey"},{"static":true,"name":"FLAP","type":"io.papermc.paper.registry.TypedKey"},{"static":true,"name":"FLUID_PICKUP","type":"io.papermc.paper.registry.TypedKey"},{"static":true,"name":"FLUID_PLACE","type":"io.papermc.paper.registry.TypedKey"},{"static":true,"name":"HIT_GROUND","type":"io.papermc.paper.registry.TypedKey"},{"static":true,"name":"INSTRUMENT_PLAY","type":"io.papermc.paper.registry.TypedKey"},{"static":true,"name":"ITEM_INTERACT_FINISH","type":"io.papermc.paper.registry.TypedKey"},{"static":true,"name":"ITEM_INTERACT_START","type":"io.papermc.paper.registry.TypedKey"},{"static":true,"name":"JUKEBOX_PLAY","type":"io.papermc.paper.registry.TypedKey"},{"static":true,"name":"JUKEBOX_STOP_PLAY","type":"io.papermc.paper.registry.TypedKey"},{"static":true,"name":"LIGHTNING_STRIKE","type":"io.papermc.paper.registry.TypedKey"},{"static":true,"name":"NOTE_BLOCK_PLAY","type":"io.papermc.paper.registry.TypedKey"},{"static":true,"name":"PRIME_FUSE","type":"io.papermc.paper.registry.TypedKey"},{"static":true,"name":"PROJECTILE_LAND","type":"io.papermc.paper.registry.TypedKey"},{"static":true,"name":"PROJECTILE_SHOOT","type":"io.papermc.paper.registry.TypedKey"},{"static":true,"name":"SCULK_SENSOR_TENDRILS_CLICKING","type":"io.papermc.paper.registry.TypedKey"},{"static":true,"name":"SHEAR","type":"io.papermc.paper.registry.TypedKey"},{"static":true,"name":"SHRIEK","type":"io.papermc.paper.registry.TypedKey"},{"static":true,"name":"SPLASH","type":"io.papermc.paper.registry.TypedKey"},{"static":true,"name":"STEP","type":"io.papermc.paper.registry.TypedKey"},{"static":true,"name":"SWIM","type":"io.papermc.paper.registry.TypedKey"},{"static":true,"name":"TELEPORT","type":"io.papermc.paper.registry.TypedKey"},{"static":true,"name":"UNEQUIP","type":"io.papermc.paper.registry.TypedKey"},{"static":true,"name":"RESONATE_1","type":"io.papermc.paper.registry.TypedKey"},{"static":true,"name":"RESONATE_2","type":"io.papermc.paper.registry.TypedKey"},{"static":true,"name":"RESONATE_3","type":"io.papermc.paper.registry.TypedKey"},{"static":true,"name":"RESONATE_4","type":"io.papermc.paper.registry.TypedKey"},{"static":true,"name":"RESONATE_5","type":"io.papermc.paper.registry.TypedKey"},{"static":true,"name":"RESONATE_6","type":"io.papermc.paper.registry.TypedKey"},{"static":true,"name":"RESONATE_7","type":"io.papermc.paper.registry.TypedKey"},{"static":true,"name":"RESONATE_8","type":"io.papermc.paper.registry.TypedKey"},{"static":true,"name":"RESONATE_9","type":"io.papermc.paper.registry.TypedKey"},{"static":true,"name":"RESONATE_10","type":"io.papermc.paper.registry.TypedKey"},{"static":true,"name":"RESONATE_11","type":"io.papermc.paper.registry.TypedKey"},{"static":true,"name":"RESONATE_12","type":"io.papermc.paper.registry.TypedKey"},{"static":true,"name":"RESONATE_13","type":"io.papermc.paper.registry.TypedKey"},{"static":true,"name":"RESONATE_14","type":"io.papermc.paper.registry.TypedKey"},{"static":true,"name":"RESONATE_15","type":"io.papermc.paper.registry.TypedKey"}]}