{
  "package": "io.papermc.paper.registry.data",
  "methods": [
    {
      "name": "getClass",
      "return": "java.lang.Class"
    },
    {
      "name": "hashCode",
      "return": "int"
    },
    {
      "name": "equals",
      "parameters": [{
        "name": "arg0",
        "type": "java.lang.Object"
      }],
      "return": "boolean"
    },
    {
      "name": "toString",
      "return": "java.lang.String"
    },
    {"name": "notify"},
    {"name": "notifyAll"},
    {"name": "wait"},
    {
      "name": "wait",
      "parameters": [{
        "name": "arg0",
        "type": "long"
      }]
    },
    {
      "name": "wait",
      "parameters": [
        {
          "name": "arg0",
          "type": "long"
        },
        {
          "name": "arg1",
          "type": "int"
        }
      ]
    },
    {
      "name": "messageId",
      "return": "java.lang.String"
    },
    {
      "name": "exhaustion",
      "return": "float"
    },
    {
      "name": "damageScaling",
      "return": "org.bukkit.damage.DamageScaling"
    },
    {
      "name": "damageEffect",
      "return": "org.bukkit.damage.DamageEffect"
    },
    {
      "name": "deathMessageType",
      "return": "org.bukkit.damage.DeathMessageType"
    },
    {
      "name": "messageId",
      "parameters": [{
        "name": "messageId",
        "type": "java.lang.String"
      }],
      "return": "io.papermc.paper.registry.data.DamageTypeRegistryEntry.Builder"
    },
    {
      "name": "exhaustion",
      "parameters": [{
        "name": "exhaustion",
        "type": "float"
      }],
      "return": "io.papermc.paper.registry.data.DamageTypeRegistryEntry.Builder"
    },
    {
      "name": "damageScaling",
      "parameters": [{
        "name": "scaling",
        "type": "org.bukkit.damage.DamageScaling"
      }],
      "return": "io.papermc.paper.registry.data.DamageTypeRegistryEntry.Builder"
    },
    {
      "name": "damageEffect",
      "parameters": [{
        "name": "effect",
        "type": "org.bukkit.damage.DamageEffect"
      }],
      "return": "io.papermc.paper.registry.data.DamageTypeRegistryEntry.Builder"
    },
    {
      "name": "deathMessageType",
      "parameters": [{
        "name": "deathMessageType",
        "type": "org.bukkit.damage.DeathMessageType"
      }],
      "return": "io.papermc.paper.registry.data.DamageTypeRegistryEntry.Builder"
    }
  ],
  "name": "io.papermc.paper.registry.data.DamageTypeRegistryEntry.Builder",
  "simple-name": "Builder"
}