{
  "package": "io.papermc.paper.registry.data.dialog",
  "methods": [
    {
      "name": "getClass",
      "return": "java.lang.Class"
    },
    {
      "name": "hashCode",
      "return": "int"
    },
    {
      "name": "equals",
      "parameters": [{
        "name": "arg0",
        "type": "java.lang.Object"
      }],
      "return": "boolean"
    },
    {
      "name": "toString",
      "return": "java.lang.String"
    },
    {"name": "notify"},
    {"name": "notifyAll"},
    {"name": "wait"},
    {
      "name": "wait",
      "parameters": [{
        "name": "arg0",
        "type": "long"
      }]
    },
    {
      "name": "wait",
      "parameters": [
        {
          "name": "arg0",
          "type": "long"
        },
        {
          "name": "arg1",
          "type": "int"
        }
      ]
    },
    {
      "static": true,
      "name": "create",
      "parameters": [
        {
          "name": "label",
          "type": "net.kyori.adventure.text.Component"
        },
        {
          "name": "tooltip",
          "type": "net.kyori.adventure.text.Component"
        },
        {
          "name": "width",
          "type": "int"
        },
        {
          "name": "action",
          "type": "io.papermc.paper.registry.data.dialog.action.DialogAction"
        }
      ],
      "return": "io.papermc.paper.registry.data.dialog.ActionButton"
    },
    {
      "static": true,
      "name": "builder",
      "parameters": [{
        "name": "label",
        "type": "net.kyori.adventure.text.Component"
      }],
      "return": "io.papermc.paper.registry.data.dialog.ActionButton.Builder"
    },
    {
      "name": "label",
      "return": "net.kyori.adventure.text.Component"
    },
    {
      "name": "tooltip",
      "return": "net.kyori.adventure.text.Component"
    },
    {
      "name": "width",
      "return": "to=1024L) int"
    },
    {
      "name": "action",
      "return": "io.papermc.paper.registry.data.dialog.action.DialogAction"
    }
  ],
  "name": "io.papermc.paper.registry.data.dialog.ActionButton",
  "simple-name": "ActionButton"
}