{
  "constructors": [{
    "name": "<init>",
    "parameters": [
      {
        "name": "block",
        "type": "org.bukkit.block.Block"
      },
      {
        "name": "player",
        "type": "org.bukkit.entity.Player"
      },
      {
        "name": "lockedMessage",
        "type": "net.kyori.adventure.text.Component"
      },
      {
        "name": "lockedSound",
        "type": "net.kyori.adventure.sound.Sound"
      }
    ]
  }],
  "package": "io.papermc.paper.event.block",
  "methods": [
    {
      "name": "getClass",
      "return": "java.lang.Class"
    },
    {
      "name": "hashCode",
      "return": "int"
    },
    {
      "name": "equals",
      "parameters": [{
        "name": "arg0",
        "type": "java.lang.Object"
      }],
      "return": "boolean"
    },
    {
      "name": "toString",
      "return": "java.lang.String"
    },
    {"name": "notify"},
    {"name": "notifyAll"},
    {"name": "wait"},
    {
      "name": "wait",
      "parameters": [{
        "name": "arg0",
        "type": "long"
      }]
    },
    {
      "name": "wait",
      "parameters": [
        {
          "name": "arg0",
          "type": "long"
        },
        {
          "name": "arg1",
          "type": "int"
        }
      ]
    },
    {
      "name": "callEvent",
      "return": "boolean"
    },
    {
      "name": "getEventName",
      "return": "java.lang.String"
    },
    {
      "name": "isAsynchronous",
      "return": "boolean"
    },
    {
      "name": "getBlock",
      "return": "org.bukkit.block.Block"
    },
    {
      "name": "getBlockState",
      "return": "io.papermc.paper.block.LockableTileState"
    },
    {
      "name": "getPlayer",
      "return": "org.bukkit.entity.Player"
    },
    {
      "name": "getKeyItem",
      "return": "org.bukkit.inventory.ItemStack"
    },
    {
      "name": "setKeyItem",
      "parameters": [{
        "name": "stack",
        "type": "org.bukkit.inventory.ItemStack"
      }]
    },
    {"name": "resetKeyItem"},
    {
      "name": "isUsingCustomKeyItemStack",
      "return": "boolean"
    },
    {
      "name": "getResult",
      "return": "org.bukkit.event.Event.Result"
    },
    {
      "name": "setResult",
      "parameters": [{
        "name": "result",
        "type": "org.bukkit.event.Event.Result"
      }]
    },
    {
      "name": "denyWithMessageAndSound",
      "parameters": [
        {
          "name": "lockedMessage",
          "type": "net.kyori.adventure.text.Component"
        },
        {
          "name": "lockedSound",
          "type": "net.kyori.adventure.sound.Sound"
        }
      ]
    },
    {
      "name": "getLockedMessage",
      "return": "net.kyori.adventure.text.Component"
    },
    {
      "name": "setLockedMessage",
      "parameters": [{
        "name": "lockedMessage",
        "type": "net.kyori.adventure.text.Component"
      }]
    },
    {
      "name": "getLockedSound",
      "return": "net.kyori.adventure.sound.Sound"
    },
    {
      "name": "setLockedSound",
      "parameters": [{
        "name": "lockedSound",
        "type": "net.kyori.adventure.sound.Sound"
      }]
    },
    {
      "name": "getHandlers",
      "return": "org.bukkit.event.HandlerList"
    },
    {
      "static": true,
      "name": "getHandlerList",
      "return": "org.bukkit.event.HandlerList"
    }
  ],
  "name": "io.papermc.paper.event.block.BlockLockCheckEvent",
  "simple-name": "BlockLockCheckEvent"
}