{
  "package": "io.papermc.paper.registry.data.dialog",
  "methods": [
    {
      "name": "getClass",
      "return": "java.lang.Class"
    },
    {
      "name": "hashCode",
      "return": "int"
    },
    {
      "name": "equals",
      "parameters": [{
        "name": "arg0",
        "type": "java.lang.Object"
      }],
      "return": "boolean"
    },
    {
      "name": "toString",
      "return": "java.lang.String"
    },
    {"name": "notify"},
    {"name": "notifyAll"},
    {"name": "wait"},
    {
      "name": "wait",
      "parameters": [{
        "name": "arg0",
        "type": "long"
      }]
    },
    {
      "name": "wait",
      "parameters": [
        {
          "name": "arg0",
          "type": "long"
        },
        {
          "name": "arg1",
          "type": "int"
        }
      ]
    },
    {
      "name": "externalTitle",
      "parameters": [{
        "name": "externalTitle",
        "type": "net.kyori.adventure.text.Component"
      }],
      "return": "io.papermc.paper.registry.data.dialog.DialogBase.Builder"
    },
    {
      "name": "canCloseWithEscape",
      "parameters": [{
        "name": "canCloseWithEscape",
        "type": "boolean"
      }],
      "return": "io.papermc.paper.registry.data.dialog.DialogBase.Builder"
    },
    {
      "name": "pause",
      "parameters": [{
        "name": "pause",
        "type": "boolean"
      }],
      "return": "io.papermc.paper.registry.data.dialog.DialogBase.Builder"
    },
    {
      "name": "afterAction",
      "parameters": [{
        "name": "afterAction",
        "type": "io.papermc.paper.registry.data.dialog.DialogBase.DialogAfterAction"
      }],
      "return": "io.papermc.paper.registry.data.dialog.DialogBase.Builder"
    },
    {
      "name": "body",
      "parameters": [{
        "name": "body",
        "type": "java.util.List"
      }],
      "return": "io.papermc.paper.registry.data.dialog.DialogBase.Builder"
    },
    {
      "name": "inputs",
      "parameters": [{
        "name": "inputs",
        "type": "java.util.List"
      }],
      "return": "io.papermc.paper.registry.data.dialog.DialogBase.Builder"
    },
    {
      "name": "build",
      "return": "io.papermc.paper.registry.data.dialog.DialogBase"
    }
  ],
  "name": "io.papermc.paper.registry.data.dialog.DialogBase.Builder",
  "simple-name": "Builder"
}