{"constructors":[{"name":"<init>","parameters":[{"name":"who","type":"org.bukkit.entity.Player"},{"name":"failReason","type":"io.papermc.paper.event.player.PlayerFailMoveEvent.FailReason"},{"name":"allowed","type":"boolean"},{"name":"logWarning","type":"boolean"},{"name":"from","type":"org.bukkit.Location"},{"name":"to","type":"org.bukkit.Location"}]}],"package":"io.papermc.paper.event.player","methods":[{"name":"getClass","return":"java.lang.Class"},{"name":"hashCode","return":"int"},{"name":"equals","parameters":[{"name":"arg0","type":"java.lang.Object"}],"return":"boolean"},{"name":"toString","return":"java.lang.String"},{"name":"notify"},{"name":"notifyAll"},{"name":"wait"},{"name":"wait","parameters":[{"name":"arg0","type":"long"}]},{"name":"wait","parameters":[{"name":"arg0","type":"long"},{"name":"arg1","type":"int"}]},{"name":"callEvent","return":"boolean"},{"name":"getEventName","return":"java.lang.String"},{"name":"isAsynchronous","return":"boolean"},{"name":"getPlayer","return":"org.bukkit.entity.Player"},{"name":"getFailReason","return":"io.papermc.paper.event.player.PlayerFailMoveEvent.FailReason"},{"name":"getFrom","return":"org.bukkit.Location"},{"name":"getTo","return":"org.bukkit.Location"},{"name":"isAllowed","return":"boolean"},{"name":"setAllowed","parameters":[{"name":"allowed","type":"boolean"}]},{"name":"getLogWarning","return":"boolean"},{"name":"setLogWarning","parameters":[{"name":"logWarning","type":"boolean"}]},{"name":"getHandlers","return":"org.bukkit.event.HandlerList"},{"static":true,"name":"getHandlerList","return":"org.bukkit.event.HandlerList"}],"name":"io.papermc.paper.event.player.PlayerFailMoveEvent","simple-name":"PlayerFailMoveEvent"}