{"package":"io.papermc.paper.plugin.bootstrap","methods":[{"name":"getClass","return":"java.lang.Class"},{"name":"hashCode","return":"int"},{"name":"equals","parameters":[{"name":"arg0","type":"java.lang.Object"}],"return":"boolean"},{"name":"toString","return":"java.lang.String"},{"name":"notify"},{"name":"notifyAll"},{"name":"wait"},{"name":"wait","parameters":[{"name":"arg0","type":"long"}]},{"name":"wait","parameters":[{"name":"arg0","type":"long"},{"name":"arg1","type":"int"}]},{"name":"getPluginMeta","return":"io.papermc.paper.plugin.configuration.PluginMeta"},{"name":"getConfiguration","return":"io.papermc.paper.plugin.configuration.PluginMeta"},{"name":"getDataDirectory","return":"java.nio.file.Path"},{"name":"getLogger","return":"net.kyori.adventure.text.logger.slf4j.ComponentLogger"},{"name":"getPluginSource","return":"java.nio.file.Path"},{"name":"getLifecycleManager","return":"io.papermc.paper.plugin.lifecycle.event.LifecycleEventManager"}],"name":"io.papermc.paper.plugin.bootstrap.BootstrapContext","simple-name":"BootstrapContext"}