{"package":"io.papermc.paper.threadedregions.scheduler","methods":[{"name":"getClass","return":"java.lang.Class"},{"name":"hashCode","return":"int"},{"name":"equals","parameters":[{"name":"arg0","type":"java.lang.Object"}],"return":"boolean"},{"name":"toString","return":"java.lang.String"},{"name":"notify"},{"name":"notifyAll"},{"name":"wait"},{"name":"wait","parameters":[{"name":"arg0","type":"long"}]},{"name":"wait","parameters":[{"name":"arg0","type":"long"},{"name":"arg1","type":"int"}]},{"name":"getOwningPlugin","return":"org.bukkit.plugin.Plugin"},{"name":"isRepeatingTask","return":"boolean"},{"name":"cancel","return":"io.papermc.paper.threadedregions.scheduler.ScheduledTask.CancelledState"},{"name":"getExecutionState","return":"io.papermc.paper.threadedregions.scheduler.ScheduledTask.ExecutionState"},{"name":"isCancelled","return":"boolean"}],"name":"io.papermc.paper.threadedregions.scheduler.ScheduledTask","simple-name":"ScheduledTask"}