{
  "package": "io.papermc.paper.plugin.provider.classloader",
  "methods": [
    {
      "name": "getClass",
      "return": "java.lang.Class"
    },
    {
      "name": "hashCode",
      "return": "int"
    },
    {
      "name": "equals",
      "parameters": [{
        "name": "arg0",
        "type": "java.lang.Object"
      }],
      "return": "boolean"
    },
    {
      "name": "toString",
      "return": "java.lang.String"
    },
    {"name": "notify"},
    {"name": "notifyAll"},
    {"name": "wait"},
    {
      "name": "wait",
      "parameters": [{
        "name": "arg0",
        "type": "long"
      }]
    },
    {
      "name": "wait",
      "parameters": [
        {
          "name": "arg0",
          "type": "long"
        },
        {
          "name": "arg1",
          "type": "int"
        }
      ]
    },
    {"name": "close"},
    {
      "name": "getConfiguration",
      "return": "io.papermc.paper.plugin.configuration.PluginMeta"
    },
    {
      "name": "loadClass",
      "parameters": [
        {
          "name": "name",
          "type": "java.lang.String"
        },
        {
          "name": "resolve",
          "type": "boolean"
        },
        {
          "name": "checkGlobal",
          "type": "boolean"
        },
        {
          "name": "checkLibraries",
          "type": "boolean"
        }
      ],
      "return": "java.lang.Class"
    },
    {
      "name": "init",
      "parameters": [{
        "name": "plugin",
        "type": "org.bukkit.plugin.java.JavaPlugin"
      }]
    },
    {
      "name": "getPlugin",
      "return": "org.bukkit.plugin.java.JavaPlugin"
    },
    {
      "name": "getGroup",
      "return": "io.papermc.paper.plugin.provider.classloader.PluginClassLoaderGroup"
    }
  ],
  "name": "io.papermc.paper.plugin.provider.classloader.ConfiguredPluginClassLoader",
  "simple-name": "ConfiguredPluginClassLoader"
}