{"package":"io.papermc.paper.registry","methods":[{"name":"getClass","return":"java.lang.Class"},{"name":"hashCode","return":"int"},{"name":"equals","parameters":[{"name":"arg0","type":"java.lang.Object"}],"return":"boolean"},{"name":"toString","return":"java.lang.String"},{"name":"notify"},{"name":"notifyAll"},{"name":"wait"},{"name":"wait","parameters":[{"name":"arg0","type":"long"}]},{"name":"wait","parameters":[{"name":"arg0","type":"long"},{"name":"arg1","type":"int"}]},{"name":"key","return":"net.kyori.adventure.key.Key"},{"name":"registryKey","return":"io.papermc.paper.registry.RegistryKey"},{"static":true,"name":"create","parameters":[{"name":"registryKey","type":"io.papermc.paper.registry.RegistryKey"},{"name":"key","type":"net.kyori.adventure.key.Key"}],"return":"io.papermc.paper.registry.TypedKey"}],"name":"io.papermc.paper.registry.TypedKey","simple-name":"TypedKey"}