{"package":"io.papermc.paper.advancement","methods":[{"name":"getClass","return":"java.lang.Class"},{"name":"hashCode","return":"int"},{"name":"equals","parameters":[{"name":"arg0","type":"java.lang.Object"}],"return":"boolean"},{"name":"toString","return":"java.lang.String"},{"name":"notify"},{"name":"notifyAll"},{"name":"wait"},{"name":"wait","parameters":[{"name":"arg0","type":"long"}]},{"name":"wait","parameters":[{"name":"arg0","type":"long"},{"name":"arg1","type":"int"}]},{"name":"frame","return":"io.papermc.paper.advancement.AdvancementDisplay.Frame"},{"name":"title","return":"net.kyori.adventure.text.Component"},{"name":"description","return":"net.kyori.adventure.text.Component"},{"name":"icon","return":"org.bukkit.inventory.ItemStack"},{"name":"doesShowToast","return":"boolean"},{"name":"doesAnnounceToChat","return":"boolean"},{"name":"isHidden","return":"boolean"},{"name":"backgroundPath","return":"org.bukkit.NamespacedKey"},{"name":"displayName","return":"net.kyori.adventure.text.Component"}],"name":"io.papermc.paper.advancement.AdvancementDisplay","simple-name":"AdvancementDisplay"}