{
  "package": "io.papermc.paper.plugin.lifecycle.event.registrar",
  "methods": [
    {
      "name": "getClass",
      "return": "java.lang.Class"
    },
    {
      "name": "hashCode",
      "return": "int"
    },
    {
      "name": "equals",
      "parameters": [{
        "name": "arg0",
        "type": "java.lang.Object"
      }],
      "return": "boolean"
    },
    {
      "name": "toString",
      "return": "java.lang.String"
    },
    {"name": "notify"},
    {"name": "notifyAll"},
    {"name": "wait"},
    {
      "name": "wait",
      "parameters": [{
        "name": "arg0",
        "type": "long"
      }]
    },
    {
      "name": "wait",
      "parameters": [
        {
          "name": "arg0",
          "type": "long"
        },
        {
          "name": "arg1",
          "type": "int"
        }
      ]
    },
    {
      "name": "registrar",
      "return": "io.papermc.paper.plugin.lifecycle.event.registrar.Registrar"
    },
    {
      "name": "cause",
      "return": "io.papermc.paper.plugin.lifecycle.event.registrar.ReloadableRegistrarEvent.Cause"
    }
  ],
  "name": "io.papermc.paper.plugin.lifecycle.event.registrar.ReloadableRegistrarEvent",
  "simple-name": "ReloadableRegistrarEvent"
}