{
  "package": "io.papermc.paper.registry.data.dialog",
  "methods": [
    {
      "name": "getClass",
      "return": "java.lang.Class"
    },
    {
      "name": "hashCode",
      "return": "int"
    },
    {
      "name": "equals",
      "parameters": [{
        "name": "arg0",
        "type": "java.lang.Object"
      }],
      "return": "boolean"
    },
    {
      "name": "toString",
      "return": "java.lang.String"
    },
    {"name": "notify"},
    {"name": "notifyAll"},
    {"name": "wait"},
    {
      "name": "wait",
      "parameters": [{
        "name": "arg0",
        "type": "long"
      }]
    },
    {
      "name": "wait",
      "parameters": [
        {
          "name": "arg0",
          "type": "long"
        },
        {
          "name": "arg1",
          "type": "int"
        }
      ]
    },
    {
      "name": "base",
      "return": "io.papermc.paper.registry.data.dialog.DialogBase"
    },
    {
      "name": "type",
      "return": "io.papermc.paper.registry.data.dialog.type.DialogType"
    },
    {
      "name": "registryValueSet",
      "return": "io.papermc.paper.registry.set.RegistryValueSetBuilder"
    },
    {
      "name": "base",
      "parameters": [{
        "name": "dialogBase",
        "type": "io.papermc.paper.registry.data.dialog.DialogBase"
      }],
      "return": "io.papermc.paper.registry.data.dialog.DialogRegistryEntry.Builder"
    },
    {
      "name": "type",
      "parameters": [{
        "name": "dialogType",
        "type": "io.papermc.paper.registry.data.dialog.type.DialogType"
      }],
      "return": "io.papermc.paper.registry.data.dialog.DialogRegistryEntry.Builder"
    }
  ],
  "name": "io.papermc.paper.registry.data.dialog.DialogRegistryEntry.Builder",
  "simple-name": "Builder"
}