{
  "package": "io.papermc.paper.math",
  "methods": [
    {
      "name": "getClass",
      "return": "java.lang.Class"
    },
    {
      "name": "hashCode",
      "return": "int"
    },
    {
      "name": "equals",
      "parameters": [{
        "name": "arg0",
        "type": "java.lang.Object"
      }],
      "return": "boolean"
    },
    {
      "name": "toString",
      "return": "java.lang.String"
    },
    {"name": "notify"},
    {"name": "notifyAll"},
    {"name": "wait"},
    {
      "name": "wait",
      "parameters": [{
        "name": "arg0",
        "type": "long"
      }]
    },
    {
      "name": "wait",
      "parameters": [
        {
          "name": "arg0",
          "type": "long"
        },
        {
          "name": "arg1",
          "type": "int"
        }
      ]
    },
    {
      "static": true,
      "name": "rotation",
      "parameters": [
        {
          "name": "yaw",
          "type": "float"
        },
        {
          "name": "pitch",
          "type": "float"
        }
      ],
      "return": "io.papermc.paper.math.Rotation"
    },
    {
      "name": "pitch",
      "return": "float"
    },
    {
      "name": "yaw",
      "return": "float"
    }
  ],
  "name": "io.papermc.paper.math.Rotation",
  "simple-name": "Rotation"
}