{"package":"io.papermc.paper.command.brigadier.argument","methods":[{"name":"getClass","return":"java.lang.Class"},{"name":"hashCode","return":"int"},{"name":"equals","parameters":[{"name":"arg0","type":"java.lang.Object"}],"return":"boolean"},{"name":"toString","return":"java.lang.String"},{"name":"notify"},{"name":"notifyAll"},{"name":"wait"},{"name":"wait","parameters":[{"name":"arg0","type":"long"}]},{"name":"wait","parameters":[{"name":"arg0","type":"long"},{"name":"arg1","type":"int"}]},{"name":"content","return":"java.lang.String"},{"name":"resolveSignedMessage","parameters":[{"name":"argumentName","type":"java.lang.String"},{"name":"context","type":"com.mojang.brigadier.context.CommandContext"}],"return":"java.util.concurrent.CompletableFuture"}],"name":"io.papermc.paper.command.brigadier.argument.SignedMessageResolver","simple-name":"SignedMessageResolver"}