{
  "package": "io.papermc.paper.datapack",
  "methods": [
    {
      "name": "getClass",
      "return": "java.lang.Class"
    },
    {
      "name": "hashCode",
      "return": "int"
    },
    {
      "name": "equals",
      "parameters": [{
        "name": "arg0",
        "type": "java.lang.Object"
      }],
      "return": "boolean"
    },
    {
      "name": "toString",
      "return": "java.lang.String"
    },
    {"name": "notify"},
    {"name": "notifyAll"},
    {"name": "wait"},
    {
      "name": "wait",
      "parameters": [{
        "name": "arg0",
        "type": "long"
      }]
    },
    {
      "name": "wait",
      "parameters": [
        {
          "name": "arg0",
          "type": "long"
        },
        {
          "name": "arg1",
          "type": "int"
        }
      ]
    }
  ],
  "name": "io.papermc.paper.datapack.DatapackSource",
  "simple-name": "DatapackSource",
  "fields": [
    {
      "static": true,
      "name": "DEFAULT",
      "type": "io.papermc.paper.datapack.DatapackSource"
    },
    {
      "static": true,
      "name": "BUILT_IN",
      "type": "io.papermc.paper.datapack.DatapackSource"
    },
    {
      "static": true,
      "name": "FEATURE",
      "type": "io.papermc.paper.datapack.DatapackSource"
    },
    {
      "static": true,
      "name": "WORLD",
      "type": "io.papermc.paper.datapack.DatapackSource"
    },
    {
      "static": true,
      "name": "SERVER",
      "type": "io.papermc.paper.datapack.DatapackSource"
    },
    {
      "static": true,
      "name": "PLUGIN",
      "type": "io.papermc.paper.datapack.DatapackSource"
    }
  ]
}