{
  "package": "io.papermc.paper.plugin.provider.entrypoint",
  "methods": [
    {
      "name": "getClass",
      "return": "java.lang.Class"
    },
    {
      "name": "hashCode",
      "return": "int"
    },
    {
      "name": "equals",
      "parameters": [{
        "name": "arg0",
        "type": "java.lang.Object"
      }],
      "return": "boolean"
    },
    {
      "name": "toString",
      "return": "java.lang.String"
    },
    {"name": "notify"},
    {"name": "notifyAll"},
    {"name": "wait"},
    {
      "name": "wait",
      "parameters": [{
        "name": "arg0",
        "type": "long"
      }]
    },
    {
      "name": "wait",
      "parameters": [
        {
          "name": "arg0",
          "type": "long"
        },
        {
          "name": "arg1",
          "type": "int"
        }
      ]
    },
    {
      "name": "isTransitiveDependency",
      "parameters": [
        {
          "name": "plugin",
          "type": "io.papermc.paper.plugin.configuration.PluginMeta"
        },
        {
          "name": "depend",
          "type": "io.papermc.paper.plugin.configuration.PluginMeta"
        }
      ],
      "return": "boolean"
    },
    {
      "name": "hasDependency",
      "parameters": [{
        "name": "pluginIdentifier",
        "type": "java.lang.String"
      }],
      "return": "boolean"
    }
  ],
  "name": "io.papermc.paper.plugin.provider.entrypoint.DependencyContext",
  "simple-name": "DependencyContext"
}