{
  "package": "io.papermc.paper.command.brigadier.argument",
  "methods": [
    {
      "name": "getClass",
      "return": "java.lang.Class"
    },
    {
      "name": "hashCode",
      "return": "int"
    },
    {
      "name": "equals",
      "parameters": [{
        "name": "arg0",
        "type": "java.lang.Object"
      }],
      "return": "boolean"
    },
    {
      "name": "toString",
      "return": "java.lang.String"
    },
    {"name": "notify"},
    {"name": "notifyAll"},
    {"name": "wait"},
    {
      "name": "wait",
      "parameters": [{
        "name": "arg0",
        "type": "long"
      }]
    },
    {
      "name": "wait",
      "parameters": [
        {
          "name": "arg0",
          "type": "long"
        },
        {
          "name": "arg1",
          "type": "int"
        }
      ]
    },
    {
      "name": "getNativeType",
      "return": "com.mojang.brigadier.arguments.ArgumentType"
    },
    {
      "name": "getExamples",
      "return": "java.util.Collection"
    },
    {
      "name": "listSuggestions",
      "parameters": [
        {
          "name": "context",
          "type": "com.mojang.brigadier.context.CommandContext"
        },
        {
          "name": "builder",
          "type": "com.mojang.brigadier.suggestion.SuggestionsBuilder"
        }
      ],
      "return": "java.util.concurrent.CompletableFuture"
    },
    {
      "name": "parse",
      "parameters": [{
        "name": "reader",
        "type": "com.mojang.brigadier.StringReader"
      }],
      "return": "java.lang.Object"
    },
    {
      "name": "parse",
      "parameters": [
        {
          "name": "reader",
          "type": "com.mojang.brigadier.StringReader"
        },
        {
          "name": "source",
          "type": "java.lang.Object"
        }
      ],
      "return": "java.lang.Object"
    },
    {
      "name": "convert",
      "parameters": [{
        "name": "nativeType",
        "type": "java.lang.Object"
      }],
      "return": "java.lang.Object"
    },
    {
      "name": "convert",
      "parameters": [
        {
          "name": "nativeType",
          "type": "java.lang.Object"
        },
        {
          "name": "source",
          "type": "java.lang.Object"
        }
      ],
      "return": "java.lang.Object"
    }
  ],
  "name": "io.papermc.paper.command.brigadier.argument.CustomArgumentType.Converted",
  "simple-name": "Converted"
}