{"package":"io.papermc.paper.chat","methods":[{"name":"getClass","return":"java.lang.Class"},{"name":"hashCode","return":"int"},{"name":"equals","parameters":[{"name":"arg0","type":"java.lang.Object"}],"return":"boolean"},{"name":"toString","return":"java.lang.String"},{"name":"notify"},{"name":"notifyAll"},{"name":"wait"},{"name":"wait","parameters":[{"name":"arg0","type":"long"}]},{"name":"wait","parameters":[{"name":"arg0","type":"long"},{"name":"arg1","type":"int"}]},{"name":"render","parameters":[{"name":"source","type":"org.bukkit.entity.Player"},{"name":"sourceDisplayName","type":"net.kyori.adventure.text.Component"},{"name":"message","type":"net.kyori.adventure.text.Component"}],"return":"net.kyori.adventure.text.Component"},{"name":"render","parameters":[{"name":"source","type":"org.bukkit.entity.Player"},{"name":"sourceDisplayName","type":"net.kyori.adventure.text.Component"},{"name":"message","type":"net.kyori.adventure.text.Component"},{"name":"viewer","type":"net.kyori.adventure.audience.Audience"}],"return":"net.kyori.adventure.text.Component"}],"name":"io.papermc.paper.chat.ChatRenderer.Default","simple-name":"Default"}