{
  "package": "io.papermc.paper.persistence",
  "methods": [
    {
      "name": "getClass",
      "return": "java.lang.Class"
    },
    {
      "name": "hashCode",
      "return": "int"
    },
    {
      "name": "equals",
      "parameters": [{
        "name": "arg0",
        "type": "java.lang.Object"
      }],
      "return": "boolean"
    },
    {
      "name": "toString",
      "return": "java.lang.String"
    },
    {"name": "notify"},
    {"name": "notifyAll"},
    {"name": "wait"},
    {
      "name": "wait",
      "parameters": [{
        "name": "arg0",
        "type": "long"
      }]
    },
    {
      "name": "wait",
      "parameters": [
        {
          "name": "arg0",
          "type": "long"
        },
        {
          "name": "arg1",
          "type": "int"
        }
      ]
    },
    {
      "name": "has",
      "parameters": [
        {
          "name": "key",
          "type": "org.bukkit.NamespacedKey"
        },
        {
          "name": "type",
          "type": "org.bukkit.persistence.PersistentDataType"
        }
      ],
      "return": "boolean"
    },
    {
      "name": "has",
      "parameters": [{
        "name": "key",
        "type": "org.bukkit.NamespacedKey"
      }],
      "return": "boolean"
    },
    {
      "name": "get",
      "parameters": [
        {
          "name": "key",
          "type": "org.bukkit.NamespacedKey"
        },
        {
          "name": "type",
          "type": "org.bukkit.persistence.PersistentDataType"
        }
      ],
      "return": "java.lang.Object"
    },
    {
      "name": "getOrDefault",
      "parameters": [
        {
          "name": "key",
          "type": "org.bukkit.NamespacedKey"
        },
        {
          "name": "type",
          "type": "org.bukkit.persistence.PersistentDataType"
        },
        {
          "name": "defaultValue",
          "type": "java.lang.Object"
        }
      ],
      "return": "java.lang.Object"
    },
    {
      "name": "getKeys",
      "return": "java.util.Set"
    },
    {
      "name": "isEmpty",
      "return": "boolean"
    },
    {
      "name": "copyTo",
      "parameters": [
        {
          "name": "other",
          "type": "org.bukkit.persistence.PersistentDataContainer"
        },
        {
          "name": "replace",
          "type": "boolean"
        }
      ]
    },
    {
      "name": "getAdapterContext",
      "return": "org.bukkit.persistence.PersistentDataAdapterContext"
    },
    {
      "name": "serializeToBytes",
      "return": "byte[]"
    }
  ],
  "name": "io.papermc.paper.persistence.PersistentDataContainerView",
  "simple-name": "PersistentDataContainerView"
}