{"constructors":[{"name":"<init>","parameters":[{"name":"warden","type":"org.bukkit.entity.Warden"},{"name":"target","type":"org.bukkit.entity.Entity"},{"name":"oldAnger","type":"int"},{"name":"newAnger","type":"int"}]}],"package":"io.papermc.paper.event.entity","methods":[{"name":"getClass","return":"java.lang.Class"},{"name":"hashCode","return":"int"},{"name":"equals","parameters":[{"name":"arg0","type":"java.lang.Object"}],"return":"boolean"},{"name":"toString","return":"java.lang.String"},{"name":"notify"},{"name":"notifyAll"},{"name":"wait"},{"name":"wait","parameters":[{"name":"arg0","type":"long"}]},{"name":"wait","parameters":[{"name":"arg0","type":"long"},{"name":"arg1","type":"int"}]},{"name":"callEvent","return":"boolean"},{"name":"getEventName","return":"java.lang.String"},{"name":"isAsynchronous","return":"boolean"},{"name":"getEntityType","return":"org.bukkit.entity.EntityType"},{"name":"getTarget","return":"org.bukkit.entity.Entity"},{"name":"getOldAnger","return":"to=150L) int"},{"name":"getNewAnger","return":"to=150L) int"},{"name":"setNewAnger","parameters":[{"name":"newAnger","type":"to=150L) int"}]},{"name":"getEntity","return":"org.bukkit.entity.Warden"},{"name":"isCancelled","return":"boolean"},{"name":"setCancelled","parameters":[{"name":"cancel","type":"boolean"}]},{"name":"getHandlers","return":"org.bukkit.event.HandlerList"},{"static":true,"name":"getHandlerList","return":"org.bukkit.event.HandlerList"}],"name":"io.papermc.paper.event.entity.WardenAngerChangeEvent","simple-name":"WardenAngerChangeEvent"}