{
  "package": "io.papermc.paper.datacomponent",
  "methods": [
    {
      "name": "getClass",
      "return": "java.lang.Class"
    },
    {
      "name": "hashCode",
      "return": "int"
    },
    {
      "name": "equals",
      "parameters": [{
        "name": "arg0",
        "type": "java.lang.Object"
      }],
      "return": "boolean"
    },
    {
      "name": "toString",
      "return": "java.lang.String"
    },
    {"name": "notify"},
    {"name": "notifyAll"},
    {"name": "wait"},
    {
      "name": "wait",
      "parameters": [{
        "name": "arg0",
        "type": "long"
      }]
    },
    {
      "name": "wait",
      "parameters": [
        {
          "name": "arg0",
          "type": "long"
        },
        {
          "name": "arg1",
          "type": "int"
        }
      ]
    },
    {
      "name": "getData",
      "parameters": [{
        "name": "type",
        "type": "io.papermc.paper.datacomponent.DataComponentType.Valued"
      }],
      "return": "java.lang.Object"
    },
    {
      "name": "getDataOrDefault",
      "parameters": [
        {
          "name": "type",
          "type": "io.papermc.paper.datacomponent.DataComponentType.Valued"
        },
        {
          "name": "fallback",
          "type": "java.lang.Object"
        }
      ],
      "return": "java.lang.Object"
    },
    {
      "name": "hasData",
      "parameters": [{
        "name": "type",
        "type": "io.papermc.paper.datacomponent.DataComponentType"
      }],
      "return": "boolean"
    }
  ],
  "name": "io.papermc.paper.datacomponent.DataComponentView",
  "simple-name": "DataComponentView"
}