{"constructors":[{"name":"<init>","parameters":[{"name":"view","type":"org.bukkit.inventory.InventoryView"},{"name":"type","type":"org.bukkit.event.inventory.InventoryType.SlotType"},{"name":"slot","type":"int"},{"name":"click","type":"org.bukkit.event.inventory.ClickType"},{"name":"action","type":"org.bukkit.event.inventory.InventoryAction"}]},{"name":"<init>","parameters":[{"name":"view","type":"org.bukkit.inventory.InventoryView"},{"name":"type","type":"org.bukkit.event.inventory.InventoryType.SlotType"},{"name":"slot","type":"int"},{"name":"click","type":"org.bukkit.event.inventory.ClickType"},{"name":"action","type":"org.bukkit.event.inventory.InventoryAction"},{"name":"key","type":"int"}]}],"package":"io.papermc.paper.event.player","methods":[{"name":"getClass","return":"java.lang.Class"},{"name":"hashCode","return":"int"},{"name":"equals","parameters":[{"name":"arg0","type":"java.lang.Object"}],"return":"boolean"},{"name":"toString","return":"java.lang.String"},{"name":"notify"},{"name":"notifyAll"},{"name":"wait"},{"name":"wait","parameters":[{"name":"arg0","type":"long"}]},{"name":"wait","parameters":[{"name":"arg0","type":"long"},{"name":"arg1","type":"int"}]},{"name":"callEvent","return":"boolean"},{"name":"getEventName","return":"java.lang.String"},{"name":"isAsynchronous","return":"boolean"},{"name":"getViewers","return":"java.util.List"},{"name":"getView","return":"org.bukkit.inventory.InventoryView"},{"static":true,"name":"getHandlerList","return":"org.bukkit.event.HandlerList"},{"name":"getWhoClicked","return":"org.bukkit.entity.HumanEntity"},{"name":"setResult","parameters":[{"name":"newResult","type":"org.bukkit.event.Event.Result"}]},{"name":"getResult","return":"org.bukkit.event.Event.Result"},{"name":"isCancelled","return":"boolean"},{"name":"setCancelled","parameters":[{"name":"toCancel","type":"boolean"}]},{"name":"getSlotType","return":"org.bukkit.event.inventory.InventoryType.SlotType"},{"name":"getCursor","return":"org.bukkit.inventory.ItemStack"},{"name":"getCurrentItem","return":"org.bukkit.inventory.ItemStack"},{"name":"isRightClick","return":"boolean"},{"name":"isLeftClick","return":"boolean"},{"name":"isShiftClick","return":"boolean"},{"name":"setCursor","parameters":[{"name":"stack","type":"org.bukkit.inventory.ItemStack"}]},{"name":"setCurrentItem","parameters":[{"name":"stack","type":"org.bukkit.inventory.ItemStack"}]},{"name":"getClickedInventory","return":"org.bukkit.inventory.Inventory"},{"name":"getSlot","return":"int"},{"name":"getRawSlot","return":"int"},{"name":"getHotbarButton","return":"int"},{"name":"getAction","return":"org.bukkit.event.inventory.InventoryAction"},{"name":"getClick","return":"org.bukkit.event.inventory.ClickType"},{"name":"getHandlers","return":"org.bukkit.event.HandlerList"},{"static":true,"name":"getHandlerList","return":"org.bukkit.event.HandlerList"},{"name":"getInventory","return":"org.bukkit.inventory.CartographyInventory"}],"name":"io.papermc.paper.event.player.CartographyItemEvent","simple-name":"CartographyItemEvent"}