{
  "package": "io.papermc.paper.registry.keys",
  "methods": [
    {
      "name": "getClass",
      "return": "java.lang.Class"
    },
    {
      "name": "hashCode",
      "return": "int"
    },
    {
      "name": "equals",
      "parameters": [{
        "name": "arg0",
        "type": "java.lang.Object"
      }],
      "return": "boolean"
    },
    {
      "name": "toString",
      "return": "java.lang.String"
    },
    {"name": "notify"},
    {"name": "notifyAll"},
    {"name": "wait"},
    {
      "name": "wait",
      "parameters": [{
        "name": "arg0",
        "type": "long"
      }]
    },
    {
      "name": "wait",
      "parameters": [
        {
          "name": "arg0",
          "type": "long"
        },
        {
          "name": "arg1",
          "type": "int"
        }
      ]
    }
  ],
  "name": "io.papermc.paper.registry.keys.MenuTypeKeys",
  "simple-name": "MenuTypeKeys",
  "fields": [
    {
      "static": true,
      "name": "ANVIL",
      "type": "io.papermc.paper.registry.TypedKey"
    },
    {
      "static": true,
      "name": "BEACON",
      "type": "io.papermc.paper.registry.TypedKey"
    },
    {
      "static": true,
      "name": "BLAST_FURNACE",
      "type": "io.papermc.paper.registry.TypedKey"
    },
    {
      "static": true,
      "name": "BREWING_STAND",
      "type": "io.papermc.paper.registry.TypedKey"
    },
    {
      "static": true,
      "name": "CARTOGRAPHY_TABLE",
      "type": "io.papermc.paper.registry.TypedKey"
    },
    {
      "static": true,
      "name": "CRAFTER_3X3",
      "type": "io.papermc.paper.registry.TypedKey"
    },
    {
      "static": true,
      "name": "CRAFTING",
      "type": "io.papermc.paper.registry.TypedKey"
    },
    {
      "static": true,
      "name": "ENCHANTMENT",
      "type": "io.papermc.paper.registry.TypedKey"
    },
    {
      "static": true,
      "name": "FURNACE",
      "type": "io.papermc.paper.registry.TypedKey"
    },
    {
      "static": true,
      "name": "GENERIC_3X3",
      "type": "io.papermc.paper.registry.TypedKey"
    },
    {
      "static": true,
      "name": "GENERIC_9X1",
      "type": "io.papermc.paper.registry.TypedKey"
    },
    {
      "static": true,
      "name": "GENERIC_9X2",
      "type": "io.papermc.paper.registry.TypedKey"
    },
    {
      "static": true,
      "name": "GENERIC_9X3",
      "type": "io.papermc.paper.registry.TypedKey"
    },
    {
      "static": true,
      "name": "GENERIC_9X4",
      "type": "io.papermc.paper.registry.TypedKey"
    },
    {
      "static": true,
      "name": "GENERIC_9X5",
      "type": "io.papermc.paper.registry.TypedKey"
    },
    {
      "static": true,
      "name": "GENERIC_9X6",
      "type": "io.papermc.paper.registry.TypedKey"
    },
    {
      "static": true,
      "name": "GRINDSTONE",
      "type": "io.papermc.paper.registry.TypedKey"
    },
    {
      "static": true,
      "name": "HOPPER",
      "type": "io.papermc.paper.registry.TypedKey"
    },
    {
      "static": true,
      "name": "LECTERN",
      "type": "io.papermc.paper.registry.TypedKey"
    },
    {
      "static": true,
      "name": "LOOM",
      "type": "io.papermc.paper.registry.TypedKey"
    },
    {
      "static": true,
      "name": "MERCHANT",
      "type": "io.papermc.paper.registry.TypedKey"
    },
    {
      "static": true,
      "name": "SHULKER_BOX",
      "type": "io.papermc.paper.registry.TypedKey"
    },
    {
      "static": true,
      "name": "SMITHING",
      "type": "io.papermc.paper.registry.TypedKey"
    },
    {
      "static": true,
      "name": "SMOKER",
      "type": "io.papermc.paper.registry.TypedKey"
    },
    {
      "static": true,
      "name": "STONECUTTER",
      "type": "io.papermc.paper.registry.TypedKey"
    }
  ]
}