{
  "package": "io.papermc.paper.brigadier",
  "methods": [
    {
      "name": "getClass",
      "return": "java.lang.Class"
    },
    {
      "name": "hashCode",
      "return": "int"
    },
    {
      "name": "equals",
      "parameters": [{
        "name": "arg0",
        "type": "java.lang.Object"
      }],
      "return": "boolean"
    },
    {
      "name": "toString",
      "return": "java.lang.String"
    },
    {"name": "notify"},
    {"name": "notifyAll"},
    {"name": "wait"},
    {
      "name": "wait",
      "parameters": [{
        "name": "arg0",
        "type": "long"
      }]
    },
    {
      "name": "wait",
      "parameters": [
        {
          "name": "arg0",
          "type": "long"
        },
        {
          "name": "arg1",
          "type": "int"
        }
      ]
    },
    {
      "static": true,
      "name": "message",
      "parameters": [{
        "name": "componentLike",
        "type": "net.kyori.adventure.text.ComponentLike"
      }],
      "return": "com.mojang.brigadier.Message"
    },
    {
      "static": true,
      "name": "componentFromMessage",
      "parameters": [{
        "name": "message",
        "type": "com.mojang.brigadier.Message"
      }],
      "return": "net.kyori.adventure.text.Component"
    }
  ],
  "name": "io.papermc.paper.brigadier.PaperBrigadier",
  "simple-name": "PaperBrigadier"
}