{
  "package": "io.papermc.paper.datacomponent.item",
  "methods": [
    {
      "name": "getClass",
      "return": "java.lang.Class"
    },
    {
      "name": "hashCode",
      "return": "int"
    },
    {
      "name": "equals",
      "parameters": [{
        "name": "arg0",
        "type": "java.lang.Object"
      }],
      "return": "boolean"
    },
    {
      "name": "toString",
      "return": "java.lang.String"
    },
    {"name": "notify"},
    {"name": "notifyAll"},
    {"name": "wait"},
    {
      "name": "wait",
      "parameters": [{
        "name": "arg0",
        "type": "long"
      }]
    },
    {
      "name": "wait",
      "parameters": [
        {
          "name": "arg0",
          "type": "long"
        },
        {
          "name": "arg1",
          "type": "int"
        }
      ]
    },
    {
      "name": "build",
      "return": "java.lang.Object"
    },
    {
      "name": "equipSound",
      "parameters": [{
        "name": "sound",
        "type": "net.kyori.adventure.key.Key"
      }],
      "return": "io.papermc.paper.datacomponent.item.Equippable.Builder"
    },
    {
      "name": "assetId",
      "parameters": [{
        "name": "assetId",
        "type": "net.kyori.adventure.key.Key"
      }],
      "return": "io.papermc.paper.datacomponent.item.Equippable.Builder"
    },
    {
      "name": "cameraOverlay",
      "parameters": [{
        "name": "cameraOverlay",
        "type": "net.kyori.adventure.key.Key"
      }],
      "return": "io.papermc.paper.datacomponent.item.Equippable.Builder"
    },
    {
      "name": "allowedEntities",
      "parameters": [{
        "name": "allowedEntities",
        "type": "io.papermc.paper.registry.set.RegistryKeySet"
      }],
      "return": "io.papermc.paper.datacomponent.item.Equippable.Builder"
    },
    {
      "name": "dispensable",
      "parameters": [{
        "name": "dispensable",
        "type": "boolean"
      }],
      "return": "io.papermc.paper.datacomponent.item.Equippable.Builder"
    },
    {
      "name": "swappable",
      "parameters": [{
        "name": "swappable",
        "type": "boolean"
      }],
      "return": "io.papermc.paper.datacomponent.item.Equippable.Builder"
    },
    {
      "name": "damageOnHurt",
      "parameters": [{
        "name": "damageOnHurt",
        "type": "boolean"
      }],
      "return": "io.papermc.paper.datacomponent.item.Equippable.Builder"
    },
    {
      "name": "equipOnInteract",
      "parameters": [{
        "name": "equipOnInteract",
        "type": "boolean"
      }],
      "return": "io.papermc.paper.datacomponent.item.Equippable.Builder"
    },
    {
      "name": "canBeSheared",
      "parameters": [{
        "name": "canBeSheared",
        "type": "boolean"
      }],
      "return": "io.papermc.paper.datacomponent.item.Equippable.Builder"
    },
    {
      "name": "shearSound",
      "parameters": [{
        "name": "shearSound",
        "type": "net.kyori.adventure.key.Key"
      }],
      "return": "io.papermc.paper.datacomponent.item.Equippable.Builder"
    }
  ],
  "name": "io.papermc.paper.datacomponent.item.Equippable.Builder",
  "simple-name": "Builder"
}