{"package":"io.papermc.paper.threadedregions.scheduler","methods":[{"name":"getClass","return":"java.lang.Class"},{"name":"notify"},{"name":"notifyAll"},{"name":"wait"},{"name":"wait","parameters":[{"name":"arg0","type":"long"}]},{"name":"wait","parameters":[{"name":"arg0","type":"long"},{"name":"arg1","type":"int"}]},{"name":"name","return":"java.lang.String"},{"name":"ordinal","return":"int"},{"name":"toString","return":"java.lang.String"},{"name":"equals","parameters":[{"name":"arg0","type":"java.lang.Object"}],"return":"boolean"},{"name":"hashCode","return":"int"},{"name":"compareTo","parameters":[{"name":"arg0","type":"java.lang.Enum"}],"return":"int"},{"name":"getDeclaringClass","return":"java.lang.Class"},{"name":"describeConstable","return":"java.util.Optional"},{"static":true,"name":"valueOf","parameters":[{"name":"arg0","type":"java.lang.Class"},{"name":"arg1","type":"java.lang.String"}],"return":"java.lang.Enum"},{"static":true,"name":"values","return":"io.papermc.paper.threadedregions.scheduler.ScheduledTask.CancelledState[]"},{"static":true,"name":"valueOf","parameters":[{"name":"name","type":"java.lang.String"}],"return":"io.papermc.paper.threadedregions.scheduler.ScheduledTask.CancelledState"}],"name":"io.papermc.paper.threadedregions.scheduler.ScheduledTask.CancelledState","simple-name":"CancelledState","fields":[{"static":true,"name":"CANCELLED_BY_CALLER","type":"io.papermc.paper.threadedregions.scheduler.ScheduledTask.CancelledState"},{"static":true,"name":"CANCELLED_ALREADY","type":"io.papermc.paper.threadedregions.scheduler.ScheduledTask.CancelledState"},{"static":true,"name":"RUNNING","type":"io.papermc.paper.threadedregions.scheduler.ScheduledTask.CancelledState"},{"static":true,"name":"ALREADY_EXECUTED","type":"io.papermc.paper.threadedregions.scheduler.ScheduledTask.CancelledState"},{"static":true,"name":"NEXT_RUNS_CANCELLED","type":"io.papermc.paper.threadedregions.scheduler.ScheduledTask.CancelledState"},{"static":true,"name":"NEXT_RUNS_CANCELLED_ALREADY","type":"io.papermc.paper.threadedregions.scheduler.ScheduledTask.CancelledState"}]}