{"package":"io.papermc.paper.plugin.bootstrap","methods":[{"name":"getClass","return":"java.lang.Class"},{"name":"hashCode","return":"int"},{"name":"equals","parameters":[{"name":"arg0","type":"java.lang.Object"}],"return":"boolean"},{"name":"toString","return":"java.lang.String"},{"name":"notify"},{"name":"notifyAll"},{"name":"wait"},{"name":"wait","parameters":[{"name":"arg0","type":"long"}]},{"name":"wait","parameters":[{"name":"arg0","type":"long"},{"name":"arg1","type":"int"}]},{"name":"bootstrap","parameters":[{"name":"context","type":"io.papermc.paper.plugin.bootstrap.BootstrapContext"}]},{"name":"createPlugin","parameters":[{"name":"context","type":"io.papermc.paper.plugin.bootstrap.PluginProviderContext"}],"return":"org.bukkit.plugin.java.JavaPlugin"}],"name":"io.papermc.paper.plugin.bootstrap.PluginBootstrap","simple-name":"PluginBootstrap"}