{
  "package": "io.papermc.paper.tag",
  "methods": [
    {
      "name": "getClass",
      "return": "java.lang.Class"
    },
    {
      "name": "hashCode",
      "return": "int"
    },
    {
      "name": "equals",
      "parameters": [{
        "name": "arg0",
        "type": "java.lang.Object"
      }],
      "return": "boolean"
    },
    {
      "name": "toString",
      "return": "java.lang.String"
    },
    {"name": "notify"},
    {"name": "notifyAll"},
    {"name": "wait"},
    {
      "name": "wait",
      "parameters": [{
        "name": "arg0",
        "type": "long"
      }]
    },
    {
      "name": "wait",
      "parameters": [
        {
          "name": "arg0",
          "type": "long"
        },
        {
          "name": "arg1",
          "type": "int"
        }
      ]
    },
    {
      "name": "registryKey",
      "return": "io.papermc.paper.registry.RegistryKey"
    },
    {
      "name": "getAllTags",
      "return": "java.util.Map"
    },
    {
      "name": "hasTag",
      "parameters": [{
        "name": "tagKey",
        "type": "io.papermc.paper.registry.tag.TagKey"
      }],
      "return": "boolean"
    },
    {
      "name": "getTag",
      "parameters": [{
        "name": "tagKey",
        "type": "io.papermc.paper.registry.tag.TagKey"
      }],
      "return": "java.util.List"
    },
    {
      "name": "addToTag",
      "parameters": [
        {
          "name": "tagKey",
          "type": "io.papermc.paper.registry.tag.TagKey"
        },
        {
          "name": "entries",
          "type": "java.util.Collection"
        }
      ]
    },
    {
      "name": "setTag",
      "parameters": [
        {
          "name": "tagKey",
          "type": "io.papermc.paper.registry.tag.TagKey"
        },
        {
          "name": "entries",
          "type": "java.util.Collection"
        }
      ]
    }
  ],
  "name": "io.papermc.paper.tag.PreFlattenTagRegistrar",
  "simple-name": "PreFlattenTagRegistrar"
}