{
  "package": "io.papermc.paper.dialog",
  "methods": [
    {
      "name": "getClass",
      "return": "java.lang.Class"
    },
    {
      "name": "hashCode",
      "return": "int"
    },
    {
      "name": "equals",
      "parameters": [{
        "name": "arg0",
        "type": "java.lang.Object"
      }],
      "return": "boolean"
    },
    {
      "name": "toString",
      "return": "java.lang.String"
    },
    {"name": "notify"},
    {"name": "notifyAll"},
    {"name": "wait"},
    {
      "name": "wait",
      "parameters": [{
        "name": "arg0",
        "type": "long"
      }]
    },
    {
      "name": "wait",
      "parameters": [
        {
          "name": "arg0",
          "type": "long"
        },
        {
          "name": "arg1",
          "type": "int"
        }
      ]
    },
    {
      "name": "getKey",
      "return": "org.bukkit.NamespacedKey"
    },
    {
      "name": "key",
      "return": "net.kyori.adventure.key.Key"
    },
    {
      "static": true,
      "name": "create",
      "parameters": [{
        "name": "value",
        "type": "java.util.function.Consumer"
      }],
      "return": "io.papermc.paper.dialog.Dialog"
    }
  ],
  "name": "io.papermc.paper.dialog.Dialog",
  "simple-name": "Dialog",
  "fields": [
    {
      "static": true,
      "name": "CUSTOM_OPTIONS",
      "type": "io.papermc.paper.dialog.Dialog"
    },
    {
      "static": true,
      "name": "QUICK_ACTIONS",
      "type": "io.papermc.paper.dialog.Dialog"
    },
    {
      "static": true,
      "name": "SERVER_LINKS",
      "type": "io.papermc.paper.dialog.Dialog"
    }
  ]
}