{"package":"io.papermc.paper.event.world.border","methods":[{"name":"getClass","return":"java.lang.Class"},{"name":"notify"},{"name":"notifyAll"},{"name":"wait"},{"name":"wait","parameters":[{"name":"arg0","type":"long"}]},{"name":"wait","parameters":[{"name":"arg0","type":"long"},{"name":"arg1","type":"int"}]},{"name":"name","return":"java.lang.String"},{"name":"ordinal","return":"int"},{"name":"toString","return":"java.lang.String"},{"name":"equals","parameters":[{"name":"arg0","type":"java.lang.Object"}],"return":"boolean"},{"name":"hashCode","return":"int"},{"name":"compareTo","parameters":[{"name":"arg0","type":"java.lang.Enum"}],"return":"int"},{"name":"getDeclaringClass","return":"java.lang.Class"},{"name":"describeConstable","return":"java.util.Optional"},{"static":true,"name":"valueOf","parameters":[{"name":"arg0","type":"java.lang.Class"},{"name":"arg1","type":"java.lang.String"}],"return":"java.lang.Enum"},{"static":true,"name":"values","return":"io.papermc.paper.event.world.border.WorldBorderBoundsChangeEvent.Type[]"},{"static":true,"name":"valueOf","parameters":[{"name":"name","type":"java.lang.String"}],"return":"io.papermc.paper.event.world.border.WorldBorderBoundsChangeEvent.Type"}],"name":"io.papermc.paper.event.world.border.WorldBorderBoundsChangeEvent.Type","simple-name":"Type","fields":[{"static":true,"name":"STARTED_MOVE","type":"io.papermc.paper.event.world.border.WorldBorderBoundsChangeEvent.Type"},{"static":true,"name":"INSTANT_MOVE","type":"io.papermc.paper.event.world.border.WorldBorderBoundsChangeEvent.Type"}]}