{
  "constructors": [{
    "name": "<init>",
    "parameters": [
      {
        "name": "player",
        "type": "org.bukkit.entity.Player"
      },
      {
        "name": "failReason",
        "type": "io.papermc.paper.event.player.PlayerBedFailEnterEvent.FailReason"
      },
      {
        "name": "bed",
        "type": "org.bukkit.block.Block"
      },
      {
        "name": "willExplode",
        "type": "boolean"
      },
      {
        "name": "message",
        "type": "net.kyori.adventure.text.Component"
      }
    ]
  }],
  "package": "io.papermc.paper.event.player",
  "methods": [
    {
      "name": "getClass",
      "return": "java.lang.Class"
    },
    {
      "name": "hashCode",
      "return": "int"
    },
    {
      "name": "equals",
      "parameters": [{
        "name": "arg0",
        "type": "java.lang.Object"
      }],
      "return": "boolean"
    },
    {
      "name": "toString",
      "return": "java.lang.String"
    },
    {"name": "notify"},
    {"name": "notifyAll"},
    {"name": "wait"},
    {
      "name": "wait",
      "parameters": [{
        "name": "arg0",
        "type": "long"
      }]
    },
    {
      "name": "wait",
      "parameters": [
        {
          "name": "arg0",
          "type": "long"
        },
        {
          "name": "arg1",
          "type": "int"
        }
      ]
    },
    {
      "name": "callEvent",
      "return": "boolean"
    },
    {
      "name": "getEventName",
      "return": "java.lang.String"
    },
    {
      "name": "isAsynchronous",
      "return": "boolean"
    },
    {
      "name": "getPlayer",
      "return": "org.bukkit.entity.Player"
    },
    {
      "name": "getFailReason",
      "return": "io.papermc.paper.event.player.PlayerBedFailEnterEvent.FailReason"
    },
    {
      "name": "getBed",
      "return": "org.bukkit.block.Block"
    },
    {
      "name": "getWillExplode",
      "return": "boolean"
    },
    {
      "name": "setWillExplode",
      "parameters": [{
        "name": "willExplode",
        "type": "boolean"
      }]
    },
    {
      "name": "getMessage",
      "return": "net.kyori.adventure.text.Component"
    },
    {
      "name": "setMessage",
      "parameters": [{
        "name": "message",
        "type": "net.kyori.adventure.text.Component"
      }]
    },
    {
      "name": "isCancelled",
      "return": "boolean"
    },
    {
      "name": "setCancelled",
      "parameters": [{
        "name": "cancel",
        "type": "boolean"
      }]
    },
    {
      "name": "getHandlers",
      "return": "org.bukkit.event.HandlerList"
    },
    {
      "static": true,
      "name": "getHandlerList",
      "return": "org.bukkit.event.HandlerList"
    }
  ],
  "name": "io.papermc.paper.event.player.PlayerBedFailEnterEvent",
  "simple-name": "PlayerBedFailEnterEvent"
}