{"constructors":[{"name":"<init>","parameters":[{"name":"chunk","type":"org.bukkit.Chunk"},{"name":"player","type":"org.bukkit.entity.Player"}]}],"package":"io.papermc.paper.event.packet","methods":[{"name":"getClass","return":"java.lang.Class"},{"name":"hashCode","return":"int"},{"name":"equals","parameters":[{"name":"arg0","type":"java.lang.Object"}],"return":"boolean"},{"name":"toString","return":"java.lang.String"},{"name":"notify"},{"name":"notifyAll"},{"name":"wait"},{"name":"wait","parameters":[{"name":"arg0","type":"long"}]},{"name":"wait","parameters":[{"name":"arg0","type":"long"},{"name":"arg1","type":"int"}]},{"name":"callEvent","return":"boolean"},{"name":"getEventName","return":"java.lang.String"},{"name":"isAsynchronous","return":"boolean"},{"name":"getWorld","return":"org.bukkit.World"},{"name":"getChunk","return":"org.bukkit.Chunk"},{"name":"getHandlers","return":"org.bukkit.event.HandlerList"},{"name":"getPlayer","return":"org.bukkit.entity.Player"},{"static":true,"name":"getHandlerList","return":"org.bukkit.event.HandlerList"}],"name":"io.papermc.paper.event.packet.PlayerChunkLoadEvent","simple-name":"PlayerChunkLoadEvent"}