{
  "package": "io.papermc.paper.registry.keys.tags",
  "methods": [
    {
      "name": "getClass",
      "return": "java.lang.Class"
    },
    {
      "name": "hashCode",
      "return": "int"
    },
    {
      "name": "equals",
      "parameters": [{
        "name": "arg0",
        "type": "java.lang.Object"
      }],
      "return": "boolean"
    },
    {
      "name": "toString",
      "return": "java.lang.String"
    },
    {"name": "notify"},
    {"name": "notifyAll"},
    {"name": "wait"},
    {
      "name": "wait",
      "parameters": [{
        "name": "arg0",
        "type": "long"
      }]
    },
    {
      "name": "wait",
      "parameters": [
        {
          "name": "arg0",
          "type": "long"
        },
        {
          "name": "arg1",
          "type": "int"
        }
      ]
    },
    {
      "static": true,
      "name": "create",
      "parameters": [{
        "name": "key",
        "type": "net.kyori.adventure.key.Key"
      }],
      "return": "io.papermc.paper.registry.tag.TagKey"
    }
  ],
  "name": "io.papermc.paper.registry.keys.tags.BannerPatternTagKeys",
  "simple-name": "BannerPatternTagKeys",
  "fields": [
    {
      "static": true,
      "name": "NO_ITEM_REQUIRED",
      "type": "io.papermc.paper.registry.tag.TagKey"
    },
    {
      "static": true,
      "name": "PATTERN_ITEM_BORDURE_INDENTED",
      "type": "io.papermc.paper.registry.tag.TagKey"
    },
    {
      "static": true,
      "name": "PATTERN_ITEM_CREEPER",
      "type": "io.papermc.paper.registry.tag.TagKey"
    },
    {
      "static": true,
      "name": "PATTERN_ITEM_FIELD_MASONED",
      "type": "io.papermc.paper.registry.tag.TagKey"
    },
    {
      "static": true,
      "name": "PATTERN_ITEM_FLOW",
      "type": "io.papermc.paper.registry.tag.TagKey"
    },
    {
      "static": true,
      "name": "PATTERN_ITEM_FLOWER",
      "type": "io.papermc.paper.registry.tag.TagKey"
    },
    {
      "static": true,
      "name": "PATTERN_ITEM_GLOBE",
      "type": "io.papermc.paper.registry.tag.TagKey"
    },
    {
      "static": true,
      "name": "PATTERN_ITEM_GUSTER",
      "type": "io.papermc.paper.registry.tag.TagKey"
    },
    {
      "static": true,
      "name": "PATTERN_ITEM_MOJANG",
      "type": "io.papermc.paper.registry.tag.TagKey"
    },
    {
      "static": true,
      "name": "PATTERN_ITEM_PIGLIN",
      "type": "io.papermc.paper.registry.tag.TagKey"
    },
    {
      "static": true,
      "name": "PATTERN_ITEM_SKULL",
      "type": "io.papermc.paper.registry.tag.TagKey"
    }
  ]
}