{
  "package": "io.papermc.paper.datacomponent.item",
  "methods": [
    {
      "name": "getClass",
      "return": "java.lang.Class"
    },
    {
      "name": "hashCode",
      "return": "int"
    },
    {
      "name": "equals",
      "parameters": [{
        "name": "arg0",
        "type": "java.lang.Object"
      }],
      "return": "boolean"
    },
    {
      "name": "toString",
      "return": "java.lang.String"
    },
    {"name": "notify"},
    {"name": "notifyAll"},
    {"name": "wait"},
    {
      "name": "wait",
      "parameters": [{
        "name": "arg0",
        "type": "long"
      }]
    },
    {
      "name": "wait",
      "parameters": [
        {
          "name": "arg0",
          "type": "long"
        },
        {
          "name": "arg1",
          "type": "int"
        }
      ]
    },
    {
      "name": "build",
      "return": "java.lang.Object"
    },
    {
      "name": "damagePerBlock",
      "parameters": [{
        "name": "damage",
        "type": "int"
      }],
      "return": "io.papermc.paper.datacomponent.item.Tool.Builder"
    },
    {
      "name": "defaultMiningSpeed",
      "parameters": [{
        "name": "miningSpeed",
        "type": "float"
      }],
      "return": "io.papermc.paper.datacomponent.item.Tool.Builder"
    },
    {
      "name": "addRule",
      "parameters": [{
        "name": "rule",
        "type": "io.papermc.paper.datacomponent.item.Tool.Rule"
      }],
      "return": "io.papermc.paper.datacomponent.item.Tool.Builder"
    },
    {
      "name": "addRules",
      "parameters": [{
        "name": "rules",
        "type": "java.util.Collection"
      }],
      "return": "io.papermc.paper.datacomponent.item.Tool.Builder"
    }
  ],
  "name": "io.papermc.paper.datacomponent.item.Tool.Builder",
  "simple-name": "Builder"
}