{"package":"io.papermc.paper.registry.keys","methods":[{"name":"getClass","return":"java.lang.Class"},{"name":"hashCode","return":"int"},{"name":"equals","parameters":[{"name":"arg0","type":"java.lang.Object"}],"return":"boolean"},{"name":"toString","return":"java.lang.String"},{"name":"notify"},{"name":"notifyAll"},{"name":"wait"},{"name":"wait","parameters":[{"name":"arg0","type":"long"}]},{"name":"wait","parameters":[{"name":"arg0","type":"long"},{"name":"arg1","type":"int"}]},{"static":true,"name":"create","parameters":[{"name":"key","type":"net.kyori.adventure.key.Key"}],"return":"io.papermc.paper.registry.TypedKey"}],"name":"io.papermc.paper.registry.keys.BiomeKeys","simple-name":"BiomeKeys","fields":[{"static":true,"name":"BADLANDS","type":"io.papermc.paper.registry.TypedKey"},{"static":true,"name":"BAMBOO_JUNGLE","type":"io.papermc.paper.registry.TypedKey"},{"static":true,"name":"BASALT_DELTAS","type":"io.papermc.paper.registry.TypedKey"},{"static":true,"name":"BEACH","type":"io.papermc.paper.registry.TypedKey"},{"static":true,"name":"BIRCH_FOREST","type":"io.papermc.paper.registry.TypedKey"},{"static":true,"name":"CHERRY_GROVE","type":"io.papermc.paper.registry.TypedKey"},{"static":true,"name":"COLD_OCEAN","type":"io.papermc.paper.registry.TypedKey"},{"static":true,"name":"CRIMSON_FOREST","type":"io.papermc.paper.registry.TypedKey"},{"static":true,"name":"DARK_FOREST","type":"io.papermc.paper.registry.TypedKey"},{"static":true,"name":"DEEP_COLD_OCEAN","type":"io.papermc.paper.registry.TypedKey"},{"static":true,"name":"DEEP_DARK","type":"io.papermc.paper.registry.TypedKey"},{"static":true,"name":"DEEP_FROZEN_OCEAN","type":"io.papermc.paper.registry.TypedKey"},{"static":true,"name":"DEEP_LUKEWARM_OCEAN","type":"io.papermc.paper.registry.TypedKey"},{"static":true,"name":"DEEP_OCEAN","type":"io.papermc.paper.registry.TypedKey"},{"static":true,"name":"DESERT","type":"io.papermc.paper.registry.TypedKey"},{"static":true,"name":"DRIPSTONE_CAVES","type":"io.papermc.paper.registry.TypedKey"},{"static":true,"name":"END_BARRENS","type":"io.papermc.paper.registry.TypedKey"},{"static":true,"name":"END_HIGHLANDS","type":"io.papermc.paper.registry.TypedKey"},{"static":true,"name":"END_MIDLANDS","type":"io.papermc.paper.registry.TypedKey"},{"static":true,"name":"ERODED_BADLANDS","type":"io.papermc.paper.registry.TypedKey"},{"static":true,"name":"FLOWER_FOREST","type":"io.papermc.paper.registry.TypedKey"},{"static":true,"name":"FOREST","type":"io.papermc.paper.registry.TypedKey"},{"static":true,"name":"FROZEN_OCEAN","type":"io.papermc.paper.registry.TypedKey"},{"static":true,"name":"FROZEN_PEAKS","type":"io.papermc.paper.registry.TypedKey"},{"static":true,"name":"FROZEN_RIVER","type":"io.papermc.paper.registry.TypedKey"},{"static":true,"name":"GROVE","type":"io.papermc.paper.registry.TypedKey"},{"static":true,"name":"ICE_SPIKES","type":"io.papermc.paper.registry.TypedKey"},{"static":true,"name":"JAGGED_PEAKS","type":"io.papermc.paper.registry.TypedKey"},{"static":true,"name":"JUNGLE","type":"io.papermc.paper.registry.TypedKey"},{"static":true,"name":"LUKEWARM_OCEAN","type":"io.papermc.paper.registry.TypedKey"},{"static":true,"name":"LUSH_CAVES","type":"io.papermc.paper.registry.TypedKey"},{"static":true,"name":"MANGROVE_SWAMP","type":"io.papermc.paper.registry.TypedKey"},{"static":true,"name":"MEADOW","type":"io.papermc.paper.registry.TypedKey"},{"static":true,"name":"MUSHROOM_FIELDS","type":"io.papermc.paper.registry.TypedKey"},{"static":true,"name":"NETHER_WASTES","type":"io.papermc.paper.registry.TypedKey"},{"static":true,"name":"OCEAN","type":"io.papermc.paper.registry.TypedKey"},{"static":true,"name":"OLD_GROWTH_BIRCH_FOREST","type":"io.papermc.paper.registry.TypedKey"},{"static":true,"name":"OLD_GROWTH_PINE_TAIGA","type":"io.papermc.paper.registry.TypedKey"},{"static":true,"name":"OLD_GROWTH_SPRUCE_TAIGA","type":"io.papermc.paper.registry.TypedKey"},{"static":true,"name":"PLAINS","type":"io.papermc.paper.registry.TypedKey"},{"static":true,"name":"RIVER","type":"io.papermc.paper.registry.TypedKey"},{"static":true,"name":"SAVANNA","type":"io.papermc.paper.registry.TypedKey"},{"static":true,"name":"SAVANNA_PLATEAU","type":"io.papermc.paper.registry.TypedKey"},{"static":true,"name":"SMALL_END_ISLANDS","type":"io.papermc.paper.registry.TypedKey"},{"static":true,"name":"SNOWY_BEACH","type":"io.papermc.paper.registry.TypedKey"},{"static":true,"name":"SNOWY_PLAINS","type":"io.papermc.paper.registry.TypedKey"},{"static":true,"name":"SNOWY_SLOPES","type":"io.papermc.paper.registry.TypedKey"},{"static":true,"name":"SNOWY_TAIGA","type":"io.papermc.paper.registry.TypedKey"},{"static":true,"name":"SOUL_SAND_VALLEY","type":"io.papermc.paper.registry.TypedKey"},{"static":true,"name":"SPARSE_JUNGLE","type":"io.papermc.paper.registry.TypedKey"},{"static":true,"name":"STONY_PEAKS","type":"io.papermc.paper.registry.TypedKey"},{"static":true,"name":"STONY_SHORE","type":"io.papermc.paper.registry.TypedKey"},{"static":true,"name":"SUNFLOWER_PLAINS","type":"io.papermc.paper.registry.TypedKey"},{"static":true,"name":"SWAMP","type":"io.papermc.paper.registry.TypedKey"},{"static":true,"name":"TAIGA","type":"io.papermc.paper.registry.TypedKey"},{"static":true,"name":"THE_END","type":"io.papermc.paper.registry.TypedKey"},{"static":true,"name":"THE_VOID","type":"io.papermc.paper.registry.TypedKey"},{"static":true,"name":"WARM_OCEAN","type":"io.papermc.paper.registry.TypedKey"},{"static":true,"name":"WARPED_FOREST","type":"io.papermc.paper.registry.TypedKey"},{"static":true,"name":"WINDSWEPT_FOREST","type":"io.papermc.paper.registry.TypedKey"},{"static":true,"name":"WINDSWEPT_GRAVELLY_HILLS","type":"io.papermc.paper.registry.TypedKey"},{"static":true,"name":"WINDSWEPT_HILLS","type":"io.papermc.paper.registry.TypedKey"},{"static":true,"name":"WINDSWEPT_SAVANNA","type":"io.papermc.paper.registry.TypedKey"},{"static":true,"name":"WOODED_BADLANDS","type":"io.papermc.paper.registry.TypedKey"}]}