{
  "package": "io.papermc.paper.datacomponent.item",
  "methods": [
    {
      "name": "getClass",
      "return": "java.lang.Class"
    },
    {
      "name": "hashCode",
      "return": "int"
    },
    {
      "name": "equals",
      "parameters": [{
        "name": "arg0",
        "type": "java.lang.Object"
      }],
      "return": "boolean"
    },
    {
      "name": "toString",
      "return": "java.lang.String"
    },
    {"name": "notify"},
    {"name": "notifyAll"},
    {"name": "wait"},
    {
      "name": "wait",
      "parameters": [{
        "name": "arg0",
        "type": "long"
      }]
    },
    {
      "name": "wait",
      "parameters": [
        {
          "name": "arg0",
          "type": "long"
        },
        {
          "name": "arg1",
          "type": "int"
        }
      ]
    },
    {
      "static": true,
      "name": "potionContents",
      "return": "io.papermc.paper.datacomponent.item.PotionContents.Builder"
    },
    {
      "name": "potion",
      "return": "org.bukkit.potion.PotionType"
    },
    {
      "name": "customColor",
      "return": "org.bukkit.Color"
    },
    {
      "name": "customEffects",
      "return": "java.util.List"
    },
    {
      "name": "customName",
      "return": "java.lang.String"
    }
  ],
  "name": "io.papermc.paper.datacomponent.item.PotionContents",
  "simple-name": "PotionContents"
}