{
  "package": "io.papermc.paper.block.fluid",
  "methods": [
    {
      "name": "getClass",
      "return": "java.lang.Class"
    },
    {
      "name": "hashCode",
      "return": "int"
    },
    {
      "name": "equals",
      "parameters": [{
        "name": "arg0",
        "type": "java.lang.Object"
      }],
      "return": "boolean"
    },
    {
      "name": "toString",
      "return": "java.lang.String"
    },
    {"name": "notify"},
    {"name": "notifyAll"},
    {"name": "wait"},
    {
      "name": "wait",
      "parameters": [{
        "name": "arg0",
        "type": "long"
      }]
    },
    {
      "name": "wait",
      "parameters": [
        {
          "name": "arg0",
          "type": "long"
        },
        {
          "name": "arg1",
          "type": "int"
        }
      ]
    },
    {
      "name": "getFluidType",
      "return": "org.bukkit.Fluid"
    },
    {
      "name": "clone",
      "return": "io.papermc.paper.block.fluid.FluidData"
    },
    {
      "name": "computeFlowDirection",
      "parameters": [{
        "name": "location",
        "type": "org.bukkit.Location"
      }],
      "return": "org.bukkit.util.Vector"
    },
    {
      "name": "getLevel",
      "return": "to=8L) int"
    },
    {
      "name": "computeHeight",
      "parameters": [{
        "name": "location",
        "type": "org.bukkit.Location"
      }],
      "return": "to=1L) float"
    },
    {
      "name": "isSource",
      "return": "boolean"
    }
  ],
  "name": "io.papermc.paper.block.fluid.FluidData",
  "simple-name": "FluidData"
}