{
  "constructors": [{
    "name": "<init>",
    "parameters": [
      {
        "name": "profile",
        "type": "com.destroystokyo.paper.profile.PlayerProfile"
      },
      {
        "name": "kickMessage",
        "type": "net.kyori.adventure.text.Component"
      },
      {
        "name": "shouldKick",
        "type": "boolean"
      }
    ]
  }],
  "package": "io.papermc.paper.event.player",
  "methods": [
    {
      "name": "getClass",
      "return": "java.lang.Class"
    },
    {
      "name": "hashCode",
      "return": "int"
    },
    {
      "name": "equals",
      "parameters": [{
        "name": "arg0",
        "type": "java.lang.Object"
      }],
      "return": "boolean"
    },
    {
      "name": "toString",
      "return": "java.lang.String"
    },
    {"name": "notify"},
    {"name": "notifyAll"},
    {"name": "wait"},
    {
      "name": "wait",
      "parameters": [{
        "name": "arg0",
        "type": "long"
      }]
    },
    {
      "name": "wait",
      "parameters": [
        {
          "name": "arg0",
          "type": "long"
        },
        {
          "name": "arg1",
          "type": "int"
        }
      ]
    },
    {
      "name": "callEvent",
      "return": "boolean"
    },
    {
      "name": "getEventName",
      "return": "java.lang.String"
    },
    {
      "name": "isAsynchronous",
      "return": "boolean"
    },
    {
      "name": "kickMessage",
      "return": "net.kyori.adventure.text.Component"
    },
    {
      "name": "deny",
      "parameters": [{
        "name": "kickMessage",
        "type": "net.kyori.adventure.text.Component"
      }]
    },
    {
      "name": "getPlayerProfile",
      "return": "com.destroystokyo.paper.profile.PlayerProfile"
    },
    {
      "name": "allow",
      "parameters": [{
        "name": "allow",
        "type": "boolean"
      }]
    },
    {
      "name": "isAllowed",
      "return": "boolean"
    },
    {
      "name": "getHandlers",
      "return": "org.bukkit.event.HandlerList"
    },
    {
      "static": true,
      "name": "getHandlerList",
      "return": "org.bukkit.event.HandlerList"
    }
  ],
  "name": "io.papermc.paper.event.player.PlayerServerFullCheckEvent",
  "simple-name": "PlayerServerFullCheckEvent"
}