{"package":"io.papermc.paper.plugin.loader.library","methods":[{"name":"getClass","return":"java.lang.Class"},{"name":"hashCode","return":"int"},{"name":"equals","parameters":[{"name":"arg0","type":"java.lang.Object"}],"return":"boolean"},{"name":"toString","return":"java.lang.String"},{"name":"notify"},{"name":"notifyAll"},{"name":"wait"},{"name":"wait","parameters":[{"name":"arg0","type":"long"}]},{"name":"wait","parameters":[{"name":"arg0","type":"long"},{"name":"arg1","type":"int"}]},{"name":"addLibrary","parameters":[{"name":"library","type":"java.nio.file.Path"}]}],"name":"io.papermc.paper.plugin.loader.library.LibraryStore","simple-name":"LibraryStore"}