{
  "package": "io.papermc.paper.registry.keys",
  "methods": [
    {
      "name": "getClass",
      "return": "java.lang.Class"
    },
    {
      "name": "hashCode",
      "return": "int"
    },
    {
      "name": "equals",
      "parameters": [{
        "name": "arg0",
        "type": "java.lang.Object"
      }],
      "return": "boolean"
    },
    {
      "name": "toString",
      "return": "java.lang.String"
    },
    {"name": "notify"},
    {"name": "notifyAll"},
    {"name": "wait"},
    {
      "name": "wait",
      "parameters": [{
        "name": "arg0",
        "type": "long"
      }]
    },
    {
      "name": "wait",
      "parameters": [
        {
          "name": "arg0",
          "type": "long"
        },
        {
          "name": "arg1",
          "type": "int"
        }
      ]
    },
    {
      "static": true,
      "name": "create",
      "parameters": [{
        "name": "key",
        "type": "net.kyori.adventure.key.Key"
      }],
      "return": "io.papermc.paper.registry.TypedKey"
    }
  ],
  "name": "io.papermc.paper.registry.keys.PaintingVariantKeys",
  "simple-name": "PaintingVariantKeys",
  "fields": [
    {
      "static": true,
      "name": "ALBAN",
      "type": "io.papermc.paper.registry.TypedKey"
    },
    {
      "static": true,
      "name": "AZTEC",
      "type": "io.papermc.paper.registry.TypedKey"
    },
    {
      "static": true,
      "name": "AZTEC2",
      "type": "io.papermc.paper.registry.TypedKey"
    },
    {
      "static": true,
      "name": "BACKYARD",
      "type": "io.papermc.paper.registry.TypedKey"
    },
    {
      "static": true,
      "name": "BAROQUE",
      "type": "io.papermc.paper.registry.TypedKey"
    },
    {
      "static": true,
      "name": "BOMB",
      "type": "io.papermc.paper.registry.TypedKey"
    },
    {
      "static": true,
      "name": "BOUQUET",
      "type": "io.papermc.paper.registry.TypedKey"
    },
    {
      "static": true,
      "name": "BURNING_SKULL",
      "type": "io.papermc.paper.registry.TypedKey"
    },
    {
      "static": true,
      "name": "BUST",
      "type": "io.papermc.paper.registry.TypedKey"
    },
    {
      "static": true,
      "name": "CAVEBIRD",
      "type": "io.papermc.paper.registry.TypedKey"
    },
    {
      "static": true,
      "name": "CHANGING",
      "type": "io.papermc.paper.registry.TypedKey"
    },
    {
      "static": true,
      "name": "COTAN",
      "type": "io.papermc.paper.registry.TypedKey"
    },
    {
      "static": true,
      "name": "COURBET",
      "type": "io.papermc.paper.registry.TypedKey"
    },
    {
      "static": true,
      "name": "CREEBET",
      "type": "io.papermc.paper.registry.TypedKey"
    },
    {
      "static": true,
      "name": "DONKEY_KONG",
      "type": "io.papermc.paper.registry.TypedKey"
    },
    {
      "static": true,
      "name": "EARTH",
      "type": "io.papermc.paper.registry.TypedKey"
    },
    {
      "static": true,
      "name": "ENDBOSS",
      "type": "io.papermc.paper.registry.TypedKey"
    },
    {
      "static": true,
      "name": "FERN",
      "type": "io.papermc.paper.registry.TypedKey"
    },
    {
      "static": true,
      "name": "FIGHTERS",
      "type": "io.papermc.paper.registry.TypedKey"
    },
    {
      "static": true,
      "name": "FINDING",
      "type": "io.papermc.paper.registry.TypedKey"
    },
    {
      "static": true,
      "name": "FIRE",
      "type": "io.papermc.paper.registry.TypedKey"
    },
    {
      "static": true,
      "name": "GRAHAM",
      "type": "io.papermc.paper.registry.TypedKey"
    },
    {
      "static": true,
      "name": "HUMBLE",
      "type": "io.papermc.paper.registry.TypedKey"
    },
    {
      "static": true,
      "name": "KEBAB",
      "type": "io.papermc.paper.registry.TypedKey"
    },
    {
      "static": true,
      "name": "LOWMIST",
      "type": "io.papermc.paper.registry.TypedKey"
    },
    {
      "static": true,
      "name": "MATCH",
      "type": "io.papermc.paper.registry.TypedKey"
    },
    {
      "static": true,
      "name": "MEDITATIVE",
      "type": "io.papermc.paper.registry.TypedKey"
    },
    {
      "static": true,
      "name": "ORB",
      "type": "io.papermc.paper.registry.TypedKey"
    },
    {
      "static": true,
      "name": "OWLEMONS",
      "type": "io.papermc.paper.registry.TypedKey"
    },
    {
      "static": true,
      "name": "PASSAGE",
      "type": "io.papermc.paper.registry.TypedKey"
    },
    {
      "static": true,
      "name": "PIGSCENE",
      "type": "io.papermc.paper.registry.TypedKey"
    },
    {
      "static": true,
      "name": "PLANT",
      "type": "io.papermc.paper.registry.TypedKey"
    },
    {
      "static": true,
      "name": "POINTER",
      "type": "io.papermc.paper.registry.TypedKey"
    },
    {
      "static": true,
      "name": "POND",
      "type": "io.papermc.paper.registry.TypedKey"
    },
    {
      "static": true,
      "name": "POOL",
      "type": "io.papermc.paper.registry.TypedKey"
    },
    {
      "static": true,
      "name": "PRAIRIE_RIDE",
      "type": "io.papermc.paper.registry.TypedKey"
    },
    {
      "static": true,
      "name": "SEA",
      "type": "io.papermc.paper.registry.TypedKey"
    },
    {
      "static": true,
      "name": "SKELETON",
      "type": "io.papermc.paper.registry.TypedKey"
    },
    {
      "static": true,
      "name": "SKULL_AND_ROSES",
      "type": "io.papermc.paper.registry.TypedKey"
    },
    {
      "static": true,
      "name": "STAGE",
      "type": "io.papermc.paper.registry.TypedKey"
    },
    {
      "static": true,
      "name": "SUNFLOWERS",
      "type": "io.papermc.paper.registry.TypedKey"
    },
    {
      "static": true,
      "name": "SUNSET",
      "type": "io.papermc.paper.registry.TypedKey"
    },
    {
      "static": true,
      "name": "TIDES",
      "type": "io.papermc.paper.registry.TypedKey"
    },
    {
      "static": true,
      "name": "UNPACKED",
      "type": "io.papermc.paper.registry.TypedKey"
    },
    {
      "static": true,
      "name": "VOID",
      "type": "io.papermc.paper.registry.TypedKey"
    },
    {
      "static": true,
      "name": "WANDERER",
      "type": "io.papermc.paper.registry.TypedKey"
    },
    {
      "static": true,
      "name": "WASTELAND",
      "type": "io.papermc.paper.registry.TypedKey"
    },
    {
      "static": true,
      "name": "WATER",
      "type": "io.papermc.paper.registry.TypedKey"
    },
    {
      "static": true,
      "name": "WIND",
      "type": "io.papermc.paper.registry.TypedKey"
    },
    {
      "static": true,
      "name": "WITHER",
      "type": "io.papermc.paper.registry.TypedKey"
    }
  ]
}