{
  "package": "io.papermc.paper.datacomponent.item.consumable",
  "methods": [
    {
      "name": "getClass",
      "return": "java.lang.Class"
    },
    {"name": "notify"},
    {"name": "notifyAll"},
    {"name": "wait"},
    {
      "name": "wait",
      "parameters": [{
        "name": "arg0",
        "type": "long"
      }]
    },
    {
      "name": "wait",
      "parameters": [
        {
          "name": "arg0",
          "type": "long"
        },
        {
          "name": "arg1",
          "type": "int"
        }
      ]
    },
    {
      "name": "name",
      "return": "java.lang.String"
    },
    {
      "name": "ordinal",
      "return": "int"
    },
    {
      "name": "toString",
      "return": "java.lang.String"
    },
    {
      "name": "equals",
      "parameters": [{
        "name": "arg0",
        "type": "java.lang.Object"
      }],
      "return": "boolean"
    },
    {
      "name": "hashCode",
      "return": "int"
    },
    {
      "name": "compareTo",
      "parameters": [{
        "name": "arg0",
        "type": "java.lang.Enum"
      }],
      "return": "int"
    },
    {
      "name": "getDeclaringClass",
      "return": "java.lang.Class"
    },
    {
      "name": "describeConstable",
      "return": "java.util.Optional"
    },
    {
      "static": true,
      "name": "valueOf",
      "parameters": [
        {
          "name": "arg0",
          "type": "java.lang.Class"
        },
        {
          "name": "arg1",
          "type": "java.lang.String"
        }
      ],
      "return": "java.lang.Enum"
    },
    {
      "static": true,
      "name": "values",
      "return": "io.papermc.paper.datacomponent.item.consumable.ItemUseAnimation[]"
    },
    {
      "static": true,
      "name": "valueOf",
      "parameters": [{
        "name": "name",
        "type": "java.lang.String"
      }],
      "return": "io.papermc.paper.datacomponent.item.consumable.ItemUseAnimation"
    }
  ],
  "name": "io.papermc.paper.datacomponent.item.consumable.ItemUseAnimation",
  "simple-name": "ItemUseAnimation",
  "fields": [
    {
      "static": true,
      "name": "NONE",
      "type": "io.papermc.paper.datacomponent.item.consumable.ItemUseAnimation"
    },
    {
      "static": true,
      "name": "EAT",
      "type": "io.papermc.paper.datacomponent.item.consumable.ItemUseAnimation"
    },
    {
      "static": true,
      "name": "DRINK",
      "type": "io.papermc.paper.datacomponent.item.consumable.ItemUseAnimation"
    },
    {
      "static": true,
      "name": "BLOCK",
      "type": "io.papermc.paper.datacomponent.item.consumable.ItemUseAnimation"
    },
    {
      "static": true,
      "name": "BOW",
      "type": "io.papermc.paper.datacomponent.item.consumable.ItemUseAnimation"
    },
    {
      "static": true,
      "name": "SPEAR",
      "type": "io.papermc.paper.datacomponent.item.consumable.ItemUseAnimation"
    },
    {
      "static": true,
      "name": "CROSSBOW",
      "type": "io.papermc.paper.datacomponent.item.consumable.ItemUseAnimation"
    },
    {
      "static": true,
      "name": "SPYGLASS",
      "type": "io.papermc.paper.datacomponent.item.consumable.ItemUseAnimation"
    },
    {
      "static": true,
      "name": "TOOT_HORN",
      "type": "io.papermc.paper.datacomponent.item.consumable.ItemUseAnimation"
    },
    {
      "static": true,
      "name": "BRUSH",
      "type": "io.papermc.paper.datacomponent.item.consumable.ItemUseAnimation"
    },
    {
      "static": true,
      "name": "BUNDLE",
      "type": "io.papermc.paper.datacomponent.item.consumable.ItemUseAnimation"
    }
  ]
}