{
  "package": "io.papermc.paper.dialog",
  "methods": [
    {
      "name": "getClass",
      "return": "java.lang.Class"
    },
    {
      "name": "hashCode",
      "return": "int"
    },
    {
      "name": "equals",
      "parameters": [{
        "name": "arg0",
        "type": "java.lang.Object"
      }],
      "return": "boolean"
    },
    {
      "name": "toString",
      "return": "java.lang.String"
    },
    {"name": "notify"},
    {"name": "notifyAll"},
    {"name": "wait"},
    {
      "name": "wait",
      "parameters": [{
        "name": "arg0",
        "type": "long"
      }]
    },
    {
      "name": "wait",
      "parameters": [
        {
          "name": "arg0",
          "type": "long"
        },
        {
          "name": "arg1",
          "type": "int"
        }
      ]
    },
    {
      "name": "payload",
      "return": "net.kyori.adventure.nbt.api.BinaryTagHolder"
    },
    {
      "name": "getText",
      "parameters": [{
        "name": "key",
        "type": "java.lang.String"
      }],
      "return": "java.lang.String"
    },
    {
      "name": "getBoolean",
      "parameters": [{
        "name": "key",
        "type": "java.lang.String"
      }],
      "return": "java.lang.Boolean"
    },
    {
      "name": "getFloat",
      "parameters": [{
        "name": "key",
        "type": "java.lang.String"
      }],
      "return": "java.lang.Float"
    }
  ],
  "name": "io.papermc.paper.dialog.DialogResponseView",
  "simple-name": "DialogResponseView"
}