{
  "package": "io.papermc.paper.potion",
  "methods": [
    {
      "name": "getClass",
      "return": "java.lang.Class"
    },
    {
      "name": "hashCode",
      "return": "int"
    },
    {
      "name": "equals",
      "parameters": [{
        "name": "arg0",
        "type": "java.lang.Object"
      }],
      "return": "boolean"
    },
    {
      "name": "toString",
      "return": "java.lang.String"
    },
    {"name": "notify"},
    {"name": "notifyAll"},
    {"name": "wait"},
    {
      "name": "wait",
      "parameters": [{
        "name": "arg0",
        "type": "long"
      }]
    },
    {
      "name": "wait",
      "parameters": [
        {
          "name": "arg0",
          "type": "long"
        },
        {
          "name": "arg1",
          "type": "int"
        }
      ]
    },
    {
      "name": "effect",
      "return": "org.bukkit.potion.PotionEffectType"
    },
    {
      "name": "duration",
      "return": "int"
    },
    {
      "static": true,
      "name": "create",
      "parameters": [
        {
          "name": "effectType",
          "type": "org.bukkit.potion.PotionEffectType"
        },
        {
          "name": "duration",
          "type": "int"
        }
      ],
      "return": "io.papermc.paper.potion.SuspiciousEffectEntry"
    }
  ],
  "name": "io.papermc.paper.potion.SuspiciousEffectEntry",
  "simple-name": "SuspiciousEffectEntry"
}