{
  "constructors": [
    {
      "name": "<init>",
      "parameters": [
        {
          "name": "key",
          "type": "org.bukkit.NamespacedKey"
        },
        {
          "name": "filter",
          "type": "java.util.function.Predicate"
        }
      ]
    },
    {
      "name": "<init>",
      "parameters": [
        {
          "name": "key",
          "type": "org.bukkit.NamespacedKey"
        },
        {
          "name": "values",
          "type": "org.bukkit.entity.EntityType[]"
        }
      ]
    },
    {
      "name": "<init>",
      "parameters": [
        {
          "name": "key",
          "type": "org.bukkit.NamespacedKey"
        },
        {
          "name": "values",
          "type": "java.util.Collection"
        }
      ]
    },
    {
      "name": "<init>",
      "parameters": [
        {
          "name": "key",
          "type": "org.bukkit.NamespacedKey"
        },
        {
          "name": "values",
          "type": "java.util.Collection"
        },
        {
          "name": "globalPredicates",
          "type": "java.util.function.Predicate[]"
        }
      ]
    }
  ],
  "package": "io.papermc.paper.tag",
  "methods": [
    {
      "name": "getClass",
      "return": "java.lang.Class"
    },
    {
      "name": "hashCode",
      "return": "int"
    },
    {
      "name": "equals",
      "parameters": [{
        "name": "arg0",
        "type": "java.lang.Object"
      }],
      "return": "boolean"
    },
    {
      "name": "toString",
      "return": "java.lang.String"
    },
    {"name": "notify"},
    {"name": "notifyAll"},
    {"name": "wait"},
    {
      "name": "wait",
      "parameters": [{
        "name": "arg0",
        "type": "long"
      }]
    },
    {
      "name": "wait",
      "parameters": [
        {
          "name": "arg0",
          "type": "long"
        },
        {
          "name": "arg1",
          "type": "int"
        }
      ]
    },
    {
      "name": "key",
      "return": "net.kyori.adventure.key.Key"
    },
    {
      "name": "lock",
      "return": "io.papermc.paper.tag.BaseTag"
    },
    {
      "name": "isLocked",
      "return": "boolean"
    },
    {
      "name": "getKey",
      "return": "org.bukkit.NamespacedKey"
    },
    {
      "name": "getValues",
      "return": "java.util.Set"
    },
    {
      "name": "isTagged",
      "parameters": [{
        "name": "item",
        "type": "org.bukkit.Keyed"
      }],
      "return": "boolean"
    },
    {
      "name": "add",
      "parameters": [{
        "name": "tags",
        "type": "org.bukkit.Tag[]"
      }],
      "return": "io.papermc.paper.tag.BaseTag"
    },
    {
      "name": "add",
      "parameters": [{
        "name": "values",
        "type": "org.bukkit.Keyed[]"
      }],
      "return": "io.papermc.paper.tag.BaseTag"
    },
    {
      "name": "add",
      "parameters": [{
        "name": "collection",
        "type": "java.util.Collection"
      }],
      "return": "io.papermc.paper.tag.BaseTag"
    },
    {
      "name": "add",
      "parameters": [{
        "name": "filter",
        "type": "java.util.function.Predicate"
      }],
      "return": "io.papermc.paper.tag.BaseTag"
    },
    {
      "name": "contains",
      "parameters": [{
        "name": "with",
        "type": "java.lang.String"
      }],
      "return": "io.papermc.paper.tag.BaseTag"
    },
    {
      "name": "endsWith",
      "parameters": [{
        "name": "with",
        "type": "java.lang.String"
      }],
      "return": "io.papermc.paper.tag.BaseTag"
    },
    {
      "name": "startsWith",
      "parameters": [{
        "name": "with",
        "type": "java.lang.String"
      }],
      "return": "io.papermc.paper.tag.BaseTag"
    },
    {
      "name": "not",
      "parameters": [{
        "name": "tags",
        "type": "org.bukkit.Tag[]"
      }],
      "return": "io.papermc.paper.tag.BaseTag"
    },
    {
      "name": "not",
      "parameters": [{
        "name": "values",
        "type": "org.bukkit.Keyed[]"
      }],
      "return": "io.papermc.paper.tag.BaseTag"
    },
    {
      "name": "not",
      "parameters": [{
        "name": "values",
        "type": "java.util.Collection"
      }],
      "return": "io.papermc.paper.tag.BaseTag"
    },
    {
      "name": "not",
      "parameters": [{
        "name": "filter",
        "type": "java.util.function.Predicate"
      }],
      "return": "io.papermc.paper.tag.BaseTag"
    },
    {
      "name": "notContains",
      "parameters": [{
        "name": "with",
        "type": "java.lang.String"
      }],
      "return": "io.papermc.paper.tag.BaseTag"
    },
    {
      "name": "notEndsWith",
      "parameters": [{
        "name": "with",
        "type": "java.lang.String"
      }],
      "return": "io.papermc.paper.tag.BaseTag"
    },
    {
      "name": "notStartsWith",
      "parameters": [{
        "name": "with",
        "type": "java.lang.String"
      }],
      "return": "io.papermc.paper.tag.BaseTag"
    },
    {
      "name": "ensureSize",
      "parameters": [
        {
          "name": "label",
          "type": "java.lang.String"
        },
        {
          "name": "size",
          "type": "int"
        }
      ],
      "return": "io.papermc.paper.tag.BaseTag"
    }
  ],
  "name": "io.papermc.paper.tag.EntitySetTag",
  "simple-name": "EntitySetTag",
  "fields": [
    {
      "static": true,
      "name": "REGISTRY_BLOCKS",
      "type": "java.lang.String"
    },
    {
      "static": true,
      "name": "WOOL",
      "type": "org.bukkit.Tag"
    },
    {
      "static": true,
      "name": "PLANKS",
      "type": "org.bukkit.Tag"
    },
    {
      "static": true,
      "name": "STONE_BRICKS",
      "type": "org.bukkit.Tag"
    },
    {
      "static": true,
      "name": "WOODEN_BUTTONS",
      "type": "org.bukkit.Tag"
    },
    {
      "static": true,
      "name": "STONE_BUTTONS",
      "type": "org.bukkit.Tag"
    },
    {
      "static": true,
      "name": "BUTTONS",
      "type": "org.bukkit.Tag"
    },
    {
      "static": true,
      "name": "WOOL_CARPETS",
      "type": "org.bukkit.Tag"
    },
    {
      "static": true,
      "name": "CARPETS",
      "type": "org.bukkit.Tag"
    },
    {
      "static": true,
      "name": "WOODEN_DOORS",
      "type": "org.bukkit.Tag"
    },
    {
      "static": true,
      "name": "MOB_INTERACTABLE_DOORS",
      "type": "org.bukkit.Tag"
    },
    {
      "static": true,
      "name": "WOODEN_STAIRS",
      "type": "org.bukkit.Tag"
    },
    {
      "static": true,
      "name": "WOODEN_SLABS",
      "type": "org.bukkit.Tag"
    },
    {
      "static": true,
      "name": "WOODEN_FENCES",
      "type": "org.bukkit.Tag"
    },
    {
      "static": true,
      "name": "PRESSURE_PLATES",
      "type": "org.bukkit.Tag"
    },
    {
      "static": true,
      "name": "WOODEN_PRESSURE_PLATES",
      "type": "org.bukkit.Tag"
    },
    {
      "static": true,
      "name": "STONE_PRESSURE_PLATES",
      "type": "org.bukkit.Tag"
    },
    {
      "static": true,
      "name": "WOODEN_TRAPDOORS",
      "type": "org.bukkit.Tag"
    },
    {
      "static": true,
      "name": "DOORS",
      "type": "org.bukkit.Tag"
    },
    {
      "static": true,
      "name": "SAPLINGS",
      "type": "org.bukkit.Tag"
    },
    {
      "static": true,
      "name": "LOGS_THAT_BURN",
      "type": "org.bukkit.Tag"
    },
    {
      "static": true,
      "name": "LOGS",
      "type": "org.bukkit.Tag"
    },
    {
      "static": true,
      "name": "DARK_OAK_LOGS",
      "type": "org.bukkit.Tag"
    },
    {
      "static": true,
      "name": "PALE_OAK_LOGS",
      "type": "org.bukkit.Tag"
    },
    {
      "static": true,
      "name": "OAK_LOGS",
      "type": "org.bukkit.Tag"
    },
    {
      "static": true,
      "name": "BIRCH_LOGS",
      "type": "org.bukkit.Tag"
    },
    {
      "static": true,
      "name": "ACACIA_LOGS",
      "type": "org.bukkit.Tag"
    },
    {
      "static": true,
      "name": "CHERRY_LOGS",
      "type": "org.bukkit.Tag"
    },
    {
      "static": true,
      "name": "JUNGLE_LOGS",
      "type": "org.bukkit.Tag"
    },
    {
      "static": true,
      "name": "SPRUCE_LOGS",
      "type": "org.bukkit.Tag"
    },
    {
      "static": true,
      "name": "MANGROVE_LOGS",
      "type": "org.bukkit.Tag"
    },
    {
      "static": true,
      "name": "CRIMSON_STEMS",
      "type": "org.bukkit.Tag"
    },
    {
      "static": true,
      "name": "WARPED_STEMS",
      "type": "org.bukkit.Tag"
    },
    {
      "static": true,
      "name": "BAMBOO_BLOCKS",
      "type": "org.bukkit.Tag"
    },
    {
      "static": true,
      "name": "BANNERS",
      "type": "org.bukkit.Tag"
    },
    {
      "static": true,
      "name": "SAND",
      "type": "org.bukkit.Tag"
    },
    {
      "static": true,
      "name": "SMELTS_TO_GLASS",
      "type": "org.bukkit.Tag"
    },
    {
      "static": true,
      "name": "STAIRS",
      "type": "org.bukkit.Tag"
    },
    {
      "static": true,
      "name": "SLABS",
      "type": "org.bukkit.Tag"
    },
    {
      "static": true,
      "name": "WALLS",
      "type": "org.bukkit.Tag"
    },
    {
      "static": true,
      "name": "ANVIL",
      "type": "org.bukkit.Tag"
    },
    {
      "static": true,
      "name": "RAILS",
      "type": "org.bukkit.Tag"
    },
    {
      "static": true,
      "name": "LEAVES",
      "type": "org.bukkit.Tag"
    },
    {
      "static": true,
      "name": "TRAPDOORS",
      "type": "org.bukkit.Tag"
    },
    {
      "static": true,
      "name": "FLOWER_POTS",
      "type": "org.bukkit.Tag"
    },
    {
      "static": true,
      "name": "SMALL_FLOWERS",
      "type": "org.bukkit.Tag"
    },
    {
      "static": true,
      "name": "BEDS",
      "type": "org.bukkit.Tag"
    },
    {
      "static": true,
      "name": "FENCES",
      "type": "org.bukkit.Tag"
    },
    {
      "static": true,
      "name": "FLOWERS",
      "type": "org.bukkit.Tag"
    },
    {
      "static": true,
      "name": "BEE_ATTRACTIVE",
      "type": "org.bukkit.Tag"
    },
    {
      "static": true,
      "name": "PIGLIN_REPELLENTS",
      "type": "org.bukkit.Tag"
    },
    {
      "static": true,
      "name": "GOLD_ORES",
      "type": "org.bukkit.Tag"
    },
    {
      "static": true,
      "name": "IRON_ORES",
      "type": "org.bukkit.Tag"
    },
    {
      "static": true,
      "name": "DIAMOND_ORES",
      "type": "org.bukkit.Tag"
    },
    {
      "static": true,
      "name": "REDSTONE_ORES",
      "type": "org.bukkit.Tag"
    },
    {
      "static": true,
      "name": "LAPIS_ORES",
      "type": "org.bukkit.Tag"
    },
    {
      "static": true,
      "name": "COAL_ORES",
      "type": "org.bukkit.Tag"
    },
    {
      "static": true,
      "name": "EMERALD_ORES",
      "type": "org.bukkit.Tag"
    },
    {
      "static": true,
      "name": "COPPER_ORES",
      "type": "org.bukkit.Tag"
    },
    {
      "static": true,
      "name": "CANDLES",
      "type": "org.bukkit.Tag"
    },
    {
      "static": true,
      "name": "DIRT",
      "type": "org.bukkit.Tag"
    },
    {
      "static": true,
      "name": "TERRACOTTA",
      "type": "org.bukkit.Tag"
    },
    {
      "static": true,
      "name": "BADLANDS_TERRACOTTA",
      "type": "org.bukkit.Tag"
    },
    {
      "static": true,
      "name": "CONCRETE_POWDER",
      "type": "org.bukkit.Tag"
    },
    {
      "static": true,
      "name": "COMPLETES_FIND_TREE_TUTORIAL",
      "type": "org.bukkit.Tag"
    },
    {
      "static": true,
      "name": "ENDERMAN_HOLDABLE",
      "type": "org.bukkit.Tag"
    },
    {
      "static": true,
      "name": "ICE",
      "type": "org.bukkit.Tag"
    },
    {
      "static": true,
      "name": "VALID_SPAWN",
      "type": "org.bukkit.Tag"
    },
    {
      "static": true,
      "name": "IMPERMEABLE",
      "type": "org.bukkit.Tag"
    },
    {
      "static": true,
      "name": "UNDERWATER_BONEMEALS",
      "type": "org.bukkit.Tag"
    },
    {
      "static": true,
      "name": "CORAL_BLOCKS",
      "type": "org.bukkit.Tag"
    },
    {
      "static": true,
      "name": "WALL_CORALS",
      "type": "org.bukkit.Tag"
    },
    {
      "static": true,
      "name": "CORAL_PLANTS",
      "type": "org.bukkit.Tag"
    },
    {
      "static": true,
      "name": "CORALS",
      "type": "org.bukkit.Tag"
    },
    {
      "static": true,
      "name": "BAMBOO_PLANTABLE_ON",
      "type": "org.bukkit.Tag"
    },
    {
      "static": true,
      "name": "STANDING_SIGNS",
      "type": "org.bukkit.Tag"
    },
    {
      "static": true,
      "name": "WALL_SIGNS",
      "type": "org.bukkit.Tag"
    },
    {
      "static": true,
      "name": "SIGNS",
      "type": "org.bukkit.Tag"
    },
    {
      "static": true,
      "name": "CEILING_HANGING_SIGNS",
      "type": "org.bukkit.Tag"
    },
    {
      "static": true,
      "name": "WALL_HANGING_SIGNS",
      "type": "org.bukkit.Tag"
    },
    {
      "static": true,
      "name": "ALL_HANGING_SIGNS",
      "type": "org.bukkit.Tag"
    },
    {
      "static": true,
      "name": "ALL_SIGNS",
      "type": "org.bukkit.Tag"
    },
    {
      "static": true,
      "name": "DRAGON_IMMUNE",
      "type": "org.bukkit.Tag"
    },
    {
      "static": true,
      "name": "DRAGON_TRANSPARENT",
      "type": "org.bukkit.Tag"
    },
    {
      "static": true,
      "name": "WITHER_IMMUNE",
      "type": "org.bukkit.Tag"
    },
    {
      "static": true,
      "name": "WITHER_SUMMON_BASE_BLOCKS",
      "type": "org.bukkit.Tag"
    },
    {
      "static": true,
      "name": "BEEHIVES",
      "type": "org.bukkit.Tag"
    },
    {
      "static": true,
      "name": "CROPS",
      "type": "org.bukkit.Tag"
    },
    {
      "static": true,
      "name": "BEE_GROWABLES",
      "type": "org.bukkit.Tag"
    },
    {
      "static": true,
      "name": "PORTALS",
      "type": "org.bukkit.Tag"
    },
    {
      "static": true,
      "name": "FIRE",
      "type": "org.bukkit.Tag"
    },
    {
      "static": true,
      "name": "NYLIUM",
      "type": "org.bukkit.Tag"
    },
    {
      "static": true,
      "name": "WART_BLOCKS",
      "type": "org.bukkit.Tag"
    },
    {
      "static": true,
      "name": "BEACON_BASE_BLOCKS",
      "type": "org.bukkit.Tag"
    },
    {
      "static": true,
      "name": "SOUL_SPEED_BLOCKS",
      "type": "org.bukkit.Tag"
    },
    {
      "static": true,
      "name": "WALL_POST_OVERRIDE",
      "type": "org.bukkit.Tag"
    },
    {
      "static": true,
      "name": "CLIMBABLE",
      "type": "org.bukkit.Tag"
    },
    {
      "static": true,
      "name": "FALL_DAMAGE_RESETTING",
      "type": "org.bukkit.Tag"
    },
    {
      "static": true,
      "name": "SHULKER_BOXES",
      "type": "org.bukkit.Tag"
    },
    {
      "static": true,
      "name": "HOGLIN_REPELLENTS",
      "type": "org.bukkit.Tag"
    },
    {
      "static": true,
      "name": "SOUL_FIRE_BASE_BLOCKS",
      "type": "org.bukkit.Tag"
    },
    {
      "static": true,
      "name": "STRIDER_WARM_BLOCKS",
      "type": "org.bukkit.Tag"
    },
    {
      "static": true,
      "name": "CAMPFIRES",
      "type": "org.bukkit.Tag"
    },
    {
      "static": true,
      "name": "GUARDED_BY_PIGLINS",
      "type": "org.bukkit.Tag"
    },
    {
      "static": true,
      "name": "PREVENT_MOB_SPAWNING_INSIDE",
      "type": "org.bukkit.Tag"
    },
    {
      "static": true,
      "name": "FENCE_GATES",
      "type": "org.bukkit.Tag"
    },
    {
      "static": true,
      "name": "UNSTABLE_BOTTOM_CENTER",
      "type": "org.bukkit.Tag"
    },
    {
      "static": true,
      "name": "MUSHROOM_GROW_BLOCK",
      "type": "org.bukkit.Tag"
    },
    {
      "static": true,
      "name": "INFINIBURN_OVERWORLD",
      "type": "org.bukkit.Tag"
    },
    {
      "static": true,
      "name": "INFINIBURN_NETHER",
      "type": "org.bukkit.Tag"
    },
    {
      "static": true,
      "name": "INFINIBURN_END",
      "type": "org.bukkit.Tag"
    },
    {
      "static": true,
      "name": "BASE_STONE_OVERWORLD",
      "type": "org.bukkit.Tag"
    },
    {
      "static": true,
      "name": "STONE_ORE_REPLACEABLES",
      "type": "org.bukkit.Tag"
    },
    {
      "static": true,
      "name": "DEEPSLATE_ORE_REPLACEABLES",
      "type": "org.bukkit.Tag"
    },
    {
      "static": true,
      "name": "BASE_STONE_NETHER",
      "type": "org.bukkit.Tag"
    },
    {
      "static": true,
      "name": "OVERWORLD_CARVER_REPLACEABLES",
      "type": "org.bukkit.Tag"
    },
    {
      "static": true,
      "name": "NETHER_CARVER_REPLACEABLES",
      "type": "org.bukkit.Tag"
    },
    {
      "static": true,
      "name": "CANDLE_CAKES",
      "type": "org.bukkit.Tag"
    },
    {
      "static": true,
      "name": "CAULDRONS",
      "type": "org.bukkit.Tag"
    },
    {
      "static": true,
      "name": "CRYSTAL_SOUND_BLOCKS",
      "type": "org.bukkit.Tag"
    },
    {
      "static": true,
      "name": "INSIDE_STEP_SOUND_BLOCKS",
      "type": "org.bukkit.Tag"
    },
    {
      "static": true,
      "name": "COMBINATION_STEP_SOUND_BLOCKS",
      "type": "org.bukkit.Tag"
    },
    {
      "static": true,
      "name": "CAMEL_SAND_STEP_SOUND_BLOCKS",
      "type": "org.bukkit.Tag"
    },
    {
      "static": true,
      "name": "OCCLUDES_VIBRATION_SIGNALS",
      "type": "org.bukkit.Tag"
    },
    {
      "static": true,
      "name": "DAMPENS_VIBRATIONS",
      "type": "org.bukkit.Tag"
    },
    {
      "static": true,
      "name": "DRIPSTONE_REPLACEABLE",
      "type": "org.bukkit.Tag"
    },
    {
      "static": true,
      "name": "CAVE_VINES",
      "type": "org.bukkit.Tag"
    },
    {
      "static": true,
      "name": "MOSS_REPLACEABLE",
      "type": "org.bukkit.Tag"
    },
    {
      "static": true,
      "name": "LUSH_GROUND_REPLACEABLE",
      "type": "org.bukkit.Tag"
    },
    {
      "static": true,
      "name": "AZALEA_ROOT_REPLACEABLE",
      "type": "org.bukkit.Tag"
    },
    {
      "static": true,
      "name": "SMALL_DRIPLEAF_PLACEABLE",
      "type": "org.bukkit.Tag"
    },
    {
      "static": true,
      "name": "BIG_DRIPLEAF_PLACEABLE",
      "type": "org.bukkit.Tag"
    },
    {
      "static": true,
      "name": "SNOW",
      "type": "org.bukkit.Tag"
    },
    {
      "static": true,
      "name": "MINEABLE_AXE",
      "type": "org.bukkit.Tag"
    },
    {
      "static": true,
      "name": "MINEABLE_HOE",
      "type": "org.bukkit.Tag"
    },
    {
      "static": true,
      "name": "MINEABLE_PICKAXE",
      "type": "org.bukkit.Tag"
    },
    {
      "static": true,
      "name": "MINEABLE_SHOVEL",
      "type": "org.bukkit.Tag"
    },
    {
      "static": true,
      "name": "SWORD_EFFICIENT",
      "type": "org.bukkit.Tag"
    },
    {
      "static": true,
      "name": "NEEDS_DIAMOND_TOOL",
      "type": "org.bukkit.Tag"
    },
    {
      "static": true,
      "name": "NEEDS_IRON_TOOL",
      "type": "org.bukkit.Tag"
    },
    {
      "static": true,
      "name": "NEEDS_STONE_TOOL",
      "type": "org.bukkit.Tag"
    },
    {
      "static": true,
      "name": "INCORRECT_FOR_NETHERITE_TOOL",
      "type": "org.bukkit.Tag"
    },
    {
      "static": true,
      "name": "INCORRECT_FOR_DIAMOND_TOOL",
      "type": "org.bukkit.Tag"
    },
    {
      "static": true,
      "name": "INCORRECT_FOR_IRON_TOOL",
      "type": "org.bukkit.Tag"
    },
    {
      "static": true,
      "name": "INCORRECT_FOR_STONE_TOOL",
      "type": "org.bukkit.Tag"
    },
    {
      "static": true,
      "name": "INCORRECT_FOR_GOLD_TOOL",
      "type": "org.bukkit.Tag"
    },
    {
      "static": true,
      "name": "INCORRECT_FOR_WOODEN_TOOL",
      "type": "org.bukkit.Tag"
    },
    {
      "static": true,
      "name": "FEATURES_CANNOT_REPLACE",
      "type": "org.bukkit.Tag"
    },
    {
      "static": true,
      "name": "LAVA_POOL_STONE_CANNOT_REPLACE",
      "type": "org.bukkit.Tag"
    },
    {
      "static": true,
      "name": "GEODE_INVALID_BLOCKS",
      "type": "org.bukkit.Tag"
    },
    {
      "static": true,
      "name": "FROG_PREFER_JUMP_TO",
      "type": "org.bukkit.Tag"
    },
    {
      "static": true,
      "name": "SCULK_REPLACEABLE",
      "type": "org.bukkit.Tag"
    },
    {
      "static": true,
      "name": "SCULK_REPLACEABLE_WORLD_GEN",
      "type": "org.bukkit.Tag"
    },
    {
      "static": true,
      "name": "ANCIENT_CITY_REPLACEABLE",
      "type": "org.bukkit.Tag"
    },
    {
      "static": true,
      "name": "VIBRATION_RESONATORS",
      "type": "org.bukkit.Tag"
    },
    {
      "static": true,
      "name": "ANIMALS_SPAWNABLE_ON",
      "type": "org.bukkit.Tag"
    },
    {
      "static": true,
      "name": "ARMADILLO_SPAWNABLE_ON",
      "type": "org.bukkit.Tag"
    },
    {
      "static": true,
      "name": "AXOLOTLS_SPAWNABLE_ON",
      "type": "org.bukkit.Tag"
    },
    {
      "static": true,
      "name": "GOATS_SPAWNABLE_ON",
      "type": "org.bukkit.Tag"
    },
    {
      "static": true,
      "name": "MOOSHROOMS_SPAWNABLE_ON",
      "type": "org.bukkit.Tag"
    },
    {
      "static": true,
      "name": "PARROTS_SPAWNABLE_ON",
      "type": "org.bukkit.Tag"
    },
    {
      "static": true,
      "name": "POLAR_BEARS_SPAWNABLE_ON_ALTERNATE",
      "type": "org.bukkit.Tag"
    },
    {
      "static": true,
      "name": "RABBITS_SPAWNABLE_ON",
      "type": "org.bukkit.Tag"
    },
    {
      "static": true,
      "name": "FOXES_SPAWNABLE_ON",
      "type": "org.bukkit.Tag"
    },
    {
      "static": true,
      "name": "WOLVES_SPAWNABLE_ON",
      "type": "org.bukkit.Tag"
    },
    {
      "static": true,
      "name": "FROGS_SPAWNABLE_ON",
      "type": "org.bukkit.Tag"
    },
    {
      "static": true,
      "name": "BATS_SPAWNABLE_ON",
      "type": "org.bukkit.Tag"
    },
    {
      "static": true,
      "name": "AZALEA_GROWS_ON",
      "type": "org.bukkit.Tag"
    },
    {
      "static": true,
      "name": "CONVERTABLE_TO_MUD",
      "type": "org.bukkit.Tag"
    },
    {
      "static": true,
      "name": "MANGROVE_LOGS_CAN_GROW_THROUGH",
      "type": "org.bukkit.Tag"
    },
    {
      "static": true,
      "name": "MANGROVE_ROOTS_CAN_GROW_THROUGH",
      "type": "org.bukkit.Tag"
    },
    {
      "static": true,
      "name": "DEAD_BUSH_MAY_PLACE_ON",
      "type": "org.bukkit.Tag"
    },
    {
      "static": true,
      "name": "SNAPS_GOAT_HORN",
      "type": "org.bukkit.Tag"
    },
    {
      "static": true,
      "name": "REPLACEABLE_BY_TREES",
      "type": "org.bukkit.Tag"
    },
    {
      "static": true,
      "name": "SNOW_LAYER_CANNOT_SURVIVE_ON",
      "type": "org.bukkit.Tag"
    },
    {
      "static": true,
      "name": "SNOW_LAYER_CAN_SURVIVE_ON",
      "type": "org.bukkit.Tag"
    },
    {
      "static": true,
      "name": "INVALID_SPAWN_INSIDE",
      "type": "org.bukkit.Tag"
    },
    {
      "static": true,
      "name": "SNIFFER_DIGGABLE_BLOCK",
      "type": "org.bukkit.Tag"
    },
    {
      "static": true,
      "name": "SNIFFER_EGG_HATCH_BOOST",
      "type": "org.bukkit.Tag"
    },
    {
      "static": true,
      "name": "TRAIL_RUINS_REPLACEABLE",
      "type": "org.bukkit.Tag"
    },
    {
      "static": true,
      "name": "REPLACEABLE",
      "type": "org.bukkit.Tag"
    },
    {
      "static": true,
      "name": "ENCHANTMENT_POWER_PROVIDER",
      "type": "org.bukkit.Tag"
    },
    {
      "static": true,
      "name": "ENCHANTMENT_POWER_TRANSMITTER",
      "type": "org.bukkit.Tag"
    },
    {
      "static": true,
      "name": "MAINTAINS_FARMLAND",
      "type": "org.bukkit.Tag"
    },
    {
      "static": true,
      "name": "BLOCKS_WIND_CHARGE_EXPLOSIONS",
      "type": "org.bukkit.Tag"
    },
    {
      "static": true,
      "name": "DOES_NOT_BLOCK_HOPPERS",
      "type": "org.bukkit.Tag"
    },
    {
      "static": true,
      "name": "AIR",
      "type": "org.bukkit.Tag"
    },
    {
      "static": true,
      "name": "REGISTRY_ITEMS",
      "type": "java.lang.String"
    },
    {
      "static": true,
      "name": "ITEMS_PIGLIN_LOVED",
      "type": "org.bukkit.Tag"
    },
    {
      "static": true,
      "name": "IGNORED_BY_PIGLIN_BABIES",
      "type": "org.bukkit.Tag"
    },
    {
      "static": true,
      "name": "ITEMS_PIGLIN_SAFE_ARMOR",
      "type": "org.bukkit.Tag"
    },
    {
      "static": true,
      "name": "ITEMS_DUPLICATES_ALLAYS",
      "type": "org.bukkit.Tag"
    },
    {
      "static": true,
      "name": "ITEMS_BREWING_FUEL",
      "type": "org.bukkit.Tag"
    },
    {
      "static": true,
      "name": "ITEMS_MEAT",
      "type": "org.bukkit.Tag"
    },
    {
      "static": true,
      "name": "ITEMS_SNIFFER_FOOD",
      "type": "org.bukkit.Tag"
    },
    {
      "static": true,
      "name": "ITEMS_PIGLIN_FOOD",
      "type": "org.bukkit.Tag"
    },
    {
      "static": true,
      "name": "PIGLIN_FOOD",
      "type": "org.bukkit.Tag"
    },
    {
      "static": true,
      "name": "ITEMS_FOX_FOOD",
      "type": "org.bukkit.Tag"
    },
    {
      "static": true,
      "name": "FOX_FOOD",
      "type": "org.bukkit.Tag"
    },
    {
      "static": true,
      "name": "ITEMS_COW_FOOD",
      "type": "org.bukkit.Tag"
    },
    {
      "static": true,
      "name": "ITEMS_GOAT_FOOD",
      "type": "org.bukkit.Tag"
    },
    {
      "static": true,
      "name": "ITEMS_SHEEP_FOOD",
      "type": "org.bukkit.Tag"
    },
    {
      "static": true,
      "name": "ITEMS_WOLF_FOOD",
      "type": "org.bukkit.Tag"
    },
    {
      "static": true,
      "name": "ITEMS_CAT_FOOD",
      "type": "org.bukkit.Tag"
    },
    {
      "static": true,
      "name": "ITEMS_HORSE_FOOD",
      "type": "org.bukkit.Tag"
    },
    {
      "static": true,
      "name": "ITEMS_HORSE_TEMPT_ITEMS",
      "type": "org.bukkit.Tag"
    },
    {
      "static": true,
      "name": "ITEMS_CAMEL_FOOD",
      "type": "org.bukkit.Tag"
    },
    {
      "static": true,
      "name": "ITEMS_ARMADILLO_FOOD",
      "type": "org.bukkit.Tag"
    },
    {
      "static": true,
      "name": "ITEMS_BEE_FOOD",
      "type": "org.bukkit.Tag"
    },
    {
      "static": true,
      "name": "ITEMS_CHICKEN_FOOD",
      "type": "org.bukkit.Tag"
    },
    {
      "static": true,
      "name": "ITEMS_FROG_FOOD",
      "type": "org.bukkit.Tag"
    },
    {
      "static": true,
      "name": "ITEMS_HOGLIN_FOOD",
      "type": "org.bukkit.Tag"
    },
    {
      "static": true,
      "name": "ITEMS_LLAMA_FOOD",
      "type": "org.bukkit.Tag"
    },
    {
      "static": true,
      "name": "ITEMS_LLAMA_TEMPT_ITEMS",
      "type": "org.bukkit.Tag"
    },
    {
      "static": true,
      "name": "ITEMS_OCELOT_FOOD",
      "type": "org.bukkit.Tag"
    },
    {
      "static": true,
      "name": "ITEMS_PANDA_FOOD",
      "type": "org.bukkit.Tag"
    },
    {
      "static": true,
      "name": "ITEMS_PANDA_EATS_FROM_GROUND",
      "type": "org.bukkit.Tag"
    },
    {
      "static": true,
      "name": "ITEMS_PIG_FOOD",
      "type": "org.bukkit.Tag"
    },
    {
      "static": true,
      "name": "ITEMS_RABBIT_FOOD",
      "type": "org.bukkit.Tag"
    },
    {
      "static": true,
      "name": "ITEMS_STRIDER_FOOD",
      "type": "org.bukkit.Tag"
    },
    {
      "static": true,
      "name": "ITEMS_STRIDER_TEMPT_ITEMS",
      "type": "org.bukkit.Tag"
    },
    {
      "static": true,
      "name": "ITEMS_TURTLE_FOOD",
      "type": "org.bukkit.Tag"
    },
    {
      "static": true,
      "name": "ITEMS_PARROT_FOOD",
      "type": "org.bukkit.Tag"
    },
    {
      "static": true,
      "name": "ITEMS_PARROT_POISONOUS_FOOD",
      "type": "org.bukkit.Tag"
    },
    {
      "static": true,
      "name": "ITEMS_AXOLOTL_FOOD",
      "type": "org.bukkit.Tag"
    },
    {
      "static": true,
      "name": "ITEMS_BANNERS",
      "type": "org.bukkit.Tag"
    },
    {
      "static": true,
      "name": "ITEMS_NON_FLAMMABLE_WOOD",
      "type": "org.bukkit.Tag"
    },
    {
      "static": true,
      "name": "ITEMS_BOATS",
      "type": "org.bukkit.Tag"
    },
    {
      "static": true,
      "name": "ITEMS_CHEST_BOATS",
      "type": "org.bukkit.Tag"
    },
    {
      "static": true,
      "name": "ITEMS_FISHES",
      "type": "org.bukkit.Tag"
    },
    {
      "static": true,
      "name": "ITEMS_CREEPER_DROP_MUSIC_DISCS",
      "type": "org.bukkit.Tag"
    },
    {
      "static": true,
      "name": "ITEMS_COALS",
      "type": "org.bukkit.Tag"
    },
    {
      "static": true,
      "name": "ITEMS_ARROWS",
      "type": "org.bukkit.Tag"
    },
    {
      "static": true,
      "name": "ITEMS_LECTERN_BOOKS",
      "type": "org.bukkit.Tag"
    },
    {
      "static": true,
      "name": "ITEMS_BOOKSHELF_BOOKS",
      "type": "org.bukkit.Tag"
    },
    {
      "static": true,
      "name": "ITEMS_BEACON_PAYMENT_ITEMS",
      "type": "org.bukkit.Tag"
    },
    {
      "static": true,
      "name": "ITEMS_WOODEN_TOOL_MATERIALS",
      "type": "org.bukkit.Tag"
    },
    {
      "static": true,
      "name": "ITEMS_STONE_TOOL_MATERIALS",
      "type": "org.bukkit.Tag"
    },
    {
      "static": true,
      "name": "ITEMS_IRON_TOOL_MATERIALS",
      "type": "org.bukkit.Tag"
    },
    {
      "static": true,
      "name": "ITEMS_GOLD_TOOL_MATERIALS",
      "type": "org.bukkit.Tag"
    },
    {
      "static": true,
      "name": "ITEMS_DIAMOND_TOOL_MATERIALS",
      "type": "org.bukkit.Tag"
    },
    {
      "static": true,
      "name": "ITEMS_NETHERITE_TOOL_MATERIALS",
      "type": "org.bukkit.Tag"
    },
    {
      "static": true,
      "name": "ITEMS_REPAIRS_LEATHER_ARMOR",
      "type": "org.bukkit.Tag"
    },
    {
      "static": true,
      "name": "ITEMS_REPAIRS_CHAIN_ARMOR",
      "type": "org.bukkit.Tag"
    },
    {
      "static": true,
      "name": "ITEMS_REPAIRS_IRON_ARMOR",
      "type": "org.bukkit.Tag"
    },
    {
      "static": true,
      "name": "ITEMS_REPAIRS_GOLD_ARMOR",
      "type": "org.bukkit.Tag"
    },
    {
      "static": true,
      "name": "ITEMS_REPAIRS_DIAMOND_ARMOR",
      "type": "org.bukkit.Tag"
    },
    {
      "static": true,
      "name": "ITEMS_REPAIRS_NETHERITE_ARMOR",
      "type": "org.bukkit.Tag"
    },
    {
      "static": true,
      "name": "ITEMS_REPAIRS_TURTLE_HELMET",
      "type": "org.bukkit.Tag"
    },
    {
      "static": true,
      "name": "ITEMS_REPAIRS_WOLF_ARMOR",
      "type": "org.bukkit.Tag"
    },
    {
      "static": true,
      "name": "ITEMS_FURNACE_MATERIALS",
      "type": "org.bukkit.Tag"
    },
    {
      "static": true,
      "name": "ITEMS_COMPASSES",
      "type": "org.bukkit.Tag"
    },
    {
      "static": true,
      "name": "ITEMS_HANGING_SIGNS",
      "type": "org.bukkit.Tag"
    },
    {
      "static": true,
      "name": "ITEMS_CREEPER_IGNITERS",
      "type": "org.bukkit.Tag"
    },
    {
      "static": true,
      "name": "ITEMS_NOTE_BLOCK_TOP_INSTRUMENTS",
      "type": "org.bukkit.Tag"
    },
    {
      "static": true,
      "name": "ITEMS_FOOT_ARMOR",
      "type": "org.bukkit.Tag"
    },
    {
      "static": true,
      "name": "ITEMS_LEG_ARMOR",
      "type": "org.bukkit.Tag"
    },
    {
      "static": true,
      "name": "ITEMS_CHEST_ARMOR",
      "type": "org.bukkit.Tag"
    },
    {
      "static": true,
      "name": "ITEMS_HEAD_ARMOR",
      "type": "org.bukkit.Tag"
    },
    {
      "static": true,
      "name": "ITEMS_SKULLS",
      "type": "org.bukkit.Tag"
    },
    {
      "static": true,
      "name": "ITEMS_TRIMMABLE_ARMOR",
      "type": "org.bukkit.Tag"
    },
    {
      "static": true,
      "name": "ITEMS_TRIM_MATERIALS",
      "type": "org.bukkit.Tag"
    },
    {
      "static": true,
      "name": "ITEMS_DECORATED_POT_SHERDS",
      "type": "org.bukkit.Tag"
    },
    {
      "static": true,
      "name": "ITEMS_DECORATED_POT_INGREDIENTS",
      "type": "org.bukkit.Tag"
    },
    {
      "static": true,
      "name": "ITEMS_SWORDS",
      "type": "org.bukkit.Tag"
    },
    {
      "static": true,
      "name": "ITEMS_AXES",
      "type": "org.bukkit.Tag"
    },
    {
      "static": true,
      "name": "ITEMS_HOES",
      "type": "org.bukkit.Tag"
    },
    {
      "static": true,
      "name": "ITEMS_PICKAXES",
      "type": "org.bukkit.Tag"
    },
    {
      "static": true,
      "name": "ITEMS_SHOVELS",
      "type": "org.bukkit.Tag"
    },
    {
      "static": true,
      "name": "ITEMS_BREAKS_DECORATED_POTS",
      "type": "org.bukkit.Tag"
    },
    {
      "static": true,
      "name": "ITEMS_TOOLS",
      "type": "org.bukkit.Tag"
    },
    {
      "static": true,
      "name": "ITEMS_VILLAGER_PLANTABLE_SEEDS",
      "type": "org.bukkit.Tag"
    },
    {
      "static": true,
      "name": "ITEMS_VILLAGER_PICKS_UP",
      "type": "org.bukkit.Tag"
    },
    {
      "static": true,
      "name": "ITEMS_DYEABLE",
      "type": "org.bukkit.Tag"
    },
    {
      "static": true,
      "name": "ITEMS_FURNACE_MINECART_FUEL",
      "type": "org.bukkit.Tag"
    },
    {
      "static": true,
      "name": "ITEMS_BUNDLES",
      "type": "org.bukkit.Tag"
    },
    {
      "static": true,
      "name": "ITEMS_SKELETON_PREFERRED_WEAPONS",
      "type": "org.bukkit.Tag"
    },
    {
      "static": true,
      "name": "ITEMS_DROWNED_PREFERRED_WEAPONS",
      "type": "org.bukkit.Tag"
    },
    {
      "static": true,
      "name": "ITEMS_PIGLIN_PREFERRED_WEAPONS",
      "type": "org.bukkit.Tag"
    },
    {
      "static": true,
      "name": "ITEMS_PILLAGER_PREFERRED_WEAPONS",
      "type": "org.bukkit.Tag"
    },
    {
      "static": true,
      "name": "ITEMS_WITHER_SKELETON_DISLIKED_WEAPONS",
      "type": "org.bukkit.Tag"
    },
    {
      "static": true,
      "name": "ITEMS_ENCHANTABLE_FOOT_ARMOR",
      "type": "org.bukkit.Tag"
    },
    {
      "static": true,
      "name": "ITEMS_ENCHANTABLE_LEG_ARMOR",
      "type": "org.bukkit.Tag"
    },
    {
      "static": true,
      "name": "ITEMS_ENCHANTABLE_CHEST_ARMOR",
      "type": "org.bukkit.Tag"
    },
    {
      "static": true,
      "name": "ITEMS_ENCHANTABLE_HEAD_ARMOR",
      "type": "org.bukkit.Tag"
    },
    {
      "static": true,
      "name": "ITEMS_ENCHANTABLE_ARMOR",
      "type": "org.bukkit.Tag"
    },
    {
      "static": true,
      "name": "ITEMS_ENCHANTABLE_SWORD",
      "type": "org.bukkit.Tag"
    },
    {
      "static": true,
      "name": "ITEMS_ENCHANTABLE_FIRE_ASPECT",
      "type": "org.bukkit.Tag"
    },
    {
      "static": true,
      "name": "ITEMS_ENCHANTABLE_SHARP_WEAPON",
      "type": "org.bukkit.Tag"
    },
    {
      "static": true,
      "name": "ITEMS_ENCHANTABLE_WEAPON",
      "type": "org.bukkit.Tag"
    },
    {
      "static": true,
      "name": "ITEMS_ENCHANTABLE_MINING",
      "type": "org.bukkit.Tag"
    },
    {
      "static": true,
      "name": "ITEMS_ENCHANTABLE_MINING_LOOT",
      "type": "org.bukkit.Tag"
    },
    {
      "static": true,
      "name": "ITEMS_ENCHANTABLE_FISHING",
      "type": "org.bukkit.Tag"
    },
    {
      "static": true,
      "name": "ITEMS_ENCHANTABLE_TRIDENT",
      "type": "org.bukkit.Tag"
    },
    {
      "static": true,
      "name": "ITEMS_ENCHANTABLE_DURABILITY",
      "type": "org.bukkit.Tag"
    },
    {
      "static": true,
      "name": "ITEMS_ENCHANTABLE_BOW",
      "type": "org.bukkit.Tag"
    },
    {
      "static": true,
      "name": "ITEMS_ENCHANTABLE_EQUIPPABLE",
      "type": "org.bukkit.Tag"
    },
    {
      "static": true,
      "name": "ITEMS_ENCHANTABLE_CROSSBOW",
      "type": "org.bukkit.Tag"
    },
    {
      "static": true,
      "name": "ITEMS_ENCHANTABLE_VANISHING",
      "type": "org.bukkit.Tag"
    },
    {
      "static": true,
      "name": "ITEMS_ENCHANTABLE_MACE",
      "type": "org.bukkit.Tag"
    },
    {
      "static": true,
      "name": "ITEMS_MAP_INVISIBILITY_EQUIPMENT",
      "type": "org.bukkit.Tag"
    },
    {
      "static": true,
      "name": "ITEMS_GAZE_DISGUISE_EQUIPMENT",
      "type": "org.bukkit.Tag"
    },
    {
      "static": true,
      "name": "FREEZE_IMMUNE_WEARABLES",
      "type": "org.bukkit.Tag"
    },
    {
      "static": true,
      "name": "AXOLOTL_TEMPT_ITEMS",
      "type": "org.bukkit.Tag"
    },
    {
      "static": true,
      "name": "CLUSTER_MAX_HARVESTABLES",
      "type": "org.bukkit.Tag"
    },
    {
      "static": true,
      "name": "REGISTRY_FLUIDS",
      "type": "java.lang.String"
    },
    {
      "static": true,
      "name": "FLUIDS_LAVA",
      "type": "org.bukkit.Tag"
    },
    {
      "static": true,
      "name": "FLUIDS_WATER",
      "type": "org.bukkit.Tag"
    },
    {
      "static": true,
      "name": "REGISTRY_ENTITY_TYPES",
      "type": "java.lang.String"
    },
    {
      "static": true,
      "name": "ENTITY_TYPES_SKELETONS",
      "type": "org.bukkit.Tag"
    },
    {
      "static": true,
      "name": "ENTITY_TYPES_RAIDERS",
      "type": "org.bukkit.Tag"
    },
    {
      "static": true,
      "name": "ENTITY_TYPES_BEEHIVE_INHABITORS",
      "type": "org.bukkit.Tag"
    },
    {
      "static": true,
      "name": "ENTITY_TYPES_ARROWS",
      "type": "org.bukkit.Tag"
    },
    {
      "static": true,
      "name": "ENTITY_TYPES_IMPACT_PROJECTILES",
      "type": "org.bukkit.Tag"
    },
    {
      "static": true,
      "name": "ENTITY_TYPES_POWDER_SNOW_WALKABLE_MOBS",
      "type": "org.bukkit.Tag"
    },
    {
      "static": true,
      "name": "ENTITY_TYPES_AXOLOTL_ALWAYS_HOSTILES",
      "type": "org.bukkit.Tag"
    },
    {
      "static": true,
      "name": "ENTITY_TYPES_AXOLOTL_HUNT_TARGETS",
      "type": "org.bukkit.Tag"
    },
    {
      "static": true,
      "name": "ENTITY_TYPES_FREEZE_IMMUNE_ENTITY_TYPES",
      "type": "org.bukkit.Tag"
    },
    {
      "static": true,
      "name": "ENTITY_TYPES_FREEZE_HURTS_EXTRA_TYPES",
      "type": "org.bukkit.Tag"
    },
    {
      "static": true,
      "name": "ENTITY_TYPES_FROG_FOOD",
      "type": "org.bukkit.Tag"
    },
    {
      "static": true,
      "name": "ENTITY_TYPES_FALL_DAMAGE_IMMUNE",
      "type": "org.bukkit.Tag"
    },
    {
      "static": true,
      "name": "ENTITY_TYPES_DISMOUNTS_UNDERWATER",
      "type": "org.bukkit.Tag"
    },
    {
      "static": true,
      "name": "ENTITY_TYPES_NON_CONTROLLING_RIDER",
      "type": "org.bukkit.Tag"
    },
    {
      "static": true,
      "name": "ENTITY_TYPES_DEFLECTS_PROJECTILES",
      "type": "org.bukkit.Tag"
    },
    {
      "static": true,
      "name": "ENTITY_TYPES_DEFLECTS_ARROWS",
      "type": "org.bukkit.Tag"
    },
    {
      "static": true,
      "name": "ENTITY_TYPES_CAN_TURN_IN_BOATS",
      "type": "org.bukkit.Tag"
    },
    {
      "static": true,
      "name": "ENTITY_TYPES_ILLAGER",
      "type": "org.bukkit.Tag"
    },
    {
      "static": true,
      "name": "ENTITY_TYPES_AQUATIC",
      "type": "org.bukkit.Tag"
    },
    {
      "static": true,
      "name": "ENTITY_TYPES_ARTHROPOD",
      "type": "org.bukkit.Tag"
    },
    {
      "static": true,
      "name": "ENTITY_TYPES_IGNORES_POISON_AND_REGEN",
      "type": "org.bukkit.Tag"
    },
    {
      "static": true,
      "name": "ENTITY_TYPES_INVERTED_HEALING_AND_HARM",
      "type": "org.bukkit.Tag"
    },
    {
      "static": true,
      "name": "ENTITY_TYPES_WITHER_FRIENDS",
      "type": "org.bukkit.Tag"
    },
    {
      "static": true,
      "name": "ENTITY_TYPES_ILLAGER_FRIENDS",
      "type": "org.bukkit.Tag"
    },
    {
      "static": true,
      "name": "ENTITY_TYPES_NOT_SCARY_FOR_PUFFERFISH",
      "type": "org.bukkit.Tag"
    },
    {
      "static": true,
      "name": "ENTITY_TYPES_SENSITIVE_TO_IMPALING",
      "type": "org.bukkit.Tag"
    },
    {
      "static": true,
      "name": "ENTITY_TYPES_SENSITIVE_TO_BANE_OF_ARTHROPODS",
      "type": "org.bukkit.Tag"
    },
    {
      "static": true,
      "name": "ENTITY_TYPES_SENSITIVE_TO_SMITE",
      "type": "org.bukkit.Tag"
    },
    {
      "static": true,
      "name": "ENTITY_TYPES_NO_ANGER_FROM_WIND_CHARGE",
      "type": "org.bukkit.Tag"
    },
    {
      "static": true,
      "name": "ENTITY_TYPES_IMMUNE_TO_OOZING",
      "type": "org.bukkit.Tag"
    },
    {
      "static": true,
      "name": "ENTITY_TYPES_IMMUNE_TO_INFESTED",
      "type": "org.bukkit.Tag"
    },
    {
      "static": true,
      "name": "ENTITY_TYPES_REDIRECTABLE_PROJECTILE",
      "type": "org.bukkit.Tag"
    },
    {
      "static": true,
      "name": "REGISTRY_GAME_EVENTS",
      "type": "java.lang.String"
    },
    {
      "static": true,
      "name": "GAME_EVENT_VIBRATIONS",
      "type": "org.bukkit.Tag"
    },
    {
      "static": true,
      "name": "GAME_EVENT_IGNORE_VIBRATIONS_SNEAKING",
      "type": "org.bukkit.Tag"
    },
    {
      "static": true,
      "name": "GAME_EVENT_ALLAY_CAN_LISTEN",
      "type": "org.bukkit.Tag"
    }
  ]
}