{
  "constructors": [{
    "name": "<init>",
    "parameters": [
      {
        "name": "potion",
        "type": "org.bukkit.entity.ThrownPotion"
      },
      {
        "name": "hitEntity",
        "type": "org.bukkit.entity.Entity"
      },
      {
        "name": "hitBlock",
        "type": "org.bukkit.block.Block"
      },
      {
        "name": "hitFace",
        "type": "org.bukkit.block.BlockFace"
      },
      {
        "name": "affectedEntities",
        "type": "java.util.Map"
      },
      {
        "name": "rehydrate",
        "type": "java.util.Set"
      },
      {
        "name": "extinguish",
        "type": "java.util.Set"
      }
    ]
  }],
  "package": "io.papermc.paper.event.entity",
  "methods": [
    {
      "name": "getClass",
      "return": "java.lang.Class"
    },
    {
      "name": "hashCode",
      "return": "int"
    },
    {
      "name": "equals",
      "parameters": [{
        "name": "arg0",
        "type": "java.lang.Object"
      }],
      "return": "boolean"
    },
    {
      "name": "toString",
      "return": "java.lang.String"
    },
    {"name": "notify"},
    {"name": "notifyAll"},
    {"name": "wait"},
    {
      "name": "wait",
      "parameters": [{
        "name": "arg0",
        "type": "long"
      }]
    },
    {
      "name": "wait",
      "parameters": [
        {
          "name": "arg0",
          "type": "long"
        },
        {
          "name": "arg1",
          "type": "int"
        }
      ]
    },
    {
      "name": "callEvent",
      "return": "boolean"
    },
    {
      "name": "getEventName",
      "return": "java.lang.String"
    },
    {
      "name": "isAsynchronous",
      "return": "boolean"
    },
    {
      "name": "getEntityType",
      "return": "org.bukkit.entity.EntityType"
    },
    {
      "name": "getHitEntity",
      "return": "org.bukkit.entity.Entity"
    },
    {
      "name": "getHitBlock",
      "return": "org.bukkit.block.Block"
    },
    {
      "name": "getHitBlockFace",
      "return": "org.bukkit.block.BlockFace"
    },
    {
      "static": true,
      "name": "getHandlerList",
      "return": "org.bukkit.event.HandlerList"
    },
    {
      "name": "getEntity",
      "return": "org.bukkit.entity.ThrownPotion"
    },
    {
      "name": "getPotion",
      "return": "org.bukkit.entity.ThrownPotion"
    },
    {
      "name": "isCancelled",
      "return": "boolean"
    },
    {
      "name": "setCancelled",
      "parameters": [{
        "name": "cancel",
        "type": "boolean"
      }]
    },
    {
      "name": "getHandlers",
      "return": "org.bukkit.event.HandlerList"
    },
    {
      "static": true,
      "name": "getHandlerList",
      "return": "org.bukkit.event.HandlerList"
    },
    {
      "name": "getToDamage",
      "return": "java.util.Collection"
    },
    {
      "name": "doNotDamageAsWaterSensitive",
      "parameters": [{
        "name": "entity",
        "type": "org.bukkit.entity.LivingEntity"
      }]
    },
    {
      "name": "damageAsWaterSensitive",
      "parameters": [{
        "name": "entity",
        "type": "org.bukkit.entity.LivingEntity"
      }]
    },
    {
      "name": "getToRehydrate",
      "return": "java.util.Collection"
    },
    {
      "name": "getToExtinguish",
      "return": "java.util.Collection"
    },
    {
      "name": "getAffectedEntities",
      "return": "java.util.Collection"
    },
    {
      "name": "getIntensity",
      "parameters": [{
        "name": "entity",
        "type": "org.bukkit.entity.LivingEntity"
      }],
      "return": "double"
    },
    {
      "name": "setIntensity",
      "parameters": [
        {
          "name": "entity",
          "type": "org.bukkit.entity.LivingEntity"
        },
        {
          "name": "intensity",
          "type": "double"
        }
      ]
    }
  ],
  "name": "io.papermc.paper.event.entity.WaterBottleSplashEvent",
  "simple-name": "WaterBottleSplashEvent"
}