{
  "constructors": [{
    "name": "<init>",
    "parameters": [
      {
        "name": "entity",
        "type": "org.bukkit.entity.Entity"
      },
      {
        "name": "cause",
        "type": "io.papermc.paper.event.entity.EntityKnockbackEvent.Cause"
      },
      {
        "name": "pushedBy",
        "type": "org.bukkit.entity.Entity"
      },
      {
        "name": "knockback",
        "type": "org.bukkit.util.Vector"
      }
    ]
  }],
  "package": "io.papermc.paper.event.entity",
  "methods": [
    {
      "name": "getClass",
      "return": "java.lang.Class"
    },
    {
      "name": "hashCode",
      "return": "int"
    },
    {
      "name": "equals",
      "parameters": [{
        "name": "arg0",
        "type": "java.lang.Object"
      }],
      "return": "boolean"
    },
    {
      "name": "toString",
      "return": "java.lang.String"
    },
    {"name": "notify"},
    {"name": "notifyAll"},
    {"name": "wait"},
    {
      "name": "wait",
      "parameters": [{
        "name": "arg0",
        "type": "long"
      }]
    },
    {
      "name": "wait",
      "parameters": [
        {
          "name": "arg0",
          "type": "long"
        },
        {
          "name": "arg1",
          "type": "int"
        }
      ]
    },
    {
      "name": "callEvent",
      "return": "boolean"
    },
    {
      "name": "getEventName",
      "return": "java.lang.String"
    },
    {
      "name": "isAsynchronous",
      "return": "boolean"
    },
    {
      "name": "getEntity",
      "return": "org.bukkit.entity.Entity"
    },
    {
      "name": "getEntityType",
      "return": "org.bukkit.entity.EntityType"
    },
    {
      "name": "getCause",
      "return": "io.papermc.paper.event.entity.EntityKnockbackEvent.Cause"
    },
    {
      "name": "getKnockback",
      "return": "org.bukkit.util.Vector"
    },
    {
      "name": "setKnockback",
      "parameters": [{
        "name": "knockback",
        "type": "org.bukkit.util.Vector"
      }]
    },
    {
      "name": "getHandlers",
      "return": "org.bukkit.event.HandlerList"
    },
    {
      "static": true,
      "name": "getHandlerList",
      "return": "org.bukkit.event.HandlerList"
    },
    {
      "name": "getPushedBy",
      "return": "org.bukkit.entity.Entity"
    },
    {
      "name": "getAcceleration",
      "return": "org.bukkit.util.Vector"
    },
    {
      "name": "setAcceleration",
      "parameters": [{
        "name": "acceleration",
        "type": "org.bukkit.util.Vector"
      }]
    },
    {
      "name": "isCancelled",
      "return": "boolean"
    },
    {
      "name": "setCancelled",
      "parameters": [{
        "name": "cancel",
        "type": "boolean"
      }]
    }
  ],
  "name": "io.papermc.paper.event.entity.EntityPushedByEntityAttackEvent",
  "simple-name": "EntityPushedByEntityAttackEvent"
}