{
  "package": "io.papermc.paper.event.executor",
  "methods": [
    {
      "name": "getClass",
      "return": "java.lang.Class"
    },
    {
      "name": "hashCode",
      "return": "int"
    },
    {
      "name": "equals",
      "parameters": [{
        "name": "arg0",
        "type": "java.lang.Object"
      }],
      "return": "boolean"
    },
    {
      "name": "toString",
      "return": "java.lang.String"
    },
    {"name": "notify"},
    {"name": "notifyAll"},
    {"name": "wait"},
    {
      "name": "wait",
      "parameters": [{
        "name": "arg0",
        "type": "long"
      }]
    },
    {
      "name": "wait",
      "parameters": [
        {
          "name": "arg0",
          "type": "long"
        },
        {
          "name": "arg1",
          "type": "int"
        }
      ]
    },
    {
      "static": true,
      "name": "create",
      "parameters": [
        {
          "name": "method",
          "type": "java.lang.reflect.Method"
        },
        {
          "name": "eventClass",
          "type": "java.lang.Class"
        }
      ],
      "return": "org.bukkit.plugin.EventExecutor"
    }
  ],
  "name": "io.papermc.paper.event.executor.EventExecutorFactory",
  "simple-name": "EventExecutorFactory"
}