{"package":"io.papermc.paper.event.entity","methods":[{"name":"getClass","return":"java.lang.Class"},{"name":"notify"},{"name":"notifyAll"},{"name":"wait"},{"name":"wait","parameters":[{"name":"arg0","type":"long"}]},{"name":"wait","parameters":[{"name":"arg0","type":"long"},{"name":"arg1","type":"int"}]},{"name":"name","return":"java.lang.String"},{"name":"ordinal","return":"int"},{"name":"toString","return":"java.lang.String"},{"name":"equals","parameters":[{"name":"arg0","type":"java.lang.Object"}],"return":"boolean"},{"name":"hashCode","return":"int"},{"name":"compareTo","parameters":[{"name":"arg0","type":"java.lang.Enum"}],"return":"int"},{"name":"getDeclaringClass","return":"java.lang.Class"},{"name":"describeConstable","return":"java.util.Optional"},{"static":true,"name":"valueOf","parameters":[{"name":"arg0","type":"java.lang.Class"},{"name":"arg1","type":"java.lang.String"}],"return":"java.lang.Enum"},{"static":true,"name":"values","return":"io.papermc.paper.event.entity.EntityKnockbackEvent.Cause[]"},{"static":true,"name":"valueOf","parameters":[{"name":"name","type":"java.lang.String"}],"return":"io.papermc.paper.event.entity.EntityKnockbackEvent.Cause"}],"name":"io.papermc.paper.event.entity.EntityKnockbackEvent.Cause","simple-name":"Cause","fields":[{"static":true,"name":"DAMAGE","type":"io.papermc.paper.event.entity.EntityKnockbackEvent.Cause"},{"static":true,"name":"ENTITY_ATTACK","type":"io.papermc.paper.event.entity.EntityKnockbackEvent.Cause"},{"static":true,"name":"EXPLOSION","type":"io.papermc.paper.event.entity.EntityKnockbackEvent.Cause"},{"static":true,"name":"SHIELD_BLOCK","type":"io.papermc.paper.event.entity.EntityKnockbackEvent.Cause"},{"static":true,"name":"SWEEP_ATTACK","type":"io.papermc.paper.event.entity.EntityKnockbackEvent.Cause"},{"static":true,"name":"PUSH","type":"io.papermc.paper.event.entity.EntityKnockbackEvent.Cause"},{"static":true,"name":"UNKNOWN","type":"io.papermc.paper.event.entity.EntityKnockbackEvent.Cause"}]}