{
  "package": "io.papermc.paper.registry.event.type",
  "methods": [
    {
      "name": "getClass",
      "return": "java.lang.Class"
    },
    {
      "name": "hashCode",
      "return": "int"
    },
    {
      "name": "equals",
      "parameters": [{
        "name": "arg0",
        "type": "java.lang.Object"
      }],
      "return": "boolean"
    },
    {
      "name": "toString",
      "return": "java.lang.String"
    },
    {"name": "notify"},
    {"name": "notifyAll"},
    {"name": "wait"},
    {
      "name": "wait",
      "parameters": [{
        "name": "arg0",
        "type": "long"
      }]
    },
    {
      "name": "wait",
      "parameters": [
        {
          "name": "arg0",
          "type": "long"
        },
        {
          "name": "arg1",
          "type": "int"
        }
      ]
    },
    {
      "name": "filter",
      "parameters": [{
        "name": "key",
        "type": "io.papermc.paper.registry.TypedKey"
      }],
      "return": "io.papermc.paper.registry.event.type.RegistryEntryAddConfiguration"
    },
    {
      "name": "filter",
      "parameters": [{
        "name": "filter",
        "type": "java.util.function.Predicate"
      }],
      "return": "io.papermc.paper.registry.event.type.RegistryEntryAddConfiguration"
    },
    {
      "name": "priority",
      "parameters": [{
        "name": "priority",
        "type": "int"
      }],
      "return": "io.papermc.paper.registry.event.type.RegistryEntryAddConfiguration"
    },
    {
      "name": "monitor",
      "return": "io.papermc.paper.registry.event.type.RegistryEntryAddConfiguration"
    }
  ],
  "name": "io.papermc.paper.registry.event.type.RegistryEntryAddConfiguration",
  "simple-name": "RegistryEntryAddConfiguration"
}