{
  "constructors": [{
    "name": "<init>",
    "parameters": [
      {
        "name": "key",
        "type": "org.bukkit.NamespacedKey"
      },
      {
        "name": "result",
        "type": "org.bukkit.inventory.ItemStack"
      },
      {
        "name": "input",
        "type": "org.bukkit.inventory.RecipeChoice"
      },
      {
        "name": "ingredient",
        "type": "org.bukkit.inventory.RecipeChoice"
      }
    ]
  }],
  "package": "io.papermc.paper.potion",
  "methods": [
    {
      "name": "getClass",
      "return": "java.lang.Class"
    },
    {"name": "notify"},
    {"name": "notifyAll"},
    {"name": "wait"},
    {
      "name": "wait",
      "parameters": [{
        "name": "arg0",
        "type": "long"
      }]
    },
    {
      "name": "wait",
      "parameters": [
        {
          "name": "arg0",
          "type": "long"
        },
        {
          "name": "arg1",
          "type": "int"
        }
      ]
    },
    {
      "name": "key",
      "return": "net.kyori.adventure.key.Key"
    },
    {
      "static": true,
      "name": "createPredicateChoice",
      "parameters": [{
        "name": "stackPredicate",
        "type": "java.util.function.Predicate"
      }],
      "return": "org.bukkit.inventory.RecipeChoice"
    },
    {
      "name": "getKey",
      "return": "org.bukkit.NamespacedKey"
    },
    {
      "name": "getResult",
      "return": "org.bukkit.inventory.ItemStack"
    },
    {
      "name": "getInput",
      "return": "org.bukkit.inventory.RecipeChoice"
    },
    {
      "name": "getIngredient",
      "return": "org.bukkit.inventory.RecipeChoice"
    },
    {
      "name": "toString",
      "return": "java.lang.String"
    },
    {
      "name": "equals",
      "parameters": [{
        "name": "o",
        "type": "java.lang.Object"
      }],
      "return": "boolean"
    },
    {
      "name": "hashCode",
      "return": "int"
    }
  ],
  "name": "io.papermc.paper.potion.PotionMix",
  "simple-name": "PotionMix"
}