{
  "package": "io.papermc.paper.datacomponent.item",
  "methods": [
    {
      "name": "getClass",
      "return": "java.lang.Class"
    },
    {
      "name": "hashCode",
      "return": "int"
    },
    {
      "name": "equals",
      "parameters": [{
        "name": "arg0",
        "type": "java.lang.Object"
      }],
      "return": "boolean"
    },
    {
      "name": "toString",
      "return": "java.lang.String"
    },
    {"name": "notify"},
    {"name": "notifyAll"},
    {"name": "wait"},
    {
      "name": "wait",
      "parameters": [{
        "name": "arg0",
        "type": "long"
      }]
    },
    {
      "name": "wait",
      "parameters": [
        {
          "name": "arg0",
          "type": "long"
        },
        {
          "name": "arg1",
          "type": "int"
        }
      ]
    },
    {
      "name": "type",
      "return": "org.bukkit.map.MapCursor.Type"
    },
    {
      "name": "x",
      "return": "double"
    },
    {
      "name": "z",
      "return": "double"
    },
    {
      "name": "rotation",
      "return": "float"
    }
  ],
  "name": "io.papermc.paper.datacomponent.item.MapDecorations.DecorationEntry",
  "simple-name": "DecorationEntry"
}