{
  "package": "io.papermc.paper.registry.keys.tags",
  "methods": [
    {
      "name": "getClass",
      "return": "java.lang.Class"
    },
    {
      "name": "hashCode",
      "return": "int"
    },
    {
      "name": "equals",
      "parameters": [{
        "name": "arg0",
        "type": "java.lang.Object"
      }],
      "return": "boolean"
    },
    {
      "name": "toString",
      "return": "java.lang.String"
    },
    {"name": "notify"},
    {"name": "notifyAll"},
    {"name": "wait"},
    {
      "name": "wait",
      "parameters": [{
        "name": "arg0",
        "type": "long"
      }]
    },
    {
      "name": "wait",
      "parameters": [
        {
          "name": "arg0",
          "type": "long"
        },
        {
          "name": "arg1",
          "type": "int"
        }
      ]
    },
    {
      "static": true,
      "name": "create",
      "parameters": [{
        "name": "key",
        "type": "net.kyori.adventure.key.Key"
      }],
      "return": "io.papermc.paper.registry.tag.TagKey"
    }
  ],
  "name": "io.papermc.paper.registry.keys.tags.BlockTypeTagKeys",
  "simple-name": "BlockTypeTagKeys",
  "fields": [
    {
      "static": true,
      "name": "ACACIA_LOGS",
      "type": "io.papermc.paper.registry.tag.TagKey"
    },
    {
      "static": true,
      "name": "AIR",
      "type": "io.papermc.paper.registry.tag.TagKey"
    },
    {
      "static": true,
      "name": "ALL_HANGING_SIGNS",
      "type": "io.papermc.paper.registry.tag.TagKey"
    },
    {
      "static": true,
      "name": "ALL_SIGNS",
      "type": "io.papermc.paper.registry.tag.TagKey"
    },
    {
      "static": true,
      "name": "ANCIENT_CITY_REPLACEABLE",
      "type": "io.papermc.paper.registry.tag.TagKey"
    },
    {
      "static": true,
      "name": "ANIMALS_SPAWNABLE_ON",
      "type": "io.papermc.paper.registry.tag.TagKey"
    },
    {
      "static": true,
      "name": "ANVIL",
      "type": "io.papermc.paper.registry.tag.TagKey"
    },
    {
      "static": true,
      "name": "ARMADILLO_SPAWNABLE_ON",
      "type": "io.papermc.paper.registry.tag.TagKey"
    },
    {
      "static": true,
      "name": "AXOLOTLS_SPAWNABLE_ON",
      "type": "io.papermc.paper.registry.tag.TagKey"
    },
    {
      "static": true,
      "name": "AZALEA_GROWS_ON",
      "type": "io.papermc.paper.registry.tag.TagKey"
    },
    {
      "static": true,
      "name": "AZALEA_ROOT_REPLACEABLE",
      "type": "io.papermc.paper.registry.tag.TagKey"
    },
    {
      "static": true,
      "name": "BADLANDS_TERRACOTTA",
      "type": "io.papermc.paper.registry.tag.TagKey"
    },
    {
      "static": true,
      "name": "BAMBOO_BLOCKS",
      "type": "io.papermc.paper.registry.tag.TagKey"
    },
    {
      "static": true,
      "name": "BAMBOO_PLANTABLE_ON",
      "type": "io.papermc.paper.registry.tag.TagKey"
    },
    {
      "static": true,
      "name": "BANNERS",
      "type": "io.papermc.paper.registry.tag.TagKey"
    },
    {
      "static": true,
      "name": "BASE_STONE_NETHER",
      "type": "io.papermc.paper.registry.tag.TagKey"
    },
    {
      "static": true,
      "name": "BASE_STONE_OVERWORLD",
      "type": "io.papermc.paper.registry.tag.TagKey"
    },
    {
      "static": true,
      "name": "BATS_SPAWNABLE_ON",
      "type": "io.papermc.paper.registry.tag.TagKey"
    },
    {
      "static": true,
      "name": "BEACON_BASE_BLOCKS",
      "type": "io.papermc.paper.registry.tag.TagKey"
    },
    {
      "static": true,
      "name": "BEDS",
      "type": "io.papermc.paper.registry.tag.TagKey"
    },
    {
      "static": true,
      "name": "BEE_ATTRACTIVE",
      "type": "io.papermc.paper.registry.tag.TagKey"
    },
    {
      "static": true,
      "name": "BEE_GROWABLES",
      "type": "io.papermc.paper.registry.tag.TagKey"
    },
    {
      "static": true,
      "name": "BEEHIVES",
      "type": "io.papermc.paper.registry.tag.TagKey"
    },
    {
      "static": true,
      "name": "BIG_DRIPLEAF_PLACEABLE",
      "type": "io.papermc.paper.registry.tag.TagKey"
    },
    {
      "static": true,
      "name": "BIRCH_LOGS",
      "type": "io.papermc.paper.registry.tag.TagKey"
    },
    {
      "static": true,
      "name": "BLOCKS_WIND_CHARGE_EXPLOSIONS",
      "type": "io.papermc.paper.registry.tag.TagKey"
    },
    {
      "static": true,
      "name": "BUTTONS",
      "type": "io.papermc.paper.registry.tag.TagKey"
    },
    {
      "static": true,
      "name": "CAMEL_SAND_STEP_SOUND_BLOCKS",
      "type": "io.papermc.paper.registry.tag.TagKey"
    },
    {
      "static": true,
      "name": "CAMPFIRES",
      "type": "io.papermc.paper.registry.tag.TagKey"
    },
    {
      "static": true,
      "name": "CANDLE_CAKES",
      "type": "io.papermc.paper.registry.tag.TagKey"
    },
    {
      "static": true,
      "name": "CANDLES",
      "type": "io.papermc.paper.registry.tag.TagKey"
    },
    {
      "static": true,
      "name": "CAULDRONS",
      "type": "io.papermc.paper.registry.tag.TagKey"
    },
    {
      "static": true,
      "name": "CAVE_VINES",
      "type": "io.papermc.paper.registry.tag.TagKey"
    },
    {
      "static": true,
      "name": "CEILING_HANGING_SIGNS",
      "type": "io.papermc.paper.registry.tag.TagKey"
    },
    {
      "static": true,
      "name": "CHERRY_LOGS",
      "type": "io.papermc.paper.registry.tag.TagKey"
    },
    {
      "static": true,
      "name": "CLIMBABLE",
      "type": "io.papermc.paper.registry.tag.TagKey"
    },
    {
      "static": true,
      "name": "COAL_ORES",
      "type": "io.papermc.paper.registry.tag.TagKey"
    },
    {
      "static": true,
      "name": "COMBINATION_STEP_SOUND_BLOCKS",
      "type": "io.papermc.paper.registry.tag.TagKey"
    },
    {
      "static": true,
      "name": "COMPLETES_FIND_TREE_TUTORIAL",
      "type": "io.papermc.paper.registry.tag.TagKey"
    },
    {
      "static": true,
      "name": "CONCRETE_POWDER",
      "type": "io.papermc.paper.registry.tag.TagKey"
    },
    {
      "static": true,
      "name": "CONVERTABLE_TO_MUD",
      "type": "io.papermc.paper.registry.tag.TagKey"
    },
    {
      "static": true,
      "name": "COPPER_ORES",
      "type": "io.papermc.paper.registry.tag.TagKey"
    },
    {
      "static": true,
      "name": "CORAL_BLOCKS",
      "type": "io.papermc.paper.registry.tag.TagKey"
    },
    {
      "static": true,
      "name": "CORAL_PLANTS",
      "type": "io.papermc.paper.registry.tag.TagKey"
    },
    {
      "static": true,
      "name": "CORALS",
      "type": "io.papermc.paper.registry.tag.TagKey"
    },
    {
      "static": true,
      "name": "CRIMSON_STEMS",
      "type": "io.papermc.paper.registry.tag.TagKey"
    },
    {
      "static": true,
      "name": "CROPS",
      "type": "io.papermc.paper.registry.tag.TagKey"
    },
    {
      "static": true,
      "name": "CRYSTAL_SOUND_BLOCKS",
      "type": "io.papermc.paper.registry.tag.TagKey"
    },
    {
      "static": true,
      "name": "DAMPENS_VIBRATIONS",
      "type": "io.papermc.paper.registry.tag.TagKey"
    },
    {
      "static": true,
      "name": "DARK_OAK_LOGS",
      "type": "io.papermc.paper.registry.tag.TagKey"
    },
    {
      "static": true,
      "name": "DEAD_BUSH_MAY_PLACE_ON",
      "type": "io.papermc.paper.registry.tag.TagKey"
    },
    {
      "static": true,
      "name": "DEEPSLATE_ORE_REPLACEABLES",
      "type": "io.papermc.paper.registry.tag.TagKey"
    },
    {
      "static": true,
      "name": "DIAMOND_ORES",
      "type": "io.papermc.paper.registry.tag.TagKey"
    },
    {
      "static": true,
      "name": "DIRT",
      "type": "io.papermc.paper.registry.tag.TagKey"
    },
    {
      "static": true,
      "name": "DOES_NOT_BLOCK_HOPPERS",
      "type": "io.papermc.paper.registry.tag.TagKey"
    },
    {
      "static": true,
      "name": "DOORS",
      "type": "io.papermc.paper.registry.tag.TagKey"
    },
    {
      "static": true,
      "name": "DRAGON_IMMUNE",
      "type": "io.papermc.paper.registry.tag.TagKey"
    },
    {
      "static": true,
      "name": "DRAGON_TRANSPARENT",
      "type": "io.papermc.paper.registry.tag.TagKey"
    },
    {
      "static": true,
      "name": "DRIPSTONE_REPLACEABLE_BLOCKS",
      "type": "io.papermc.paper.registry.tag.TagKey"
    },
    {
      "static": true,
      "name": "EMERALD_ORES",
      "type": "io.papermc.paper.registry.tag.TagKey"
    },
    {
      "static": true,
      "name": "ENCHANTMENT_POWER_PROVIDER",
      "type": "io.papermc.paper.registry.tag.TagKey"
    },
    {
      "static": true,
      "name": "ENCHANTMENT_POWER_TRANSMITTER",
      "type": "io.papermc.paper.registry.tag.TagKey"
    },
    {
      "static": true,
      "name": "ENDERMAN_HOLDABLE",
      "type": "io.papermc.paper.registry.tag.TagKey"
    },
    {
      "static": true,
      "name": "FALL_DAMAGE_RESETTING",
      "type": "io.papermc.paper.registry.tag.TagKey"
    },
    {
      "static": true,
      "name": "FEATURES_CANNOT_REPLACE",
      "type": "io.papermc.paper.registry.tag.TagKey"
    },
    {
      "static": true,
      "name": "FENCE_GATES",
      "type": "io.papermc.paper.registry.tag.TagKey"
    },
    {
      "static": true,
      "name": "FENCES",
      "type": "io.papermc.paper.registry.tag.TagKey"
    },
    {
      "static": true,
      "name": "FIRE",
      "type": "io.papermc.paper.registry.tag.TagKey"
    },
    {
      "static": true,
      "name": "FLOWER_POTS",
      "type": "io.papermc.paper.registry.tag.TagKey"
    },
    {
      "static": true,
      "name": "FLOWERS",
      "type": "io.papermc.paper.registry.tag.TagKey"
    },
    {
      "static": true,
      "name": "FOXES_SPAWNABLE_ON",
      "type": "io.papermc.paper.registry.tag.TagKey"
    },
    {
      "static": true,
      "name": "FROG_PREFER_JUMP_TO",
      "type": "io.papermc.paper.registry.tag.TagKey"
    },
    {
      "static": true,
      "name": "FROGS_SPAWNABLE_ON",
      "type": "io.papermc.paper.registry.tag.TagKey"
    },
    {
      "static": true,
      "name": "GEODE_INVALID_BLOCKS",
      "type": "io.papermc.paper.registry.tag.TagKey"
    },
    {
      "static": true,
      "name": "GOATS_SPAWNABLE_ON",
      "type": "io.papermc.paper.registry.tag.TagKey"
    },
    {
      "static": true,
      "name": "GOLD_ORES",
      "type": "io.papermc.paper.registry.tag.TagKey"
    },
    {
      "static": true,
      "name": "GUARDED_BY_PIGLINS",
      "type": "io.papermc.paper.registry.tag.TagKey"
    },
    {
      "static": true,
      "name": "HOGLIN_REPELLENTS",
      "type": "io.papermc.paper.registry.tag.TagKey"
    },
    {
      "static": true,
      "name": "ICE",
      "type": "io.papermc.paper.registry.tag.TagKey"
    },
    {
      "static": true,
      "name": "IMPERMEABLE",
      "type": "io.papermc.paper.registry.tag.TagKey"
    },
    {
      "static": true,
      "name": "INCORRECT_FOR_DIAMOND_TOOL",
      "type": "io.papermc.paper.registry.tag.TagKey"
    },
    {
      "static": true,
      "name": "INCORRECT_FOR_GOLD_TOOL",
      "type": "io.papermc.paper.registry.tag.TagKey"
    },
    {
      "static": true,
      "name": "INCORRECT_FOR_IRON_TOOL",
      "type": "io.papermc.paper.registry.tag.TagKey"
    },
    {
      "static": true,
      "name": "INCORRECT_FOR_NETHERITE_TOOL",
      "type": "io.papermc.paper.registry.tag.TagKey"
    },
    {
      "static": true,
      "name": "INCORRECT_FOR_STONE_TOOL",
      "type": "io.papermc.paper.registry.tag.TagKey"
    },
    {
      "static": true,
      "name": "INCORRECT_FOR_WOODEN_TOOL",
      "type": "io.papermc.paper.registry.tag.TagKey"
    },
    {
      "static": true,
      "name": "INFINIBURN_END",
      "type": "io.papermc.paper.registry.tag.TagKey"
    },
    {
      "static": true,
      "name": "INFINIBURN_NETHER",
      "type": "io.papermc.paper.registry.tag.TagKey"
    },
    {
      "static": true,
      "name": "INFINIBURN_OVERWORLD",
      "type": "io.papermc.paper.registry.tag.TagKey"
    },
    {
      "static": true,
      "name": "INSIDE_STEP_SOUND_BLOCKS",
      "type": "io.papermc.paper.registry.tag.TagKey"
    },
    {
      "static": true,
      "name": "INVALID_SPAWN_INSIDE",
      "type": "io.papermc.paper.registry.tag.TagKey"
    },
    {
      "static": true,
      "name": "IRON_ORES",
      "type": "io.papermc.paper.registry.tag.TagKey"
    },
    {
      "static": true,
      "name": "JUNGLE_LOGS",
      "type": "io.papermc.paper.registry.tag.TagKey"
    },
    {
      "static": true,
      "name": "LAPIS_ORES",
      "type": "io.papermc.paper.registry.tag.TagKey"
    },
    {
      "static": true,
      "name": "LAVA_POOL_STONE_CANNOT_REPLACE",
      "type": "io.papermc.paper.registry.tag.TagKey"
    },
    {
      "static": true,
      "name": "LEAVES",
      "type": "io.papermc.paper.registry.tag.TagKey"
    },
    {
      "static": true,
      "name": "LOGS",
      "type": "io.papermc.paper.registry.tag.TagKey"
    },
    {
      "static": true,
      "name": "LOGS_THAT_BURN",
      "type": "io.papermc.paper.registry.tag.TagKey"
    },
    {
      "static": true,
      "name": "LUSH_GROUND_REPLACEABLE",
      "type": "io.papermc.paper.registry.tag.TagKey"
    },
    {
      "static": true,
      "name": "MAINTAINS_FARMLAND",
      "type": "io.papermc.paper.registry.tag.TagKey"
    },
    {
      "static": true,
      "name": "MANGROVE_LOGS",
      "type": "io.papermc.paper.registry.tag.TagKey"
    },
    {
      "static": true,
      "name": "MANGROVE_LOGS_CAN_GROW_THROUGH",
      "type": "io.papermc.paper.registry.tag.TagKey"
    },
    {
      "static": true,
      "name": "MANGROVE_ROOTS_CAN_GROW_THROUGH",
      "type": "io.papermc.paper.registry.tag.TagKey"
    },
    {
      "static": true,
      "name": "MINEABLE_AXE",
      "type": "io.papermc.paper.registry.tag.TagKey"
    },
    {
      "static": true,
      "name": "MINEABLE_HOE",
      "type": "io.papermc.paper.registry.tag.TagKey"
    },
    {
      "static": true,
      "name": "MINEABLE_PICKAXE",
      "type": "io.papermc.paper.registry.tag.TagKey"
    },
    {
      "static": true,
      "name": "MINEABLE_SHOVEL",
      "type": "io.papermc.paper.registry.tag.TagKey"
    },
    {
      "static": true,
      "name": "MOB_INTERACTABLE_DOORS",
      "type": "io.papermc.paper.registry.tag.TagKey"
    },
    {
      "static": true,
      "name": "MOOSHROOMS_SPAWNABLE_ON",
      "type": "io.papermc.paper.registry.tag.TagKey"
    },
    {
      "static": true,
      "name": "MOSS_REPLACEABLE",
      "type": "io.papermc.paper.registry.tag.TagKey"
    },
    {
      "static": true,
      "name": "MUSHROOM_GROW_BLOCK",
      "type": "io.papermc.paper.registry.tag.TagKey"
    },
    {
      "static": true,
      "name": "NEEDS_DIAMOND_TOOL",
      "type": "io.papermc.paper.registry.tag.TagKey"
    },
    {
      "static": true,
      "name": "NEEDS_IRON_TOOL",
      "type": "io.papermc.paper.registry.tag.TagKey"
    },
    {
      "static": true,
      "name": "NEEDS_STONE_TOOL",
      "type": "io.papermc.paper.registry.tag.TagKey"
    },
    {
      "static": true,
      "name": "NETHER_CARVER_REPLACEABLES",
      "type": "io.papermc.paper.registry.tag.TagKey"
    },
    {
      "static": true,
      "name": "NYLIUM",
      "type": "io.papermc.paper.registry.tag.TagKey"
    },
    {
      "static": true,
      "name": "OAK_LOGS",
      "type": "io.papermc.paper.registry.tag.TagKey"
    },
    {
      "static": true,
      "name": "OCCLUDES_VIBRATION_SIGNALS",
      "type": "io.papermc.paper.registry.tag.TagKey"
    },
    {
      "static": true,
      "name": "OVERWORLD_CARVER_REPLACEABLES",
      "type": "io.papermc.paper.registry.tag.TagKey"
    },
    {
      "static": true,
      "name": "OVERWORLD_NATURAL_LOGS",
      "type": "io.papermc.paper.registry.tag.TagKey"
    },
    {
      "static": true,
      "name": "PALE_OAK_LOGS",
      "type": "io.papermc.paper.registry.tag.TagKey"
    },
    {
      "static": true,
      "name": "PARROTS_SPAWNABLE_ON",
      "type": "io.papermc.paper.registry.tag.TagKey"
    },
    {
      "static": true,
      "name": "PIGLIN_REPELLENTS",
      "type": "io.papermc.paper.registry.tag.TagKey"
    },
    {
      "static": true,
      "name": "PLANKS",
      "type": "io.papermc.paper.registry.tag.TagKey"
    },
    {
      "static": true,
      "name": "POLAR_BEARS_SPAWNABLE_ON_ALTERNATE",
      "type": "io.papermc.paper.registry.tag.TagKey"
    },
    {
      "static": true,
      "name": "PORTALS",
      "type": "io.papermc.paper.registry.tag.TagKey"
    },
    {
      "static": true,
      "name": "PRESSURE_PLATES",
      "type": "io.papermc.paper.registry.tag.TagKey"
    },
    {
      "static": true,
      "name": "PREVENT_MOB_SPAWNING_INSIDE",
      "type": "io.papermc.paper.registry.tag.TagKey"
    },
    {
      "static": true,
      "name": "RABBITS_SPAWNABLE_ON",
      "type": "io.papermc.paper.registry.tag.TagKey"
    },
    {
      "static": true,
      "name": "RAILS",
      "type": "io.papermc.paper.registry.tag.TagKey"
    },
    {
      "static": true,
      "name": "REDSTONE_ORES",
      "type": "io.papermc.paper.registry.tag.TagKey"
    },
    {
      "static": true,
      "name": "REPLACEABLE",
      "type": "io.papermc.paper.registry.tag.TagKey"
    },
    {
      "static": true,
      "name": "REPLACEABLE_BY_TREES",
      "type": "io.papermc.paper.registry.tag.TagKey"
    },
    {
      "static": true,
      "name": "SAND",
      "type": "io.papermc.paper.registry.tag.TagKey"
    },
    {
      "static": true,
      "name": "SAPLINGS",
      "type": "io.papermc.paper.registry.tag.TagKey"
    },
    {
      "static": true,
      "name": "SCULK_REPLACEABLE",
      "type": "io.papermc.paper.registry.tag.TagKey"
    },
    {
      "static": true,
      "name": "SCULK_REPLACEABLE_WORLD_GEN",
      "type": "io.papermc.paper.registry.tag.TagKey"
    },
    {
      "static": true,
      "name": "SHULKER_BOXES",
      "type": "io.papermc.paper.registry.tag.TagKey"
    },
    {
      "static": true,
      "name": "SIGNS",
      "type": "io.papermc.paper.registry.tag.TagKey"
    },
    {
      "static": true,
      "name": "SLABS",
      "type": "io.papermc.paper.registry.tag.TagKey"
    },
    {
      "static": true,
      "name": "SMALL_DRIPLEAF_PLACEABLE",
      "type": "io.papermc.paper.registry.tag.TagKey"
    },
    {
      "static": true,
      "name": "SMALL_FLOWERS",
      "type": "io.papermc.paper.registry.tag.TagKey"
    },
    {
      "static": true,
      "name": "SMELTS_TO_GLASS",
      "type": "io.papermc.paper.registry.tag.TagKey"
    },
    {
      "static": true,
      "name": "SNAPS_GOAT_HORN",
      "type": "io.papermc.paper.registry.tag.TagKey"
    },
    {
      "static": true,
      "name": "SNIFFER_DIGGABLE_BLOCK",
      "type": "io.papermc.paper.registry.tag.TagKey"
    },
    {
      "static": true,
      "name": "SNIFFER_EGG_HATCH_BOOST",
      "type": "io.papermc.paper.registry.tag.TagKey"
    },
    {
      "static": true,
      "name": "SNOW",
      "type": "io.papermc.paper.registry.tag.TagKey"
    },
    {
      "static": true,
      "name": "SNOW_LAYER_CAN_SURVIVE_ON",
      "type": "io.papermc.paper.registry.tag.TagKey"
    },
    {
      "static": true,
      "name": "SNOW_LAYER_CANNOT_SURVIVE_ON",
      "type": "io.papermc.paper.registry.tag.TagKey"
    },
    {
      "static": true,
      "name": "SOUL_FIRE_BASE_BLOCKS",
      "type": "io.papermc.paper.registry.tag.TagKey"
    },
    {
      "static": true,
      "name": "SOUL_SPEED_BLOCKS",
      "type": "io.papermc.paper.registry.tag.TagKey"
    },
    {
      "static": true,
      "name": "SPRUCE_LOGS",
      "type": "io.papermc.paper.registry.tag.TagKey"
    },
    {
      "static": true,
      "name": "STAIRS",
      "type": "io.papermc.paper.registry.tag.TagKey"
    },
    {
      "static": true,
      "name": "STANDING_SIGNS",
      "type": "io.papermc.paper.registry.tag.TagKey"
    },
    {
      "static": true,
      "name": "STONE_BRICKS",
      "type": "io.papermc.paper.registry.tag.TagKey"
    },
    {
      "static": true,
      "name": "STONE_BUTTONS",
      "type": "io.papermc.paper.registry.tag.TagKey"
    },
    {
      "static": true,
      "name": "STONE_ORE_REPLACEABLES",
      "type": "io.papermc.paper.registry.tag.TagKey"
    },
    {
      "static": true,
      "name": "STONE_PRESSURE_PLATES",
      "type": "io.papermc.paper.registry.tag.TagKey"
    },
    {
      "static": true,
      "name": "STRIDER_WARM_BLOCKS",
      "type": "io.papermc.paper.registry.tag.TagKey"
    },
    {
      "static": true,
      "name": "SWORD_EFFICIENT",
      "type": "io.papermc.paper.registry.tag.TagKey"
    },
    {
      "static": true,
      "name": "TERRACOTTA",
      "type": "io.papermc.paper.registry.tag.TagKey"
    },
    {
      "static": true,
      "name": "TRAIL_RUINS_REPLACEABLE",
      "type": "io.papermc.paper.registry.tag.TagKey"
    },
    {
      "static": true,
      "name": "TRAPDOORS",
      "type": "io.papermc.paper.registry.tag.TagKey"
    },
    {
      "static": true,
      "name": "UNDERWATER_BONEMEALS",
      "type": "io.papermc.paper.registry.tag.TagKey"
    },
    {
      "static": true,
      "name": "UNSTABLE_BOTTOM_CENTER",
      "type": "io.papermc.paper.registry.tag.TagKey"
    },
    {
      "static": true,
      "name": "VALID_SPAWN",
      "type": "io.papermc.paper.registry.tag.TagKey"
    },
    {
      "static": true,
      "name": "VIBRATION_RESONATORS",
      "type": "io.papermc.paper.registry.tag.TagKey"
    },
    {
      "static": true,
      "name": "WALL_CORALS",
      "type": "io.papermc.paper.registry.tag.TagKey"
    },
    {
      "static": true,
      "name": "WALL_HANGING_SIGNS",
      "type": "io.papermc.paper.registry.tag.TagKey"
    },
    {
      "static": true,
      "name": "WALL_POST_OVERRIDE",
      "type": "io.papermc.paper.registry.tag.TagKey"
    },
    {
      "static": true,
      "name": "WALL_SIGNS",
      "type": "io.papermc.paper.registry.tag.TagKey"
    },
    {
      "static": true,
      "name": "WALLS",
      "type": "io.papermc.paper.registry.tag.TagKey"
    },
    {
      "static": true,
      "name": "WARPED_STEMS",
      "type": "io.papermc.paper.registry.tag.TagKey"
    },
    {
      "static": true,
      "name": "WART_BLOCKS",
      "type": "io.papermc.paper.registry.tag.TagKey"
    },
    {
      "static": true,
      "name": "WITHER_IMMUNE",
      "type": "io.papermc.paper.registry.tag.TagKey"
    },
    {
      "static": true,
      "name": "WITHER_SUMMON_BASE_BLOCKS",
      "type": "io.papermc.paper.registry.tag.TagKey"
    },
    {
      "static": true,
      "name": "WOLVES_SPAWNABLE_ON",
      "type": "io.papermc.paper.registry.tag.TagKey"
    },
    {
      "static": true,
      "name": "WOODEN_BUTTONS",
      "type": "io.papermc.paper.registry.tag.TagKey"
    },
    {
      "static": true,
      "name": "WOODEN_DOORS",
      "type": "io.papermc.paper.registry.tag.TagKey"
    },
    {
      "static": true,
      "name": "WOODEN_FENCES",
      "type": "io.papermc.paper.registry.tag.TagKey"
    },
    {
      "static": true,
      "name": "WOODEN_PRESSURE_PLATES",
      "type": "io.papermc.paper.registry.tag.TagKey"
    },
    {
      "static": true,
      "name": "WOODEN_SLABS",
      "type": "io.papermc.paper.registry.tag.TagKey"
    },
    {
      "static": true,
      "name": "WOODEN_STAIRS",
      "type": "io.papermc.paper.registry.tag.TagKey"
    },
    {
      "static": true,
      "name": "WOODEN_TRAPDOORS",
      "type": "io.papermc.paper.registry.tag.TagKey"
    },
    {
      "static": true,
      "name": "WOOL",
      "type": "io.papermc.paper.registry.tag.TagKey"
    },
    {
      "static": true,
      "name": "WOOL_CARPETS",
      "type": "io.papermc.paper.registry.tag.TagKey"
    }
  ]
}