{
  "package": "io.papermc.paper.registry.data.dialog.body",
  "methods": [
    {
      "name": "getClass",
      "return": "java.lang.Class"
    },
    {
      "name": "hashCode",
      "return": "int"
    },
    {
      "name": "equals",
      "parameters": [{
        "name": "arg0",
        "type": "java.lang.Object"
      }],
      "return": "boolean"
    },
    {
      "name": "toString",
      "return": "java.lang.String"
    },
    {"name": "notify"},
    {"name": "notifyAll"},
    {"name": "wait"},
    {
      "name": "wait",
      "parameters": [{
        "name": "arg0",
        "type": "long"
      }]
    },
    {
      "name": "wait",
      "parameters": [
        {
          "name": "arg0",
          "type": "long"
        },
        {
          "name": "arg1",
          "type": "int"
        }
      ]
    },
    {
      "name": "description",
      "parameters": [{
        "name": "description",
        "type": "io.papermc.paper.registry.data.dialog.body.PlainMessageDialogBody"
      }],
      "return": "io.papermc.paper.registry.data.dialog.body.ItemDialogBody.Builder"
    },
    {
      "name": "showDecorations",
      "parameters": [{
        "name": "showDecorations",
        "type": "boolean"
      }],
      "return": "io.papermc.paper.registry.data.dialog.body.ItemDialogBody.Builder"
    },
    {
      "name": "showTooltip",
      "parameters": [{
        "name": "showTooltip",
        "type": "boolean"
      }],
      "return": "io.papermc.paper.registry.data.dialog.body.ItemDialogBody.Builder"
    },
    {
      "name": "width",
      "parameters": [{
        "name": "width",
        "type": "to=256L) int"
      }],
      "return": "io.papermc.paper.registry.data.dialog.body.ItemDialogBody.Builder"
    },
    {
      "name": "height",
      "parameters": [{
        "name": "height",
        "type": "to=256L) int"
      }],
      "return": "io.papermc.paper.registry.data.dialog.body.ItemDialogBody.Builder"
    },
    {
      "name": "build",
      "return": "io.papermc.paper.registry.data.dialog.body.ItemDialogBody"
    }
  ],
  "name": "io.papermc.paper.registry.data.dialog.body.ItemDialogBody.Builder",
  "simple-name": "Builder"
}