{"constructors":[{"name":"<init>","parameters":[{"name":"who","type":"org.bukkit.entity.Player"},{"name":"block","type":"org.bukkit.block.Block"},{"name":"item","type":"org.bukkit.inventory.ItemStack"},{"name":"hand","type":"org.bukkit.inventory.EquipmentSlot"},{"name":"drops","type":"java.util.List"}]}],"package":"io.papermc.paper.event.block","methods":[{"name":"getClass","return":"java.lang.Class"},{"name":"hashCode","return":"int"},{"name":"equals","parameters":[{"name":"arg0","type":"java.lang.Object"}],"return":"boolean"},{"name":"toString","return":"java.lang.String"},{"name":"notify"},{"name":"notifyAll"},{"name":"wait"},{"name":"wait","parameters":[{"name":"arg0","type":"long"}]},{"name":"wait","parameters":[{"name":"arg0","type":"long"},{"name":"arg1","type":"int"}]},{"name":"callEvent","return":"boolean"},{"name":"getEventName","return":"java.lang.String"},{"name":"isAsynchronous","return":"boolean"},{"name":"getPlayer","return":"org.bukkit.entity.Player"},{"name":"getBlock","return":"org.bukkit.block.Block"},{"name":"getItem","return":"org.bukkit.inventory.ItemStack"},{"name":"getHand","return":"org.bukkit.inventory.EquipmentSlot"},{"name":"getDrops","return":"java.util.List"},{"name":"isCancelled","return":"boolean"},{"name":"setCancelled","parameters":[{"name":"cancel","type":"boolean"}]},{"name":"getHandlers","return":"org.bukkit.event.HandlerList"},{"static":true,"name":"getHandlerList","return":"org.bukkit.event.HandlerList"}],"name":"io.papermc.paper.event.block.PlayerShearBlockEvent","simple-name":"PlayerShearBlockEvent"}