{
  "constructors": [{
    "name": "<init>",
    "parameters": [{
      "name": "cause",
      "type": "io.papermc.paper.event.server.ServerResourcesReloadedEvent.Cause"
    }]
  }],
  "package": "io.papermc.paper.event.server",
  "methods": [
    {
      "name": "getClass",
      "return": "java.lang.Class"
    },
    {
      "name": "hashCode",
      "return": "int"
    },
    {
      "name": "equals",
      "parameters": [{
        "name": "arg0",
        "type": "java.lang.Object"
      }],
      "return": "boolean"
    },
    {
      "name": "toString",
      "return": "java.lang.String"
    },
    {"name": "notify"},
    {"name": "notifyAll"},
    {"name": "wait"},
    {
      "name": "wait",
      "parameters": [{
        "name": "arg0",
        "type": "long"
      }]
    },
    {
      "name": "wait",
      "parameters": [
        {
          "name": "arg0",
          "type": "long"
        },
        {
          "name": "arg1",
          "type": "int"
        }
      ]
    },
    {
      "name": "callEvent",
      "return": "boolean"
    },
    {
      "name": "getEventName",
      "return": "java.lang.String"
    },
    {
      "name": "isAsynchronous",
      "return": "boolean"
    },
    {
      "name": "getCause",
      "return": "io.papermc.paper.event.server.ServerResourcesReloadedEvent.Cause"
    },
    {
      "static": true,
      "name": "getHandlerList",
      "return": "org.bukkit.event.HandlerList"
    },
    {
      "name": "getHandlers",
      "return": "org.bukkit.event.HandlerList"
    }
  ],
  "name": "io.papermc.paper.event.server.ServerResourcesReloadedEvent",
  "simple-name": "ServerResourcesReloadedEvent",
  "fields": [{
    "static": true,
    "name": "HANDLER_LIST",
    "type": "org.bukkit.event.HandlerList"
  }]
}