{
  "package": "io.papermc.paper.registry",
  "methods": [
    {
      "name": "getClass",
      "return": "java.lang.Class"
    },
    {
      "name": "hashCode",
      "return": "int"
    },
    {
      "name": "equals",
      "parameters": [{
        "name": "arg0",
        "type": "java.lang.Object"
      }],
      "return": "boolean"
    },
    {
      "name": "toString",
      "return": "java.lang.String"
    },
    {"name": "notify"},
    {"name": "notifyAll"},
    {"name": "wait"},
    {
      "name": "wait",
      "parameters": [{
        "name": "arg0",
        "type": "long"
      }]
    },
    {
      "name": "wait",
      "parameters": [
        {
          "name": "arg0",
          "type": "long"
        },
        {
          "name": "arg1",
          "type": "int"
        }
      ]
    },
    {
      "name": "key",
      "return": "net.kyori.adventure.key.Key"
    }
  ],
  "name": "io.papermc.paper.registry.RegistryKey",
  "simple-name": "RegistryKey",
  "fields": [
    {
      "static": true,
      "name": "GAME_EVENT",
      "type": "io.papermc.paper.registry.RegistryKey"
    },
    {
      "static": true,
      "name": "STRUCTURE_TYPE",
      "type": "io.papermc.paper.registry.RegistryKey"
    },
    {
      "static": true,
      "name": "MOB_EFFECT",
      "type": "io.papermc.paper.registry.RegistryKey"
    },
    {
      "static": true,
      "name": "BLOCK",
      "type": "io.papermc.paper.registry.RegistryKey"
    },
    {
      "static": true,
      "name": "ITEM",
      "type": "io.papermc.paper.registry.RegistryKey"
    },
    {
      "static": true,
      "name": "CAT_VARIANT",
      "type": "io.papermc.paper.registry.RegistryKey"
    },
    {
      "static": true,
      "name": "FROG_VARIANT",
      "type": "io.papermc.paper.registry.RegistryKey"
    },
    {
      "static": true,
      "name": "VILLAGER_PROFESSION",
      "type": "io.papermc.paper.registry.RegistryKey"
    },
    {
      "static": true,
      "name": "VILLAGER_TYPE",
      "type": "io.papermc.paper.registry.RegistryKey"
    },
    {
      "static": true,
      "name": "MAP_DECORATION_TYPE",
      "type": "io.papermc.paper.registry.RegistryKey"
    },
    {
      "static": true,
      "name": "MENU",
      "type": "io.papermc.paper.registry.RegistryKey"
    },
    {
      "static": true,
      "name": "ATTRIBUTE",
      "type": "io.papermc.paper.registry.RegistryKey"
    },
    {
      "static": true,
      "name": "FLUID",
      "type": "io.papermc.paper.registry.RegistryKey"
    },
    {
      "static": true,
      "name": "SOUND_EVENT",
      "type": "io.papermc.paper.registry.RegistryKey"
    },
    {
      "static": true,
      "name": "DATA_COMPONENT_TYPE",
      "type": "io.papermc.paper.registry.RegistryKey"
    },
    {
      "static": true,
      "name": "BIOME",
      "type": "io.papermc.paper.registry.RegistryKey"
    },
    {
      "static": true,
      "name": "STRUCTURE",
      "type": "io.papermc.paper.registry.RegistryKey"
    },
    {
      "static": true,
      "name": "TRIM_MATERIAL",
      "type": "io.papermc.paper.registry.RegistryKey"
    },
    {
      "static": true,
      "name": "TRIM_PATTERN",
      "type": "io.papermc.paper.registry.RegistryKey"
    },
    {
      "static": true,
      "name": "DAMAGE_TYPE",
      "type": "io.papermc.paper.registry.RegistryKey"
    },
    {
      "static": true,
      "name": "WOLF_VARIANT",
      "type": "io.papermc.paper.registry.RegistryKey"
    },
    {
      "static": true,
      "name": "ENCHANTMENT",
      "type": "io.papermc.paper.registry.RegistryKey"
    },
    {
      "static": true,
      "name": "JUKEBOX_SONG",
      "type": "io.papermc.paper.registry.RegistryKey"
    },
    {
      "static": true,
      "name": "BANNER_PATTERN",
      "type": "io.papermc.paper.registry.RegistryKey"
    },
    {
      "static": true,
      "name": "PAINTING_VARIANT",
      "type": "io.papermc.paper.registry.RegistryKey"
    },
    {
      "static": true,
      "name": "INSTRUMENT",
      "type": "io.papermc.paper.registry.RegistryKey"
    },
    {
      "static": true,
      "name": "ENTITY_TYPE",
      "type": "io.papermc.paper.registry.RegistryKey"
    },
    {
      "static": true,
      "name": "PARTICLE_TYPE",
      "type": "io.papermc.paper.registry.RegistryKey"
    },
    {
      "static": true,
      "name": "POTION",
      "type": "io.papermc.paper.registry.RegistryKey"
    },
    {
      "static": true,
      "name": "MEMORY_MODULE_TYPE",
      "type": "io.papermc.paper.registry.RegistryKey"
    }
  ]
}