{"package":"io.papermc.paper.persistence","methods":[{"name":"getClass","return":"java.lang.Class"},{"name":"hashCode","return":"int"},{"name":"equals","parameters":[{"name":"arg0","type":"java.lang.Object"}],"return":"boolean"},{"name":"toString","return":"java.lang.String"},{"name":"notify"},{"name":"notifyAll"},{"name":"wait"},{"name":"wait","parameters":[{"name":"arg0","type":"long"}]},{"name":"wait","parameters":[{"name":"arg0","type":"long"},{"name":"arg1","type":"int"}]},{"name":"getPersistentDataContainer","return":"io.papermc.paper.persistence.PersistentDataContainerView"}],"name":"io.papermc.paper.persistence.PersistentDataViewHolder","simple-name":"PersistentDataViewHolder"}