{"package":"io.papermc.paper.inventory.tooltip","methods":[{"name":"getClass","return":"java.lang.Class"},{"name":"hashCode","return":"int"},{"name":"equals","parameters":[{"name":"arg0","type":"java.lang.Object"}],"return":"boolean"},{"name":"toString","return":"java.lang.String"},{"name":"notify"},{"name":"notifyAll"},{"name":"wait"},{"name":"wait","parameters":[{"name":"arg0","type":"long"}]},{"name":"wait","parameters":[{"name":"arg0","type":"long"},{"name":"arg1","type":"int"}]},{"static":true,"name":"create","parameters":[{"name":"advanced","type":"boolean"},{"name":"creative","type":"boolean"}],"return":"io.papermc.paper.inventory.tooltip.TooltipContext"},{"static":true,"name":"create","return":"io.papermc.paper.inventory.tooltip.TooltipContext"},{"name":"isAdvanced","return":"boolean"},{"name":"isCreative","return":"boolean"},{"name":"asAdvanced","return":"io.papermc.paper.inventory.tooltip.TooltipContext"},{"name":"asCreative","return":"io.papermc.paper.inventory.tooltip.TooltipContext"}],"name":"io.papermc.paper.inventory.tooltip.TooltipContext","simple-name":"TooltipContext"}