{"package":"io.papermc.paper.registry.keys","methods":[{"name":"getClass","return":"java.lang.Class"},{"name":"hashCode","return":"int"},{"name":"equals","parameters":[{"name":"arg0","type":"java.lang.Object"}],"return":"boolean"},{"name":"toString","return":"java.lang.String"},{"name":"notify"},{"name":"notifyAll"},{"name":"wait"},{"name":"wait","parameters":[{"name":"arg0","type":"long"}]},{"name":"wait","parameters":[{"name":"arg0","type":"long"},{"name":"arg1","type":"int"}]}],"name":"io.papermc.paper.registry.keys.StructureTypeKeys","simple-name":"StructureTypeKeys","fields":[{"static":true,"name":"BURIED_TREASURE","type":"io.papermc.paper.registry.TypedKey"},{"static":true,"name":"DESERT_PYRAMID","type":"io.papermc.paper.registry.TypedKey"},{"static":true,"name":"END_CITY","type":"io.papermc.paper.registry.TypedKey"},{"static":true,"name":"FORTRESS","type":"io.papermc.paper.registry.TypedKey"},{"static":true,"name":"IGLOO","type":"io.papermc.paper.registry.TypedKey"},{"static":true,"name":"JIGSAW","type":"io.papermc.paper.registry.TypedKey"},{"static":true,"name":"JUNGLE_TEMPLE","type":"io.papermc.paper.registry.TypedKey"},{"static":true,"name":"MINESHAFT","type":"io.papermc.paper.registry.TypedKey"},{"static":true,"name":"NETHER_FOSSIL","type":"io.papermc.paper.registry.TypedKey"},{"static":true,"name":"OCEAN_MONUMENT","type":"io.papermc.paper.registry.TypedKey"},{"static":true,"name":"OCEAN_RUIN","type":"io.papermc.paper.registry.TypedKey"},{"static":true,"name":"RUINED_PORTAL","type":"io.papermc.paper.registry.TypedKey"},{"static":true,"name":"SHIPWRECK","type":"io.papermc.paper.registry.TypedKey"},{"static":true,"name":"STRONGHOLD","type":"io.papermc.paper.registry.TypedKey"},{"static":true,"name":"SWAMP_HUT","type":"io.papermc.paper.registry.TypedKey"},{"static":true,"name":"WOODLAND_MANSION","type":"io.papermc.paper.registry.TypedKey"}]}