{
  "constructors": [{
    "name": "<init>",
    "parameters": [
      {
        "name": "player",
        "type": "org.bukkit.entity.Player"
      },
      {
        "name": "lectern",
        "type": "org.bukkit.block.Lectern"
      },
      {
        "name": "book",
        "type": "org.bukkit.inventory.ItemStack"
      },
      {
        "name": "pageChangeDirection",
        "type": "io.papermc.paper.event.player.PlayerLecternPageChangeEvent.PageChangeDirection"
      },
      {
        "name": "oldPage",
        "type": "int"
      },
      {
        "name": "newPage",
        "type": "int"
      }
    ]
  }],
  "package": "io.papermc.paper.event.player",
  "methods": [
    {
      "name": "getClass",
      "return": "java.lang.Class"
    },
    {
      "name": "hashCode",
      "return": "int"
    },
    {
      "name": "equals",
      "parameters": [{
        "name": "arg0",
        "type": "java.lang.Object"
      }],
      "return": "boolean"
    },
    {
      "name": "toString",
      "return": "java.lang.String"
    },
    {"name": "notify"},
    {"name": "notifyAll"},
    {"name": "wait"},
    {
      "name": "wait",
      "parameters": [{
        "name": "arg0",
        "type": "long"
      }]
    },
    {
      "name": "wait",
      "parameters": [
        {
          "name": "arg0",
          "type": "long"
        },
        {
          "name": "arg1",
          "type": "int"
        }
      ]
    },
    {
      "name": "callEvent",
      "return": "boolean"
    },
    {
      "name": "getEventName",
      "return": "java.lang.String"
    },
    {
      "name": "isAsynchronous",
      "return": "boolean"
    },
    {
      "name": "getPlayer",
      "return": "org.bukkit.entity.Player"
    },
    {
      "name": "getLectern",
      "return": "org.bukkit.block.Lectern"
    },
    {
      "name": "getBook",
      "return": "org.bukkit.inventory.ItemStack"
    },
    {
      "name": "getPageChangeDirection",
      "return": "io.papermc.paper.event.player.PlayerLecternPageChangeEvent.PageChangeDirection"
    },
    {
      "name": "getOldPage",
      "return": "int"
    },
    {
      "name": "getNewPage",
      "return": "int"
    },
    {
      "name": "setNewPage",
      "parameters": [{
        "name": "newPage",
        "type": "int"
      }]
    },
    {
      "name": "isCancelled",
      "return": "boolean"
    },
    {
      "name": "setCancelled",
      "parameters": [{
        "name": "cancel",
        "type": "boolean"
      }]
    },
    {
      "name": "getHandlers",
      "return": "org.bukkit.event.HandlerList"
    },
    {
      "static": true,
      "name": "getHandlerList",
      "return": "org.bukkit.event.HandlerList"
    }
  ],
  "name": "io.papermc.paper.event.player.PlayerLecternPageChangeEvent",
  "simple-name": "PlayerLecternPageChangeEvent"
}