{
  "package": "io.papermc.paper.datacomponent.item",
  "methods": [
    {
      "name": "getClass",
      "return": "java.lang.Class"
    },
    {
      "name": "hashCode",
      "return": "int"
    },
    {
      "name": "equals",
      "parameters": [{
        "name": "arg0",
        "type": "java.lang.Object"
      }],
      "return": "boolean"
    },
    {
      "name": "toString",
      "return": "java.lang.String"
    },
    {"name": "notify"},
    {"name": "notifyAll"},
    {"name": "wait"},
    {
      "name": "wait",
      "parameters": [{
        "name": "arg0",
        "type": "long"
      }]
    },
    {
      "name": "wait",
      "parameters": [
        {
          "name": "arg0",
          "type": "long"
        },
        {
          "name": "arg1",
          "type": "int"
        }
      ]
    },
    {
      "static": true,
      "name": "tool",
      "return": "io.papermc.paper.datacomponent.item.Tool.Builder"
    },
    {
      "static": true,
      "name": "rule",
      "parameters": [
        {
          "name": "blocks",
          "type": "io.papermc.paper.registry.set.RegistryKeySet"
        },
        {
          "name": "speed",
          "type": "java.lang.Float"
        },
        {
          "name": "correctForDrops",
          "type": "net.kyori.adventure.util.TriState"
        }
      ],
      "return": "io.papermc.paper.datacomponent.item.Tool.Rule"
    },
    {
      "name": "defaultMiningSpeed",
      "return": "float"
    },
    {
      "name": "damagePerBlock",
      "return": "int"
    },
    {
      "name": "rules",
      "return": "java.util.List"
    },
    {
      "name": "canDestroyBlocksInCreative",
      "return": "boolean"
    }
  ],
  "name": "io.papermc.paper.datacomponent.item.Tool",
  "simple-name": "Tool"
}