{
  "constructors": [{
    "name": "<init>",
    "parameters": [
      {
        "name": "composter",
        "type": "org.bukkit.block.Block"
      },
      {
        "name": "item",
        "type": "org.bukkit.inventory.ItemStack"
      },
      {
        "name": "willRaiseLevel",
        "type": "boolean"
      }
    ]
  }],
  "package": "io.papermc.paper.event.block",
  "methods": [
    {
      "name": "getClass",
      "return": "java.lang.Class"
    },
    {
      "name": "hashCode",
      "return": "int"
    },
    {
      "name": "equals",
      "parameters": [{
        "name": "arg0",
        "type": "java.lang.Object"
      }],
      "return": "boolean"
    },
    {
      "name": "toString",
      "return": "java.lang.String"
    },
    {"name": "notify"},
    {"name": "notifyAll"},
    {"name": "wait"},
    {
      "name": "wait",
      "parameters": [{
        "name": "arg0",
        "type": "long"
      }]
    },
    {
      "name": "wait",
      "parameters": [
        {
          "name": "arg0",
          "type": "long"
        },
        {
          "name": "arg1",
          "type": "int"
        }
      ]
    },
    {
      "name": "callEvent",
      "return": "boolean"
    },
    {
      "name": "getEventName",
      "return": "java.lang.String"
    },
    {
      "name": "isAsynchronous",
      "return": "boolean"
    },
    {
      "name": "getBlock",
      "return": "org.bukkit.block.Block"
    },
    {
      "name": "getItem",
      "return": "org.bukkit.inventory.ItemStack"
    },
    {
      "name": "willRaiseLevel",
      "return": "boolean"
    },
    {
      "name": "setWillRaiseLevel",
      "parameters": [{
        "name": "willRaiseLevel",
        "type": "boolean"
      }]
    },
    {
      "name": "getHandlers",
      "return": "org.bukkit.event.HandlerList"
    },
    {
      "static": true,
      "name": "getHandlerList",
      "return": "org.bukkit.event.HandlerList"
    }
  ],
  "name": "io.papermc.paper.event.block.CompostItemEvent",
  "simple-name": "CompostItemEvent"
}