{"package":"io.papermc.paper.text","methods":[{"name":"getClass","return":"java.lang.Class"},{"name":"hashCode","return":"int"},{"name":"equals","parameters":[{"name":"arg0","type":"java.lang.Object"}],"return":"boolean"},{"name":"toString","return":"java.lang.String"},{"name":"notify"},{"name":"notifyAll"},{"name":"wait"},{"name":"wait","parameters":[{"name":"arg0","type":"long"}]},{"name":"wait","parameters":[{"name":"arg0","type":"long"},{"name":"arg1","type":"int"}]},{"static":true,"name":"resolveWithContext","parameters":[{"name":"input","type":"net.kyori.adventure.text.Component"},{"name":"context","type":"org.bukkit.command.CommandSender"},{"name":"scoreboardSubject","type":"org.bukkit.entity.Entity"}],"return":"net.kyori.adventure.text.Component"},{"static":true,"name":"resolveWithContext","parameters":[{"name":"input","type":"net.kyori.adventure.text.Component"},{"name":"context","type":"org.bukkit.command.CommandSender"},{"name":"scoreboardSubject","type":"org.bukkit.entity.Entity"},{"name":"bypassPermissions","type":"boolean"}],"return":"net.kyori.adventure.text.Component"},{"static":true,"name":"flattener","return":"net.kyori.adventure.text.flattener.ComponentFlattener"},{"static":true,"name":"plainSerializer","return":"net.kyori.adventure.text.serializer.plain.PlainComponentSerializer"},{"static":true,"name":"plainTextSerializer","return":"net.kyori.adventure.text.serializer.plain.PlainTextComponentSerializer"},{"static":true,"name":"gsonSerializer","return":"net.kyori.adventure.text.serializer.gson.GsonComponentSerializer"},{"static":true,"name":"colorDownsamplingGsonSerializer","return":"net.kyori.adventure.text.serializer.gson.GsonComponentSerializer"},{"static":true,"name":"legacySectionSerializer","return":"net.kyori.adventure.text.serializer.legacy.LegacyComponentSerializer"}],"name":"io.papermc.paper.text.PaperComponents","simple-name":"PaperComponents"}