{
  "package": "io.papermc.paper.plugin.provider.classloader",
  "methods": [
    {
      "name": "getClass",
      "return": "java.lang.Class"
    },
    {
      "name": "hashCode",
      "return": "int"
    },
    {
      "name": "equals",
      "parameters": [{
        "name": "arg0",
        "type": "java.lang.Object"
      }],
      "return": "boolean"
    },
    {
      "name": "toString",
      "return": "java.lang.String"
    },
    {"name": "notify"},
    {"name": "notifyAll"},
    {"name": "wait"},
    {
      "name": "wait",
      "parameters": [{
        "name": "arg0",
        "type": "long"
      }]
    },
    {
      "name": "wait",
      "parameters": [
        {
          "name": "arg0",
          "type": "long"
        },
        {
          "name": "arg1",
          "type": "int"
        }
      ]
    },
    {
      "static": true,
      "name": "instance",
      "return": "io.papermc.paper.plugin.provider.classloader.PaperClassLoaderStorage"
    },
    {
      "name": "registerSpigotGroup",
      "parameters": [{
        "name": "pluginClassLoader",
        "type": "org.bukkit.plugin.java.PluginClassLoader"
      }],
      "return": "io.papermc.paper.plugin.provider.classloader.PluginClassLoaderGroup"
    },
    {
      "name": "registerOpenGroup",
      "parameters": [{
        "name": "classLoader",
        "type": "io.papermc.paper.plugin.provider.classloader.ConfiguredPluginClassLoader"
      }],
      "return": "io.papermc.paper.plugin.provider.classloader.PluginClassLoaderGroup"
    },
    {
      "name": "registerAccessBackedGroup",
      "parameters": [
        {
          "name": "classLoader",
          "type": "io.papermc.paper.plugin.provider.classloader.ConfiguredPluginClassLoader"
        },
        {
          "name": "access",
          "type": "io.papermc.paper.plugin.provider.classloader.ClassLoaderAccess"
        }
      ],
      "return": "io.papermc.paper.plugin.provider.classloader.PluginClassLoaderGroup"
    },
    {
      "name": "unregisterClassloader",
      "parameters": [{
        "name": "configuredPluginClassLoader",
        "type": "io.papermc.paper.plugin.provider.classloader.ConfiguredPluginClassLoader"
      }]
    },
    {
      "name": "registerUnsafePlugin",
      "parameters": [{
        "name": "pluginLoader",
        "type": "io.papermc.paper.plugin.provider.classloader.ConfiguredPluginClassLoader"
      }],
      "return": "boolean"
    }
  ],
  "name": "io.papermc.paper.plugin.provider.classloader.PaperClassLoaderStorage",
  "simple-name": "PaperClassLoaderStorage"
}