{
  "constructors": [{
    "name": "<init>",
    "parameters": [
      {
        "name": "player",
        "type": "org.bukkit.entity.Player"
      },
      {
        "name": "entity",
        "type": "org.bukkit.entity.LivingEntity"
      },
      {
        "name": "name",
        "type": "net.kyori.adventure.text.Component"
      },
      {
        "name": "persistent",
        "type": "boolean"
      }
    ]
  }],
  "package": "io.papermc.paper.event.player",
  "methods": [
    {
      "name": "getClass",
      "return": "java.lang.Class"
    },
    {
      "name": "hashCode",
      "return": "int"
    },
    {
      "name": "equals",
      "parameters": [{
        "name": "arg0",
        "type": "java.lang.Object"
      }],
      "return": "boolean"
    },
    {
      "name": "toString",
      "return": "java.lang.String"
    },
    {"name": "notify"},
    {"name": "notifyAll"},
    {"name": "wait"},
    {
      "name": "wait",
      "parameters": [{
        "name": "arg0",
        "type": "long"
      }]
    },
    {
      "name": "wait",
      "parameters": [
        {
          "name": "arg0",
          "type": "long"
        },
        {
          "name": "arg1",
          "type": "int"
        }
      ]
    },
    {
      "name": "callEvent",
      "return": "boolean"
    },
    {
      "name": "getEventName",
      "return": "java.lang.String"
    },
    {
      "name": "isAsynchronous",
      "return": "boolean"
    },
    {
      "name": "getPlayer",
      "return": "org.bukkit.entity.Player"
    },
    {
      "name": "getName",
      "return": "net.kyori.adventure.text.Component"
    },
    {
      "name": "setName",
      "parameters": [{
        "name": "name",
        "type": "net.kyori.adventure.text.Component"
      }]
    },
    {
      "name": "getEntity",
      "return": "org.bukkit.entity.LivingEntity"
    },
    {
      "name": "setEntity",
      "parameters": [{
        "name": "entity",
        "type": "org.bukkit.entity.LivingEntity"
      }]
    },
    {
      "name": "isPersistent",
      "return": "boolean"
    },
    {
      "name": "setPersistent",
      "parameters": [{
        "name": "persistent",
        "type": "boolean"
      }]
    },
    {
      "name": "isCancelled",
      "return": "boolean"
    },
    {
      "name": "setCancelled",
      "parameters": [{
        "name": "cancel",
        "type": "boolean"
      }]
    },
    {
      "name": "getHandlers",
      "return": "org.bukkit.event.HandlerList"
    },
    {
      "static": true,
      "name": "getHandlerList",
      "return": "org.bukkit.event.HandlerList"
    }
  ],
  "name": "io.papermc.paper.event.player.PlayerNameEntityEvent",
  "simple-name": "PlayerNameEntityEvent"
}