{
  "package": "io.papermc.paper.command.brigadier",
  "methods": [
    {
      "name": "getClass",
      "return": "java.lang.Class"
    },
    {
      "name": "hashCode",
      "return": "int"
    },
    {
      "name": "equals",
      "parameters": [{
        "name": "arg0",
        "type": "java.lang.Object"
      }],
      "return": "boolean"
    },
    {
      "name": "toString",
      "return": "java.lang.String"
    },
    {"name": "notify"},
    {"name": "notifyAll"},
    {"name": "wait"},
    {
      "name": "wait",
      "parameters": [{
        "name": "arg0",
        "type": "long"
      }]
    },
    {
      "name": "wait",
      "parameters": [
        {
          "name": "arg0",
          "type": "long"
        },
        {
          "name": "arg1",
          "type": "int"
        }
      ]
    },
    {
      "name": "deserialize",
      "parameters": [{
        "name": "input",
        "type": "java.lang.Object"
      }],
      "return": "net.kyori.adventure.text.Component"
    },
    {
      "name": "deseializeOrNull",
      "parameters": [{
        "name": "input",
        "type": "java.lang.Object"
      }],
      "return": "net.kyori.adventure.text.Component"
    },
    {
      "name": "deserializeOrNull",
      "parameters": [{
        "name": "input",
        "type": "java.lang.Object"
      }],
      "return": "net.kyori.adventure.text.Component"
    },
    {
      "name": "deserializeOr",
      "parameters": [
        {
          "name": "input",
          "type": "java.lang.Object"
        },
        {
          "name": "fallback",
          "type": "net.kyori.adventure.text.Component"
        }
      ],
      "return": "net.kyori.adventure.text.Component"
    },
    {
      "name": "serialize",
      "parameters": [{
        "name": "component",
        "type": "net.kyori.adventure.text.Component"
      }],
      "return": "java.lang.Object"
    },
    {
      "name": "serializeOrNull",
      "parameters": [{
        "name": "component",
        "type": "net.kyori.adventure.text.Component"
      }],
      "return": "java.lang.Object"
    },
    {
      "name": "serializeOr",
      "parameters": [
        {
          "name": "component",
          "type": "net.kyori.adventure.text.Component"
        },
        {
          "name": "fallback",
          "type": "java.lang.Object"
        }
      ],
      "return": "java.lang.Object"
    },
    {
      "static": true,
      "name": "message",
      "return": "io.papermc.paper.command.brigadier.MessageComponentSerializer"
    }
  ],
  "name": "io.papermc.paper.command.brigadier.MessageComponentSerializer",
  "simple-name": "MessageComponentSerializer"
}