{
  "package": "io.papermc.paper.connection",
  "methods": [
    {
      "name": "getClass",
      "return": "java.lang.Class"
    },
    {
      "name": "hashCode",
      "return": "int"
    },
    {
      "name": "equals",
      "parameters": [{
        "name": "arg0",
        "type": "java.lang.Object"
      }],
      "return": "boolean"
    },
    {
      "name": "toString",
      "return": "java.lang.String"
    },
    {"name": "notify"},
    {"name": "notifyAll"},
    {"name": "wait"},
    {
      "name": "wait",
      "parameters": [{
        "name": "arg0",
        "type": "long"
      }]
    },
    {
      "name": "wait",
      "parameters": [
        {
          "name": "arg0",
          "type": "long"
        },
        {
          "name": "arg1",
          "type": "int"
        }
      ]
    },
    {
      "name": "disconnect",
      "parameters": [{
        "name": "component",
        "type": "net.kyori.adventure.text.Component"
      }]
    },
    {
      "name": "isTransferred",
      "return": "boolean"
    },
    {
      "name": "getAddress",
      "return": "java.net.SocketAddress"
    },
    {
      "name": "getClientAddress",
      "return": "java.net.InetSocketAddress"
    },
    {
      "name": "getVirtualHost",
      "return": "java.net.InetSocketAddress"
    },
    {
      "name": "getHAProxyAddress",
      "return": "java.net.InetSocketAddress"
    },
    {
      "name": "retrieveCookie",
      "parameters": [{
        "name": "key",
        "type": "org.bukkit.NamespacedKey"
      }],
      "return": "java.util.concurrent.CompletableFuture"
    }
  ],
  "name": "io.papermc.paper.connection.ReadablePlayerCookieConnection",
  "simple-name": "ReadablePlayerCookieConnection"
}