{
  "package": "io.papermc.paper.ban",
  "methods": [
    {
      "name": "getClass",
      "return": "java.lang.Class"
    },
    {
      "name": "hashCode",
      "return": "int"
    },
    {
      "name": "equals",
      "parameters": [{
        "name": "arg0",
        "type": "java.lang.Object"
      }],
      "return": "boolean"
    },
    {
      "name": "toString",
      "return": "java.lang.String"
    },
    {"name": "notify"},
    {"name": "notifyAll"},
    {"name": "wait"},
    {
      "name": "wait",
      "parameters": [{
        "name": "arg0",
        "type": "long"
      }]
    },
    {
      "name": "wait",
      "parameters": [
        {
          "name": "arg0",
          "type": "long"
        },
        {
          "name": "arg1",
          "type": "int"
        }
      ]
    },
    {
      "name": "typeClass",
      "return": "java.lang.Class"
    }
  ],
  "name": "io.papermc.paper.ban.BanListType",
  "simple-name": "BanListType",
  "fields": [
    {
      "static": true,
      "name": "IP",
      "type": "io.papermc.paper.ban.BanListType"
    },
    {
      "static": true,
      "name": "PROFILE",
      "type": "io.papermc.paper.ban.BanListType"
    }
  ]
}