{"package":"io.papermc.paper.scoreboard.numbers","methods":[{"name":"getClass","return":"java.lang.Class"},{"name":"hashCode","return":"int"},{"name":"equals","parameters":[{"name":"arg0","type":"java.lang.Object"}],"return":"boolean"},{"name":"toString","return":"java.lang.String"},{"name":"notify"},{"name":"notifyAll"},{"name":"wait"},{"name":"wait","parameters":[{"name":"arg0","type":"long"}]},{"name":"wait","parameters":[{"name":"arg0","type":"long"},{"name":"arg1","type":"int"}]},{"name":"styleApply","parameters":[{"name":"style","type":"net.kyori.adventure.text.format.Style.Builder"}]},{"name":"componentBuilderApply","parameters":[{"name":"component","type":"net.kyori.adventure.text.ComponentBuilder"}]},{"name":"style","return":"net.kyori.adventure.text.format.Style"}],"name":"io.papermc.paper.scoreboard.numbers.StyledFormat","simple-name":"StyledFormat"}