{"constructors":[{"name":"<init>","parameters":[{"name":"world","type":"org.bukkit.World"},{"name":"origin","type":"org.bukkit.Location"},{"name":"structures","type":"java.util.List"},{"name":"radius","type":"int"},{"name":"findUnexplored","type":"boolean"}]}],"package":"io.papermc.paper.event.world","methods":[{"name":"getClass","return":"java.lang.Class"},{"name":"hashCode","return":"int"},{"name":"equals","parameters":[{"name":"arg0","type":"java.lang.Object"}],"return":"boolean"},{"name":"toString","return":"java.lang.String"},{"name":"notify"},{"name":"notifyAll"},{"name":"wait"},{"name":"wait","parameters":[{"name":"arg0","type":"long"}]},{"name":"wait","parameters":[{"name":"arg0","type":"long"},{"name":"arg1","type":"int"}]},{"name":"callEvent","return":"boolean"},{"name":"getEventName","return":"java.lang.String"},{"name":"isAsynchronous","return":"boolean"},{"name":"getWorld","return":"org.bukkit.World"},{"name":"getOrigin","return":"org.bukkit.Location"},{"name":"getResult","return":"io.papermc.paper.event.world.StructuresLocateEvent.Result"},{"name":"setResult","parameters":[{"name":"result","type":"io.papermc.paper.event.world.StructuresLocateEvent.Result"}]},{"name":"getStructures","return":"java.util.List"},{"name":"setStructures","parameters":[{"name":"structures","type":"java.util.List"}]},{"name":"getRadius","return":"int"},{"name":"setRadius","parameters":[{"name":"radius","type":"int"}]},{"name":"shouldFindUnexplored","return":"boolean"},{"name":"setFindUnexplored","parameters":[{"name":"findUnexplored","type":"boolean"}]},{"name":"isCancelled","return":"boolean"},{"name":"setCancelled","parameters":[{"name":"cancel","type":"boolean"}]},{"name":"getHandlers","return":"org.bukkit.event.HandlerList"},{"static":true,"name":"getHandlerList","return":"org.bukkit.event.HandlerList"}],"name":"io.papermc.paper.event.world.StructuresLocateEvent","simple-name":"StructuresLocateEvent"}