{"package":"io.papermc.paper","methods":[{"name":"getClass","return":"java.lang.Class"},{"name":"hashCode","return":"int"},{"name":"equals","parameters":[{"name":"arg0","type":"java.lang.Object"}],"return":"boolean"},{"name":"toString","return":"java.lang.String"},{"name":"notify"},{"name":"notifyAll"},{"name":"wait"},{"name":"wait","parameters":[{"name":"arg0","type":"long"}]},{"name":"wait","parameters":[{"name":"arg0","type":"long"},{"name":"arg1","type":"int"}]},{"static":true,"name":"buildInfo","return":"io.papermc.paper.ServerBuildInfo"},{"name":"brandId","return":"net.kyori.adventure.key.Key"},{"name":"isBrandCompatible","parameters":[{"name":"brandId","type":"net.kyori.adventure.key.Key"}],"return":"boolean"},{"name":"brandName","return":"java.lang.String"},{"name":"minecraftVersionId","return":"java.lang.String"},{"name":"minecraftVersionName","return":"java.lang.String"},{"name":"buildNumber","return":"java.util.OptionalInt"},{"name":"buildTime","return":"java.time.Instant"},{"name":"gitBranch","return":"java.util.Optional"},{"name":"gitCommit","return":"java.util.Optional"},{"name":"asString","parameters":[{"name":"representation","type":"io.papermc.paper.ServerBuildInfo.StringRepresentation"}],"return":"java.lang.String"}],"name":"io.papermc.paper.ServerBuildInfo","simple-name":"ServerBuildInfo","fields":[{"static":true,"name":"BRAND_PAPER_ID","type":"net.kyori.adventure.key.Key"}]}