{
  "package": "io.papermc.paper.registry.data.client",
  "methods": [
    {
      "name": "getClass",
      "return": "java.lang.Class"
    },
    {
      "name": "hashCode",
      "return": "int"
    },
    {
      "name": "equals",
      "parameters": [{
        "name": "arg0",
        "type": "java.lang.Object"
      }],
      "return": "boolean"
    },
    {
      "name": "toString",
      "return": "java.lang.String"
    },
    {"name": "notify"},
    {"name": "notifyAll"},
    {"name": "wait"},
    {
      "name": "wait",
      "parameters": [{
        "name": "arg0",
        "type": "long"
      }]
    },
    {
      "name": "wait",
      "parameters": [
        {
          "name": "arg0",
          "type": "long"
        },
        {
          "name": "arg1",
          "type": "int"
        }
      ]
    },
    {
      "name": "identifier",
      "return": "net.kyori.adventure.key.Key"
    },
    {
      "name": "texturePath",
      "return": "net.kyori.adventure.key.Key"
    },
    {
      "static": true,
      "name": "clientTextureAsset",
      "parameters": [
        {
          "name": "identifier",
          "type": "net.kyori.adventure.key.Key"
        },
        {
          "name": "texturePath",
          "type": "net.kyori.adventure.key.Key"
        }
      ],
      "return": "io.papermc.paper.registry.data.client.ClientTextureAsset"
    },
    {
      "static": true,
      "name": "clientTextureAsset",
      "parameters": [{
        "name": "identifier",
        "type": "net.kyori.adventure.key.Key"
      }],
      "return": "io.papermc.paper.registry.data.client.ClientTextureAsset"
    },
    {
      "static": true,
      "name": "clientTextureAsset",
      "parameters": [{
        "name": "identifier",
        "type": "java.lang.String"
      }],
      "return": "io.papermc.paper.registry.data.client.ClientTextureAsset"
    }
  ],
  "name": "io.papermc.paper.registry.data.client.ClientTextureAsset",
  "simple-name": "ClientTextureAsset"
}