{
  "package": "io.papermc.paper.datapack",
  "methods": [
    {
      "name": "getClass",
      "return": "java.lang.Class"
    },
    {
      "name": "hashCode",
      "return": "int"
    },
    {
      "name": "equals",
      "parameters": [{
        "name": "arg0",
        "type": "java.lang.Object"
      }],
      "return": "boolean"
    },
    {
      "name": "toString",
      "return": "java.lang.String"
    },
    {"name": "notify"},
    {"name": "notifyAll"},
    {"name": "wait"},
    {
      "name": "wait",
      "parameters": [{
        "name": "arg0",
        "type": "long"
      }]
    },
    {
      "name": "wait",
      "parameters": [
        {
          "name": "arg0",
          "type": "long"
        },
        {
          "name": "arg1",
          "type": "int"
        }
      ]
    },
    {"name": "refreshPacks"},
    {
      "name": "getPack",
      "parameters": [{
        "name": "name",
        "type": "java.lang.String"
      }],
      "return": "io.papermc.paper.datapack.Datapack"
    },
    {
      "name": "getPacks",
      "return": "java.util.Collection"
    },
    {
      "name": "getEnabledPacks",
      "return": "java.util.Collection"
    }
  ],
  "name": "io.papermc.paper.datapack.DatapackManager",
  "simple-name": "DatapackManager"
}