{"package":"io.papermc.paper.registry.data","methods":[{"name":"getClass","return":"java.lang.Class"},{"name":"hashCode","return":"int"},{"name":"equals","parameters":[{"name":"arg0","type":"java.lang.Object"}],"return":"boolean"},{"name":"toString","return":"java.lang.String"},{"name":"notify"},{"name":"notifyAll"},{"name":"wait"},{"name":"wait","parameters":[{"name":"arg0","type":"long"}]},{"name":"wait","parameters":[{"name":"arg0","type":"long"},{"name":"arg1","type":"int"}]},{"name":"description","return":"net.kyori.adventure.text.Component"},{"name":"supportedItems","return":"io.papermc.paper.registry.set.RegistryKeySet"},{"name":"primaryItems","return":"io.papermc.paper.registry.set.RegistryKeySet"},{"name":"weight","return":"to=1024L) int"},{"name":"maxLevel","return":"to=255L) int"},{"name":"minimumCost","return":"io.papermc.paper.registry.data.EnchantmentRegistryEntry.EnchantmentCost"},{"name":"maximumCost","return":"io.papermc.paper.registry.data.EnchantmentRegistryEntry.EnchantmentCost"},{"name":"anvilCost","return":"to=2147483647L) int"},{"name":"activeSlots","return":"java.util.List"},{"name":"exclusiveWith","return":"io.papermc.paper.registry.set.RegistryKeySet"},{"name":"description","parameters":[{"name":"description","type":"net.kyori.adventure.text.Component"}],"return":"io.papermc.paper.registry.data.EnchantmentRegistryEntry.Builder"},{"name":"supportedItems","parameters":[{"name":"supportedItems","type":"io.papermc.paper.registry.set.RegistryKeySet"}],"return":"io.papermc.paper.registry.data.EnchantmentRegistryEntry.Builder"},{"name":"primaryItems","parameters":[{"name":"primaryItems","type":"io.papermc.paper.registry.set.RegistryKeySet"}],"return":"io.papermc.paper.registry.data.EnchantmentRegistryEntry.Builder"},{"name":"weight","parameters":[{"name":"weight","type":"to=1024L) int"}],"return":"io.papermc.paper.registry.data.EnchantmentRegistryEntry.Builder"},{"name":"maxLevel","parameters":[{"name":"maxLevel","type":"to=255L) int"}],"return":"io.papermc.paper.registry.data.EnchantmentRegistryEntry.Builder"},{"name":"minimumCost","parameters":[{"name":"minimumCost","type":"io.papermc.paper.registry.data.EnchantmentRegistryEntry.EnchantmentCost"}],"return":"io.papermc.paper.registry.data.EnchantmentRegistryEntry.Builder"},{"name":"maximumCost","parameters":[{"name":"maximumCost","type":"io.papermc.paper.registry.data.EnchantmentRegistryEntry.EnchantmentCost"}],"return":"io.papermc.paper.registry.data.EnchantmentRegistryEntry.Builder"},{"name":"anvilCost","parameters":[{"name":"anvilCost","type":"to=2147483647L) int"}],"return":"io.papermc.paper.registry.data.EnchantmentRegistryEntry.Builder"},{"name":"activeSlots","parameters":[{"name":"activeSlots","type":"org.bukkit.inventory.EquipmentSlotGroup []"}],"return":"io.papermc.paper.registry.data.EnchantmentRegistryEntry.Builder"},{"name":"activeSlots","parameters":[{"name":"activeSlots","type":"java.lang.Iterable"}],"return":"io.papermc.paper.registry.data.EnchantmentRegistryEntry.Builder"},{"name":"exclusiveWith","parameters":[{"name":"exclusiveWith","type":"io.papermc.paper.registry.set.RegistryKeySet"}],"return":"io.papermc.paper.registry.data.EnchantmentRegistryEntry.Builder"}],"name":"io.papermc.paper.registry.data.EnchantmentRegistryEntry.Builder","simple-name":"Builder"}