{"package":"io.papermc.paper.plugin.lifecycle.event","methods":[{"name":"getClass","return":"java.lang.Class"},{"name":"hashCode","return":"int"},{"name":"equals","parameters":[{"name":"arg0","type":"java.lang.Object"}],"return":"boolean"},{"name":"toString","return":"java.lang.String"},{"name":"notify"},{"name":"notifyAll"},{"name":"wait"},{"name":"wait","parameters":[{"name":"arg0","type":"long"}]},{"name":"wait","parameters":[{"name":"arg0","type":"long"},{"name":"arg1","type":"int"}]},{"name":"registerEventHandler","parameters":[{"name":"eventType","type":"io.papermc.paper.plugin.lifecycle.event.types.LifecycleEventType"},{"name":"eventHandler","type":"io.papermc.paper.plugin.lifecycle.event.handler.LifecycleEventHandler"}]},{"name":"registerEventHandler","parameters":[{"name":"handlerConfiguration","type":"io.papermc.paper.plugin.lifecycle.event.handler.configuration.LifecycleEventHandlerConfiguration"}]}],"name":"io.papermc.paper.plugin.lifecycle.event.LifecycleEventManager","simple-name":"LifecycleEventManager"}