{
  "package": "io.papermc.paper.registry.event.type",
  "methods": [
    {
      "name": "getClass",
      "return": "java.lang.Class"
    },
    {
      "name": "hashCode",
      "return": "int"
    },
    {
      "name": "equals",
      "parameters": [{
        "name": "arg0",
        "type": "java.lang.Object"
      }],
      "return": "boolean"
    },
    {
      "name": "toString",
      "return": "java.lang.String"
    },
    {"name": "notify"},
    {"name": "notifyAll"},
    {"name": "wait"},
    {
      "name": "wait",
      "parameters": [{
        "name": "arg0",
        "type": "long"
      }]
    },
    {
      "name": "wait",
      "parameters": [
        {
          "name": "arg0",
          "type": "long"
        },
        {
          "name": "arg1",
          "type": "int"
        }
      ]
    },
    {
      "name": "name",
      "return": "java.lang.String"
    },
    {
      "name": "newHandler",
      "parameters": [{
        "name": "handler",
        "type": "io.papermc.paper.plugin.lifecycle.event.handler.LifecycleEventHandler"
      }],
      "return": "io.papermc.paper.plugin.lifecycle.event.handler.configuration.LifecycleEventHandlerConfiguration"
    }
  ],
  "name": "io.papermc.paper.registry.event.type.RegistryEntryAddEventType",
  "simple-name": "RegistryEntryAddEventType"
}