{"constructors":[{"name":"<init>","parameters":[{"name":"playerProfile","type":"com.destroystokyo.paper.profile.PlayerProfile"},{"name":"status","type":"io.papermc.paper.event.server.WhitelistStateUpdateEvent.WhitelistStatus"}]}],"package":"io.papermc.paper.event.server","methods":[{"name":"getClass","return":"java.lang.Class"},{"name":"hashCode","return":"int"},{"name":"equals","parameters":[{"name":"arg0","type":"java.lang.Object"}],"return":"boolean"},{"name":"toString","return":"java.lang.String"},{"name":"notify"},{"name":"notifyAll"},{"name":"wait"},{"name":"wait","parameters":[{"name":"arg0","type":"long"}]},{"name":"wait","parameters":[{"name":"arg0","type":"long"},{"name":"arg1","type":"int"}]},{"name":"callEvent","return":"boolean"},{"name":"getEventName","return":"java.lang.String"},{"name":"isAsynchronous","return":"boolean"},{"name":"getPlayer","return":"org.bukkit.OfflinePlayer"},{"name":"getPlayerProfile","return":"com.destroystokyo.paper.profile.PlayerProfile"},{"name":"getStatus","return":"io.papermc.paper.event.server.WhitelistStateUpdateEvent.WhitelistStatus"},{"name":"isCancelled","return":"boolean"},{"name":"setCancelled","parameters":[{"name":"cancel","type":"boolean"}]},{"name":"getHandlers","return":"org.bukkit.event.HandlerList"},{"static":true,"name":"getHandlerList","return":"org.bukkit.event.HandlerList"}],"name":"io.papermc.paper.event.server.WhitelistStateUpdateEvent","simple-name":"WhitelistStateUpdateEvent"}