{"package":"io.papermc.paper.plugin.lifecycle.event.handler","methods":[{"name":"getClass","return":"java.lang.Class"},{"name":"hashCode","return":"int"},{"name":"equals","parameters":[{"name":"arg0","type":"java.lang.Object"}],"return":"boolean"},{"name":"toString","return":"java.lang.String"},{"name":"notify"},{"name":"notifyAll"},{"name":"wait"},{"name":"wait","parameters":[{"name":"arg0","type":"long"}]},{"name":"wait","parameters":[{"name":"arg0","type":"long"},{"name":"arg1","type":"int"}]},{"name":"run","parameters":[{"name":"event","type":"io.papermc.paper.plugin.lifecycle.event.LifecycleEvent"}]}],"name":"io.papermc.paper.plugin.lifecycle.event.handler.LifecycleEventHandler","simple-name":"LifecycleEventHandler"}