{"package":"io.papermc.paper.entity","methods":[{"name":"getClass","return":"java.lang.Class"},{"name":"hashCode","return":"int"},{"name":"equals","parameters":[{"name":"arg0","type":"java.lang.Object"}],"return":"boolean"},{"name":"toString","return":"java.lang.String"},{"name":"notify"},{"name":"notifyAll"},{"name":"wait"},{"name":"wait","parameters":[{"name":"arg0","type":"long"}]},{"name":"wait","parameters":[{"name":"arg0","type":"long"},{"name":"arg1","type":"int"}]},{"name":"launchProjectile","parameters":[{"name":"projectile","type":"java.lang.Class"}],"return":"org.bukkit.entity.Projectile"},{"name":"launchProjectile","parameters":[{"name":"projectile","type":"java.lang.Class"},{"name":"velocity","type":"org.bukkit.util.Vector"}],"return":"org.bukkit.entity.Projectile"},{"name":"launchProjectile","parameters":[{"name":"projectile","type":"java.lang.Class"},{"name":"velocity","type":"org.bukkit.util.Vector"},{"name":"function","type":"java.util.function.Consumer"}],"return":"org.bukkit.entity.Projectile"},{"name":"isOp","return":"boolean"},{"name":"setOp","parameters":[{"name":"value","type":"boolean"}]},{"name":"setMetadata","parameters":[{"name":"metadataKey","type":"java.lang.String"},{"name":"newMetadataValue","type":"org.bukkit.metadata.MetadataValue"}]},{"name":"getMetadata","parameters":[{"name":"metadataKey","type":"java.lang.String"}],"return":"java.util.List"},{"name":"hasMetadata","parameters":[{"name":"metadataKey","type":"java.lang.String"}],"return":"boolean"},{"name":"removeMetadata","parameters":[{"name":"metadataKey","type":"java.lang.String"},{"name":"owningPlugin","type":"org.bukkit.plugin.Plugin"}]},{"name":"setLootTable","parameters":[{"name":"table","type":"org.bukkit.loot.LootTable"}]},{"name":"getLootTable","return":"org.bukkit.loot.LootTable"},{"name":"hasLootTable","return":"boolean"},{"name":"clearLootTable"},{"name":"setSeed","parameters":[{"name":"seed","type":"long"}]},{"name":"getSeed","return":"long"},{"name":"getAttribute","parameters":[{"name":"attribute","type":"org.bukkit.attribute.Attribute"}],"return":"org.bukkit.attribute.AttributeInstance"},{"name":"registerAttribute","parameters":[{"name":"attribute","type":"org.bukkit.attribute.Attribute"}]},{"name":"customName","return":"net.kyori.adventure.text.Component"},{"name":"customName","parameters":[{"name":"customName","type":"net.kyori.adventure.text.Component"}]},{"name":"getCustomName","return":"java.lang.String"},{"name":"setCustomName","parameters":[{"name":"name","type":"java.lang.String"}]},{"name":"asHoverEvent","return":"net.kyori.adventure.text.event.HoverEvent"},{"name":"get","parameters":[{"name":"pointer","type":"net.kyori.adventure.pointer.Pointer"}],"return":"java.util.Optional"},{"name":"getOrDefault","parameters":[{"name":"pointer","type":"net.kyori.adventure.pointer.Pointer"},{"name":"defaultValue","type":"java.lang.Object"}],"return":"java.lang.Object"},{"name":"getOrDefaultFrom","parameters":[{"name":"pointer","type":"net.kyori.adventure.pointer.Pointer"},{"name":"defaultValue","type":"java.util.function.Supplier"}],"return":"java.lang.Object"},{"name":"pointers","return":"net.kyori.adventure.pointer.Pointers"},{"name":"getFrictionState","return":"net.kyori.adventure.util.TriState"},{"name":"setFrictionState","parameters":[{"name":"state","type":"net.kyori.adventure.util.TriState"}]},{"name":"getPersistentDataContainer","return":"org.bukkit.persistence.PersistentDataContainer"},{"name":"isPermissionSet","parameters":[{"name":"name","type":"java.lang.String"}],"return":"boolean"},{"name":"isPermissionSet","parameters":[{"name":"perm","type":"org.bukkit.permissions.Permission"}],"return":"boolean"},{"name":"hasPermission","parameters":[{"name":"name","type":"java.lang.String"}],"return":"boolean"},{"name":"hasPermission","parameters":[{"name":"perm","type":"org.bukkit.permissions.Permission"}],"return":"boolean"},{"name":"addAttachment","parameters":[{"name":"plugin","type":"org.bukkit.plugin.Plugin"},{"name":"name","type":"java.lang.String"},{"name":"value","type":"boolean"}],"return":"org.bukkit.permissions.PermissionAttachment"},{"name":"addAttachment","parameters":[{"name":"plugin","type":"org.bukkit.plugin.Plugin"}],"return":"org.bukkit.permissions.PermissionAttachment"},{"name":"addAttachment","parameters":[{"name":"plugin","type":"org.bukkit.plugin.Plugin"},{"name":"name","type":"java.lang.String"},{"name":"value","type":"boolean"},{"name":"ticks","type":"int"}],"return":"org.bukkit.permissions.PermissionAttachment"},{"name":"addAttachment","parameters":[{"name":"plugin","type":"org.bukkit.plugin.Plugin"},{"name":"ticks","type":"int"}],"return":"org.bukkit.permissions.PermissionAttachment"},{"name":"removeAttachment","parameters":[{"name":"attachment","type":"org.bukkit.permissions.PermissionAttachment"}]},{"name":"recalculatePermissions"},{"name":"getEffectivePermissions","return":"java.util.Set"},{"name":"permissionValue","parameters":[{"name":"permission","type":"org.bukkit.permissions.Permission"}],"return":"net.kyori.adventure.util.TriState"},{"name":"permissionValue","parameters":[{"name":"permission","type":"java.lang.String"}],"return":"net.kyori.adventure.util.TriState"},{"name":"filterAudience","parameters":[{"name":"filter","type":"java.util.function.Predicate"}],"return":"net.kyori.adventure.audience.Audience"},{"name":"forEachAudience","parameters":[{"name":"action","type":"java.util.function.Consumer"}]},{"name":"sendMessage","parameters":[{"name":"message","type":"net.kyori.adventure.text.ComponentLike"}]},{"name":"sendMessage","parameters":[{"name":"message","type":"net.kyori.adventure.text.Component"}]},{"name":"sendMessage","parameters":[{"name":"message","type":"net.kyori.adventure.text.ComponentLike"},{"name":"type","type":"net.kyori.adventure.audience.MessageType"}]},{"name":"sendMessage","parameters":[{"name":"message","type":"net.kyori.adventure.text.Component"},{"name":"type","type":"net.kyori.adventure.audience.MessageType"}]},{"name":"sendMessage","parameters":[{"name":"source","type":"net.kyori.adventure.identity.Identified"},{"name":"message","type":"net.kyori.adventure.text.ComponentLike"}]},{"name":"sendMessage","parameters":[{"name":"source","type":"net.kyori.adventure.identity.Identity"},{"name":"message","type":"net.kyori.adventure.text.ComponentLike"}]},{"name":"sendMessage","parameters":[{"name":"source","type":"net.kyori.adventure.identity.Identified"},{"name":"message","type":"net.kyori.adventure.text.Component"}]},{"name":"sendMessage","parameters":[{"name":"source","type":"net.kyori.adventure.identity.Identity"},{"name":"message","type":"net.kyori.adventure.text.Component"}]},{"name":"sendMessage","parameters":[{"name":"source","type":"net.kyori.adventure.identity.Identified"},{"name":"message","type":"net.kyori.adventure.text.ComponentLike"},{"name":"type","type":"net.kyori.adventure.audience.MessageType"}]},{"name":"sendMessage","parameters":[{"name":"source","type":"net.kyori.adventure.identity.Identity"},{"name":"message","type":"net.kyori.adventure.text.ComponentLike"},{"name":"type","type":"net.kyori.adventure.audience.MessageType"}]},{"name":"sendMessage","parameters":[{"name":"source","type":"net.kyori.adventure.identity.Identified"},{"name":"message","type":"net.kyori.adventure.text.Component"},{"name":"type","type":"net.kyori.adventure.audience.MessageType"}]},{"name":"sendMessage","parameters":[{"name":"message","type":"net.kyori.adventure.text.Component"},{"name":"boundChatType","type":"net.kyori.adventure.chat.ChatType.Bound"}]},{"name":"sendMessage","parameters":[{"name":"message","type":"net.kyori.adventure.text.ComponentLike"},{"name":"boundChatType","type":"net.kyori.adventure.chat.ChatType.Bound"}]},{"name":"sendMessage","parameters":[{"name":"signedMessage","type":"net.kyori.adventure.chat.SignedMessage"},{"name":"boundChatType","type":"net.kyori.adventure.chat.ChatType.Bound"}]},{"name":"deleteMessage","parameters":[{"name":"signedMessage","type":"net.kyori.adventure.chat.SignedMessage"}]},{"name":"deleteMessage","parameters":[{"name":"signature","type":"net.kyori.adventure.chat.SignedMessage.Signature"}]},{"name":"sendActionBar","parameters":[{"name":"message","type":"net.kyori.adventure.text.ComponentLike"}]},{"name":"sendActionBar","parameters":[{"name":"message","type":"net.kyori.adventure.text.Component"}]},{"name":"sendPlayerListHeader","parameters":[{"name":"header","type":"net.kyori.adventure.text.ComponentLike"}]},{"name":"sendPlayerListHeader","parameters":[{"name":"header","type":"net.kyori.adventure.text.Component"}]},{"name":"sendPlayerListFooter","parameters":[{"name":"footer","type":"net.kyori.adventure.text.ComponentLike"}]},{"name":"sendPlayerListFooter","parameters":[{"name":"footer","type":"net.kyori.adventure.text.Component"}]},{"name":"sendPlayerListHeaderAndFooter","parameters":[{"name":"header","type":"net.kyori.adventure.text.ComponentLike"},{"name":"footer","type":"net.kyori.adventure.text.ComponentLike"}]},{"name":"sendPlayerListHeaderAndFooter","parameters":[{"name":"header","type":"net.kyori.adventure.text.Component"},{"name":"footer","type":"net.kyori.adventure.text.Component"}]},{"name":"showTitle","parameters":[{"name":"title","type":"net.kyori.adventure.title.Title"}]},{"name":"sendTitlePart","parameters":[{"name":"part","type":"net.kyori.adventure.title.TitlePart"},{"name":"value","type":"java.lang.Object"}]},{"name":"clearTitle"},{"name":"resetTitle"},{"name":"showBossBar","parameters":[{"name":"bar","type":"net.kyori.adventure.bossbar.BossBar"}]},{"name":"hideBossBar","parameters":[{"name":"bar","type":"net.kyori.adventure.bossbar.BossBar"}]},{"name":"playSound","parameters":[{"name":"sound","type":"net.kyori.adventure.sound.Sound"}]},{"name":"playSound","parameters":[{"name":"sound","type":"net.kyori.adventure.sound.Sound"},{"name":"x","type":"double"},{"name":"y","type":"double"},{"name":"z","type":"double"}]},{"name":"playSound","parameters":[{"name":"sound","type":"net.kyori.adventure.sound.Sound"},{"name":"emitter","type":"net.kyori.adventure.sound.Sound.Emitter"}]},{"name":"stopSound","parameters":[{"name":"sound","type":"net.kyori.adventure.sound.Sound"}]},{"name":"stopSound","parameters":[{"name":"stop","type":"net.kyori.adventure.sound.SoundStop"}]},{"name":"openBook","parameters":[{"name":"book","type":"net.kyori.adventure.inventory.Book.Builder"}]},{"name":"openBook","parameters":[{"name":"book","type":"net.kyori.adventure.inventory.Book"}]},{"name":"sendResourcePacks","parameters":[{"name":"first","type":"net.kyori.adventure.resource.ResourcePackInfoLike"},{"name":"others","type":"net.kyori.adventure.resource.ResourcePackInfoLike[]"}]},{"name":"sendResourcePacks","parameters":[{"name":"request","type":"net.kyori.adventure.resource.ResourcePackRequestLike"}]},{"name":"sendResourcePacks","parameters":[{"name":"request","type":"net.kyori.adventure.resource.ResourcePackRequest"}]},{"name":"removeResourcePacks","parameters":[{"name":"request","type":"net.kyori.adventure.resource.ResourcePackRequestLike"}]},{"name":"removeResourcePacks","parameters":[{"name":"request","type":"net.kyori.adventure.resource.ResourcePackRequest"}]},{"name":"removeResourcePacks","parameters":[{"name":"request","type":"net.kyori.adventure.resource.ResourcePackInfoLike"},{"name":"others","type":"net.kyori.adventure.resource.ResourcePackInfoLike []"}]},{"name":"removeResourcePacks","parameters":[{"name":"ids","type":"java.lang.Iterable"}]},{"name":"removeResourcePacks","parameters":[{"name":"id","type":"java.util.UUID"},{"name":"others","type":"java.util.UUID []"}]},{"name":"clearResourcePacks"},{"name":"sendMessage","parameters":[{"name":"message","type":"java.lang.String"}]},{"name":"sendMessage","parameters":[{"name":"messages","type":"java.lang.String[]"}]},{"name":"sendMessage","parameters":[{"name":"sender","type":"java.util.UUID"},{"name":"message","type":"java.lang.String"}]},{"name":"sendMessage","parameters":[{"name":"sender","type":"java.util.UUID"},{"name":"messages","type":"java.lang.String[]"}]},{"name":"getName","return":"java.lang.String"},{"name":"name","return":"net.kyori.adventure.text.Component"},{"name":"sendMessage","parameters":[{"name":"identity","type":"net.kyori.adventure.identity.Identity"},{"name":"message","type":"net.kyori.adventure.text.Component"},{"name":"type","type":"net.kyori.adventure.audience.MessageType"}]},{"name":"sendRichMessage","parameters":[{"name":"message","type":"java.lang.String"}]},{"name":"sendRichMessage","parameters":[{"name":"message","type":"java.lang.String"},{"name":"resolvers","type":"net.kyori.adventure.text.minimessage.tag.resolver.TagResolver[]"}]},{"name":"sendPlainMessage","parameters":[{"name":"message","type":"java.lang.String"}]},{"name":"sendMessage","parameters":[{"name":"component","type":"net.md_5.bungee.api.chat.BaseComponent"}]},{"name":"sendMessage","parameters":[{"name":"components","type":"net.md_5.bungee.api.chat.BaseComponent[]"}]},{"name":"getLocation","return":"org.bukkit.Location"},{"name":"getLocation","parameters":[{"name":"loc","type":"org.bukkit.Location"}],"return":"org.bukkit.Location"},{"name":"setVelocity","parameters":[{"name":"velocity","type":"org.bukkit.util.Vector"}]},{"name":"getVelocity","return":"org.bukkit.util.Vector"},{"name":"getHeight","return":"double"},{"name":"getWidth","return":"double"},{"name":"getBoundingBox","return":"org.bukkit.util.BoundingBox"},{"name":"isOnGround","return":"boolean"},{"name":"isInWater","return":"boolean"},{"name":"getWorld","return":"org.bukkit.World"},{"name":"setRotation","parameters":[{"name":"yaw","type":"float"},{"name":"pitch","type":"float"}]},{"name":"teleport","parameters":[{"name":"location","type":"org.bukkit.Location"},{"name":"teleportFlags","type":"io.papermc.paper.entity.TeleportFlag []"}],"return":"boolean"},{"name":"teleport","parameters":[{"name":"location","type":"org.bukkit.Location"},{"name":"cause","type":"org.bukkit.event.player.PlayerTeleportEvent.TeleportCause"},{"name":"teleportFlags","type":"io.papermc.paper.entity.TeleportFlag []"}],"return":"boolean"},{"name":"teleport","parameters":[{"name":"location","type":"org.bukkit.Location"}],"return":"boolean"},{"name":"teleport","parameters":[{"name":"location","type":"org.bukkit.Location"},{"name":"cause","type":"org.bukkit.event.player.PlayerTeleportEvent.TeleportCause"}],"return":"boolean"},{"name":"teleport","parameters":[{"name":"destination","type":"org.bukkit.entity.Entity"}],"return":"boolean"},{"name":"teleport","parameters":[{"name":"destination","type":"org.bukkit.entity.Entity"},{"name":"cause","type":"org.bukkit.event.player.PlayerTeleportEvent.TeleportCause"}],"return":"boolean"},{"name":"teleportAsync","parameters":[{"name":"loc","type":"org.bukkit.Location"}],"return":"java.util.concurrent.CompletableFuture"},{"name":"teleportAsync","parameters":[{"name":"loc","type":"org.bukkit.Location"},{"name":"cause","type":"org.bukkit.event.player.PlayerTeleportEvent.TeleportCause"}],"return":"java.util.concurrent.CompletableFuture"},{"name":"teleportAsync","parameters":[{"name":"loc","type":"org.bukkit.Location"},{"name":"cause","type":"org.bukkit.event.player.PlayerTeleportEvent.TeleportCause"},{"name":"teleportFlags","type":"io.papermc.paper.entity.TeleportFlag []"}],"return":"java.util.concurrent.CompletableFuture"},{"name":"getNearbyEntities","parameters":[{"name":"x","type":"double"},{"name":"y","type":"double"},{"name":"z","type":"double"}],"return":"java.util.List"},{"name":"getEntityId","return":"int"},{"name":"getFireTicks","return":"int"},{"name":"getMaxFireTicks","return":"int"},{"name":"setFireTicks","parameters":[{"name":"ticks","type":"int"}]},{"name":"setVisualFire","parameters":[{"name":"fire","type":"boolean"}]},{"name":"isVisualFire","return":"boolean"},{"name":"getFreezeTicks","return":"int"},{"name":"getMaxFreezeTicks","return":"int"},{"name":"setFreezeTicks","parameters":[{"name":"ticks","type":"int"}]},{"name":"isFrozen","return":"boolean"},{"name":"setNoPhysics","parameters":[{"name":"noPhysics","type":"boolean"}]},{"name":"hasNoPhysics","return":"boolean"},{"name":"isFreezeTickingLocked","return":"boolean"},{"name":"lockFreezeTicks","parameters":[{"name":"locked","type":"boolean"}]},{"name":"remove"},{"name":"isDead","return":"boolean"},{"name":"isValid","return":"boolean"},{"name":"getServer","return":"org.bukkit.Server"},{"name":"isPersistent","return":"boolean"},{"name":"setPersistent","parameters":[{"name":"persistent","type":"boolean"}]},{"name":"getPassenger","return":"org.bukkit.entity.Entity"},{"name":"setPassenger","parameters":[{"name":"passenger","type":"org.bukkit.entity.Entity"}],"return":"boolean"},{"name":"getPassengers","return":"java.util.List"},{"name":"addPassenger","parameters":[{"name":"passenger","type":"org.bukkit.entity.Entity"}],"return":"boolean"},{"name":"removePassenger","parameters":[{"name":"passenger","type":"org.bukkit.entity.Entity"}],"return":"boolean"},{"name":"isEmpty","return":"boolean"},{"name":"eject","return":"boolean"},{"name":"getFallDistance","return":"float"},{"name":"setFallDistance","parameters":[{"name":"distance","type":"float"}]},{"name":"setLastDamageCause","parameters":[{"name":"event","type":"org.bukkit.event.entity.EntityDamageEvent"}]},{"name":"getLastDamageCause","return":"org.bukkit.event.entity.EntityDamageEvent"},{"name":"getUniqueId","return":"java.util.UUID"},{"name":"getTicksLived","return":"int"},{"name":"setTicksLived","parameters":[{"name":"value","type":"int"}]},{"name":"playEffect","parameters":[{"name":"type","type":"org.bukkit.EntityEffect"}]},{"name":"getType","return":"org.bukkit.entity.EntityType"},{"name":"getSwimSound","return":"org.bukkit.Sound"},{"name":"getSwimSplashSound","return":"org.bukkit.Sound"},{"name":"getSwimHighSpeedSplashSound","return":"org.bukkit.Sound"},{"name":"isInsideVehicle","return":"boolean"},{"name":"leaveVehicle","return":"boolean"},{"name":"getVehicle","return":"org.bukkit.entity.Entity"},{"name":"setCustomNameVisible","parameters":[{"name":"flag","type":"boolean"}]},{"name":"isCustomNameVisible","return":"boolean"},{"name":"setVisibleByDefault","parameters":[{"name":"visible","type":"boolean"}]},{"name":"isVisibleByDefault","return":"boolean"},{"name":"getTrackedBy","return":"java.util.Set"},{"name":"setGlowing","parameters":[{"name":"flag","type":"boolean"}]},{"name":"isGlowing","return":"boolean"},{"name":"setInvulnerable","parameters":[{"name":"flag","type":"boolean"}]},{"name":"isInvulnerable","return":"boolean"},{"name":"isSilent","return":"boolean"},{"name":"setSilent","parameters":[{"name":"flag","type":"boolean"}]},{"name":"hasGravity","return":"boolean"},{"name":"setGravity","parameters":[{"name":"gravity","type":"boolean"}]},{"name":"getPortalCooldown","return":"int"},{"name":"setPortalCooldown","parameters":[{"name":"cooldown","type":"int"}]},{"name":"getScoreboardTags","return":"java.util.Set"},{"name":"addScoreboardTag","parameters":[{"name":"tag","type":"java.lang.String"}],"return":"boolean"},{"name":"removeScoreboardTag","parameters":[{"name":"tag","type":"java.lang.String"}],"return":"boolean"},{"name":"getPistonMoveReaction","return":"org.bukkit.block.PistonMoveReaction"},{"name":"getFacing","return":"org.bukkit.block.BlockFace"},{"name":"getPose","return":"org.bukkit.entity.Pose"},{"name":"isSneaking","return":"boolean"},{"name":"setSneaking","parameters":[{"name":"sneak","type":"boolean"}]},{"name":"setPose","parameters":[{"name":"pose","type":"org.bukkit.entity.Pose"}]},{"name":"setPose","parameters":[{"name":"pose","type":"org.bukkit.entity.Pose"},{"name":"fixed","type":"boolean"}]},{"name":"hasFixedPose","return":"boolean"},{"name":"getSpawnCategory","return":"org.bukkit.entity.SpawnCategory"},{"name":"isInWorld","return":"boolean"},{"name":"getAsString","return":"java.lang.String"},{"name":"createSnapshot","return":"org.bukkit.entity.EntitySnapshot"},{"name":"copy","return":"org.bukkit.entity.Entity"},{"name":"copy","parameters":[{"name":"to","type":"org.bukkit.Location"}],"return":"org.bukkit.entity.Entity"},{"name":"spigot","return":"org.bukkit.entity.Entity.Spigot"},{"name":"teamDisplayName","return":"net.kyori.adventure.text.Component"},{"name":"asHoverEvent","parameters":[{"name":"op","type":"java.util.function.UnaryOperator"}],"return":"net.kyori.adventure.text.event.HoverEvent"},{"name":"getOrigin","return":"org.bukkit.Location"},{"name":"fromMobSpawner","return":"boolean"},{"name":"getChunk","return":"org.bukkit.Chunk"},{"name":"getEntitySpawnReason","return":"org.bukkit.event.entity.CreatureSpawnEvent.SpawnReason"},{"name":"isUnderWater","return":"boolean"},{"name":"isInRain","return":"boolean"},{"name":"isInBubbleColumn","return":"boolean"},{"name":"isInWaterOrRain","return":"boolean"},{"name":"isInWaterOrBubbleColumn","return":"boolean"},{"name":"isInWaterOrRainOrBubbleColumn","return":"boolean"},{"name":"isInLava","return":"boolean"},{"name":"isTicking","return":"boolean"},{"name":"getTrackedPlayers","return":"java.util.Set"},{"name":"spawnAt","parameters":[{"name":"location","type":"org.bukkit.Location"}],"return":"boolean"},{"name":"spawnAt","parameters":[{"name":"location","type":"org.bukkit.Location"},{"name":"reason","type":"org.bukkit.event.entity.CreatureSpawnEvent.SpawnReason"}],"return":"boolean"},{"name":"isInPowderedSnow","return":"boolean"},{"name":"getX","return":"double"},{"name":"getY","return":"double"},{"name":"getZ","return":"double"},{"name":"getPitch","return":"float"},{"name":"getYaw","return":"float"},{"name":"collidesAt","parameters":[{"name":"location","type":"org.bukkit.Location"}],"return":"boolean"},{"name":"wouldCollideUsing","parameters":[{"name":"boundingBox","type":"org.bukkit.util.BoundingBox"}],"return":"boolean"},{"name":"getScheduler","return":"io.papermc.paper.threadedregions.scheduler.EntityScheduler"},{"name":"getScoreboardEntryName","return":"java.lang.String"},{"name":"damage","parameters":[{"name":"amount","type":"double"}]},{"name":"damage","parameters":[{"name":"amount","type":"double"},{"name":"source","type":"org.bukkit.entity.Entity"}]},{"name":"damage","parameters":[{"name":"amount","type":"double"},{"name":"damageSource","type":"org.bukkit.damage.DamageSource"}]},{"name":"getHealth","return":"double"},{"name":"setHealth","parameters":[{"name":"health","type":"double"}]},{"name":"heal","parameters":[{"name":"amount","type":"double"}]},{"name":"heal","parameters":[{"name":"amount","type":"double"},{"name":"reason","type":"org.bukkit.event.entity.EntityRegainHealthEvent.RegainReason"}]},{"name":"getAbsorptionAmount","return":"double"},{"name":"setAbsorptionAmount","parameters":[{"name":"amount","type":"double"}]},{"name":"getMaxHealth","return":"double"},{"name":"setMaxHealth","parameters":[{"name":"health","type":"double"}]},{"name":"resetMaxHealth"},{"name":"isFromBucket","return":"boolean"},{"name":"setFromBucket","parameters":[{"name":"fromBucket","type":"boolean"}]},{"name":"getBaseBucketItem","return":"org.bukkit.inventory.ItemStack"},{"name":"getPickupSound","return":"org.bukkit.Sound"},{"name":"getEyeHeight","return":"double"},{"name":"getEyeHeight","parameters":[{"name":"ignorePose","type":"boolean"}],"return":"double"},{"name":"getEyeLocation","return":"org.bukkit.Location"},{"name":"getLineOfSight","parameters":[{"name":"transparent","type":"java.util.Set"},{"name":"maxDistance","type":"int"}],"return":"java.util.List"},{"name":"getTargetBlock","parameters":[{"name":"transparent","type":"java.util.Set"},{"name":"maxDistance","type":"int"}],"return":"org.bukkit.block.Block"},{"name":"getTargetBlock","parameters":[{"name":"maxDistance","type":"int"}],"return":"org.bukkit.block.Block"},{"name":"getTargetBlock","parameters":[{"name":"maxDistance","type":"int"},{"name":"fluidMode","type":"com.destroystokyo.paper.block.TargetBlockInfo.FluidMode"}],"return":"org.bukkit.block.Block"},{"name":"getTargetBlockFace","parameters":[{"name":"maxDistance","type":"int"}],"return":"org.bukkit.block.BlockFace"},{"name":"getTargetBlockFace","parameters":[{"name":"maxDistance","type":"int"},{"name":"fluidMode","type":"com.destroystokyo.paper.block.TargetBlockInfo.FluidMode"}],"return":"org.bukkit.block.BlockFace"},{"name":"getTargetBlockFace","parameters":[{"name":"maxDistance","type":"int"},{"name":"fluidMode","type":"org.bukkit.FluidCollisionMode"}],"return":"org.bukkit.block.BlockFace"},{"name":"getTargetBlockInfo","parameters":[{"name":"maxDistance","type":"int"}],"return":"com.destroystokyo.paper.block.TargetBlockInfo"},{"name":"getTargetBlockInfo","parameters":[{"name":"maxDistance","type":"int"},{"name":"fluidMode","type":"com.destroystokyo.paper.block.TargetBlockInfo.FluidMode"}],"return":"com.destroystokyo.paper.block.TargetBlockInfo"},{"name":"getTargetEntity","parameters":[{"name":"maxDistance","type":"int"}],"return":"org.bukkit.entity.Entity"},{"name":"getTargetEntity","parameters":[{"name":"maxDistance","type":"int"},{"name":"ignoreBlocks","type":"boolean"}],"return":"org.bukkit.entity.Entity"},{"name":"getTargetEntityInfo","parameters":[{"name":"maxDistance","type":"int"}],"return":"com.destroystokyo.paper.entity.TargetEntityInfo"},{"name":"rayTraceEntities","parameters":[{"name":"maxDistance","type":"int"}],"return":"org.bukkit.util.RayTraceResult"},{"name":"getTargetEntityInfo","parameters":[{"name":"maxDistance","type":"int"},{"name":"ignoreBlocks","type":"boolean"}],"return":"com.destroystokyo.paper.entity.TargetEntityInfo"},{"name":"rayTraceEntities","parameters":[{"name":"maxDistance","type":"int"},{"name":"ignoreBlocks","type":"boolean"}],"return":"org.bukkit.util.RayTraceResult"},{"name":"getLastTwoTargetBlocks","parameters":[{"name":"transparent","type":"java.util.Set"},{"name":"maxDistance","type":"int"}],"return":"java.util.List"},{"name":"getTargetBlockExact","parameters":[{"name":"maxDistance","type":"int"}],"return":"org.bukkit.block.Block"},{"name":"getTargetBlockExact","parameters":[{"name":"maxDistance","type":"int"},{"name":"fluidCollisionMode","type":"org.bukkit.FluidCollisionMode"}],"return":"org.bukkit.block.Block"},{"name":"rayTraceBlocks","parameters":[{"name":"maxDistance","type":"double"}],"return":"org.bukkit.util.RayTraceResult"},{"name":"rayTraceBlocks","parameters":[{"name":"maxDistance","type":"double"},{"name":"fluidCollisionMode","type":"org.bukkit.FluidCollisionMode"}],"return":"org.bukkit.util.RayTraceResult"},{"name":"getRemainingAir","return":"int"},{"name":"setRemainingAir","parameters":[{"name":"ticks","type":"int"}]},{"name":"getMaximumAir","return":"int"},{"name":"setMaximumAir","parameters":[{"name":"ticks","type":"int"}]},{"name":"getItemInUse","return":"org.bukkit.inventory.ItemStack"},{"name":"getItemInUseTicks","return":"int"},{"name":"setItemInUseTicks","parameters":[{"name":"ticks","type":"int"}]},{"name":"getArrowCooldown","return":"int"},{"name":"setArrowCooldown","parameters":[{"name":"ticks","type":"int"}]},{"name":"getArrowsInBody","return":"int"},{"name":"setArrowsInBody","parameters":[{"name":"count","type":"int"}]},{"name":"setArrowsInBody","parameters":[{"name":"count","type":"int"},{"name":"fireEvent","type":"boolean"}]},{"name":"setNextArrowRemoval","parameters":[{"name":"ticks","type":"to=2147483647L) int"}]},{"name":"getNextArrowRemoval","return":"int"},{"name":"getBeeStingerCooldown","return":"int"},{"name":"setBeeStingerCooldown","parameters":[{"name":"ticks","type":"int"}]},{"name":"getBeeStingersInBody","return":"int"},{"name":"setBeeStingersInBody","parameters":[{"name":"count","type":"int"}]},{"name":"setNextBeeStingerRemoval","parameters":[{"name":"ticks","type":"to=2147483647L) int"}]},{"name":"getNextBeeStingerRemoval","return":"int"},{"name":"getMaximumNoDamageTicks","return":"int"},{"name":"setMaximumNoDamageTicks","parameters":[{"name":"ticks","type":"int"}]},{"name":"getLastDamage","return":"double"},{"name":"setLastDamage","parameters":[{"name":"damage","type":"double"}]},{"name":"getNoDamageTicks","return":"int"},{"name":"setNoDamageTicks","parameters":[{"name":"ticks","type":"int"}]},{"name":"getNoActionTicks","return":"int"},{"name":"setNoActionTicks","parameters":[{"name":"ticks","type":"int"}]},{"name":"getKiller","return":"org.bukkit.entity.Player"},{"name":"setKiller","parameters":[{"name":"killer","type":"org.bukkit.entity.Player"}]},{"name":"addPotionEffect","parameters":[{"name":"effect","type":"org.bukkit.potion.PotionEffect"}],"return":"boolean"},{"name":"addPotionEffect","parameters":[{"name":"effect","type":"org.bukkit.potion.PotionEffect"},{"name":"force","type":"boolean"}],"return":"boolean"},{"name":"addPotionEffects","parameters":[{"name":"effects","type":"java.util.Collection"}],"return":"boolean"},{"name":"hasPotionEffect","parameters":[{"name":"type","type":"org.bukkit.potion.PotionEffectType"}],"return":"boolean"},{"name":"getPotionEffect","parameters":[{"name":"type","type":"org.bukkit.potion.PotionEffectType"}],"return":"org.bukkit.potion.PotionEffect"},{"name":"removePotionEffect","parameters":[{"name":"type","type":"org.bukkit.potion.PotionEffectType"}]},{"name":"getActivePotionEffects","return":"java.util.Collection"},{"name":"clearActivePotionEffects","return":"boolean"},{"name":"hasLineOfSight","parameters":[{"name":"other","type":"org.bukkit.entity.Entity"}],"return":"boolean"},{"name":"hasLineOfSight","parameters":[{"name":"location","type":"org.bukkit.Location"}],"return":"boolean"},{"name":"getRemoveWhenFarAway","return":"boolean"},{"name":"setRemoveWhenFarAway","parameters":[{"name":"remove","type":"boolean"}]},{"name":"setCanPickupItems","parameters":[{"name":"pickup","type":"boolean"}]},{"name":"getCanPickupItems","return":"boolean"},{"name":"isLeashed","return":"boolean"},{"name":"getLeashHolder","return":"org.bukkit.entity.Entity"},{"name":"setLeashHolder","parameters":[{"name":"holder","type":"org.bukkit.entity.Entity"}],"return":"boolean"},{"name":"isGliding","return":"boolean"},{"name":"setGliding","parameters":[{"name":"gliding","type":"boolean"}]},{"name":"isSwimming","return":"boolean"},{"name":"setSwimming","parameters":[{"name":"swimming","type":"boolean"}]},{"name":"isRiptiding","return":"boolean"},{"name":"isSleeping","return":"boolean"},{"name":"isClimbing","return":"boolean"},{"name":"setAI","parameters":[{"name":"ai","type":"boolean"}]},{"name":"hasAI","return":"boolean"},{"name":"attack","parameters":[{"name":"target","type":"org.bukkit.entity.Entity"}]},{"name":"swingMainHand"},{"name":"swingOffHand"},{"name":"playHurtAnimation","parameters":[{"name":"yaw","type":"float"}]},{"name":"setCollidable","parameters":[{"name":"collidable","type":"boolean"}]},{"name":"isCollidable","return":"boolean"},{"name":"getCollidableExemptions","return":"java.util.Set"},{"name":"getMemory","parameters":[{"name":"memoryKey","type":"org.bukkit.entity.memory.MemoryKey"}],"return":"java.lang.Object"},{"name":"setMemory","parameters":[{"name":"memoryKey","type":"org.bukkit.entity.memory.MemoryKey"},{"name":"memoryValue","type":"java.lang.Object"}]},{"name":"getHurtSound","return":"org.bukkit.Sound"},{"name":"getDeathSound","return":"org.bukkit.Sound"},{"name":"getFallDamageSound","parameters":[{"name":"fallHeight","type":"int"}],"return":"org.bukkit.Sound"},{"name":"getFallDamageSoundSmall","return":"org.bukkit.Sound"},{"name":"getFallDamageSoundBig","return":"org.bukkit.Sound"},{"name":"getDrinkingSound","parameters":[{"name":"itemStack","type":"org.bukkit.inventory.ItemStack"}],"return":"org.bukkit.Sound"},{"name":"getEatingSound","parameters":[{"name":"itemStack","type":"org.bukkit.inventory.ItemStack"}],"return":"org.bukkit.Sound"},{"name":"canBreatheUnderwater","return":"boolean"},{"name":"getCategory","return":"org.bukkit.entity.EntityCategory"},{"name":"setInvisible","parameters":[{"name":"invisible","type":"boolean"}]},{"name":"isInvisible","return":"boolean"},{"name":"getArrowsStuck","return":"int"},{"name":"setArrowsStuck","parameters":[{"name":"arrows","type":"int"}]},{"name":"getShieldBlockingDelay","return":"int"},{"name":"setShieldBlockingDelay","parameters":[{"name":"delay","type":"int"}]},{"name":"getSidewaysMovement","return":"float"},{"name":"getUpwardsMovement","return":"float"},{"name":"getForwardsMovement","return":"float"},{"name":"startUsingItem","parameters":[{"name":"hand","type":"org.bukkit.inventory.EquipmentSlot"}]},{"name":"completeUsingActiveItem"},{"name":"getActiveItem","return":"org.bukkit.inventory.ItemStack"},{"name":"clearActiveItem"},{"name":"getActiveItemRemainingTime","return":"int"},{"name":"setActiveItemRemainingTime","parameters":[{"name":"ticks","type":"to=2147483647L) int"}]},{"name":"hasActiveItem","return":"boolean"},{"name":"getActiveItemUsedTime","return":"int"},{"name":"getActiveItemHand","return":"org.bukkit.inventory.EquipmentSlot"},{"name":"getItemUseRemainingTime","return":"int"},{"name":"getHandRaisedTime","return":"int"},{"name":"isHandRaised","return":"boolean"},{"name":"getHandRaised","return":"org.bukkit.inventory.EquipmentSlot"},{"name":"isJumping","return":"boolean"},{"name":"setJumping","parameters":[{"name":"jumping","type":"boolean"}]},{"name":"playPickupItemAnimation","parameters":[{"name":"item","type":"org.bukkit.entity.Item"}]},{"name":"playPickupItemAnimation","parameters":[{"name":"item","type":"org.bukkit.entity.Item"},{"name":"quantity","type":"int"}]},{"name":"getHurtDirection","return":"float"},{"name":"setHurtDirection","parameters":[{"name":"hurtDirection","type":"float"}]},{"name":"swingHand","parameters":[{"name":"hand","type":"org.bukkit.inventory.EquipmentSlot"}]},{"name":"knockback","parameters":[{"name":"strength","type":"double"},{"name":"directionX","type":"double"},{"name":"directionZ","type":"double"}]},{"name":"broadcastSlotBreak","parameters":[{"name":"slot","type":"org.bukkit.inventory.EquipmentSlot"}]},{"name":"broadcastSlotBreak","parameters":[{"name":"slot","type":"org.bukkit.inventory.EquipmentSlot"},{"name":"players","type":"java.util.Collection"}]},{"name":"damageItemStack","parameters":[{"name":"stack","type":"org.bukkit.inventory.ItemStack"},{"name":"amount","type":"int"}],"return":"org.bukkit.inventory.ItemStack"},{"name":"damageItemStack","parameters":[{"name":"slot","type":"org.bukkit.inventory.EquipmentSlot"},{"name":"amount","type":"int"}]},{"name":"getBodyYaw","return":"float"},{"name":"setBodyYaw","parameters":[{"name":"bodyYaw","type":"float"}]},{"name":"getEquipment","return":"org.bukkit.inventory.EntityEquipment"},{"name":"getPathfinder","return":"com.destroystokyo.paper.entity.Pathfinder"},{"name":"isInDaylight","return":"boolean"},{"name":"lookAt","parameters":[{"name":"location","type":"org.bukkit.Location"}]},{"name":"lookAt","parameters":[{"name":"location","type":"org.bukkit.Location"},{"name":"headRotationSpeed","type":"float"},{"name":"maxHeadPitch","type":"float"}]},{"name":"lookAt","parameters":[{"name":"entity","type":"org.bukkit.entity.Entity"}]},{"name":"lookAt","parameters":[{"name":"entity","type":"org.bukkit.entity.Entity"},{"name":"headRotationSpeed","type":"float"},{"name":"maxHeadPitch","type":"float"}]},{"name":"lookAt","parameters":[{"name":"x","type":"double"},{"name":"y","type":"double"},{"name":"z","type":"double"}]},{"name":"lookAt","parameters":[{"name":"x","type":"double"},{"name":"y","type":"double"},{"name":"z","type":"double"},{"name":"headRotationSpeed","type":"float"},{"name":"maxHeadPitch","type":"float"}]},{"name":"getHeadRotationSpeed","return":"int"},{"name":"getMaxHeadPitch","return":"int"},{"name":"setTarget","parameters":[{"name":"target","type":"org.bukkit.entity.LivingEntity"}]},{"name":"getTarget","return":"org.bukkit.entity.LivingEntity"},{"name":"setAware","parameters":[{"name":"aware","type":"boolean"}]},{"name":"isAware","return":"boolean"},{"name":"getAmbientSound","return":"org.bukkit.Sound"},{"name":"setLootTable","parameters":[{"name":"table","type":"org.bukkit.loot.LootTable"},{"name":"seed","type":"long"}]},{"name":"isAggressive","return":"boolean"},{"name":"setAggressive","parameters":[{"name":"aggressive","type":"boolean"}]},{"name":"isLeftHanded","return":"boolean"},{"name":"setLeftHanded","parameters":[{"name":"leftHanded","type":"boolean"}]},{"name":"getPossibleExperienceReward","return":"int"},{"name":"startFollowing","parameters":[{"name":"leader","type":"io.papermc.paper.entity.SchoolableFish"}]},{"name":"stopFollowing"},{"name":"getSchoolSize","return":"int"},{"name":"getMaxSchoolSize","return":"int"},{"name":"getSchoolLeader","return":"io.papermc.paper.entity.SchoolableFish"}],"name":"io.papermc.paper.entity.SchoolableFish","simple-name":"SchoolableFish"}