{"constructors":[{"name":"<init>","parameters":[{"name":"entity","type":"org.bukkit.entity.Entity"},{"name":"dyeColor","type":"org.bukkit.DyeColor"},{"name":"player","type":"org.bukkit.entity.Player"}]}],"package":"io.papermc.paper.event.entity","methods":[{"name":"getClass","return":"java.lang.Class"},{"name":"hashCode","return":"int"},{"name":"equals","parameters":[{"name":"arg0","type":"java.lang.Object"}],"return":"boolean"},{"name":"toString","return":"java.lang.String"},{"name":"notify"},{"name":"notifyAll"},{"name":"wait"},{"name":"wait","parameters":[{"name":"arg0","type":"long"}]},{"name":"wait","parameters":[{"name":"arg0","type":"long"},{"name":"arg1","type":"int"}]},{"name":"callEvent","return":"boolean"},{"name":"getEventName","return":"java.lang.String"},{"name":"isAsynchronous","return":"boolean"},{"name":"getEntity","return":"org.bukkit.entity.Entity"},{"name":"getEntityType","return":"org.bukkit.entity.EntityType"},{"name":"getColor","return":"org.bukkit.DyeColor"},{"name":"setColor","parameters":[{"name":"dyeColor","type":"org.bukkit.DyeColor"}]},{"name":"getPlayer","return":"org.bukkit.entity.Player"},{"name":"isCancelled","return":"boolean"},{"name":"setCancelled","parameters":[{"name":"cancel","type":"boolean"}]},{"name":"getHandlers","return":"org.bukkit.event.HandlerList"},{"static":true,"name":"getHandlerList","return":"org.bukkit.event.HandlerList"}],"name":"io.papermc.paper.event.entity.EntityDyeEvent","simple-name":"EntityDyeEvent"}