{"package":"io.papermc.paper.event.player","methods":[{"name":"getClass","return":"java.lang.Class"},{"name":"notify"},{"name":"notifyAll"},{"name":"wait"},{"name":"wait","parameters":[{"name":"arg0","type":"long"}]},{"name":"wait","parameters":[{"name":"arg0","type":"long"},{"name":"arg1","type":"int"}]},{"name":"name","return":"java.lang.String"},{"name":"ordinal","return":"int"},{"name":"toString","return":"java.lang.String"},{"name":"equals","parameters":[{"name":"arg0","type":"java.lang.Object"}],"return":"boolean"},{"name":"hashCode","return":"int"},{"name":"compareTo","parameters":[{"name":"arg0","type":"java.lang.Enum"}],"return":"int"},{"name":"getDeclaringClass","return":"java.lang.Class"},{"name":"describeConstable","return":"java.util.Optional"},{"static":true,"name":"valueOf","parameters":[{"name":"arg0","type":"java.lang.Class"},{"name":"arg1","type":"java.lang.String"}],"return":"java.lang.Enum"},{"static":true,"name":"values","return":"io.papermc.paper.event.player.PlayerOpenSignEvent.Cause[]"},{"static":true,"name":"valueOf","parameters":[{"name":"name","type":"java.lang.String"}],"return":"io.papermc.paper.event.player.PlayerOpenSignEvent.Cause"}],"name":"io.papermc.paper.event.player.PlayerOpenSignEvent.Cause","simple-name":"Cause","fields":[{"static":true,"name":"PLACE","type":"io.papermc.paper.event.player.PlayerOpenSignEvent.Cause"},{"static":true,"name":"INTERACT","type":"io.papermc.paper.event.player.PlayerOpenSignEvent.Cause"},{"static":true,"name":"PLUGIN","type":"io.papermc.paper.event.player.PlayerOpenSignEvent.Cause"},{"static":true,"name":"UNKNOWN","type":"io.papermc.paper.event.player.PlayerOpenSignEvent.Cause"}]}