{
  "package": "io.papermc.paper.registry.data.dialog",
  "methods": [
    {
      "name": "getClass",
      "return": "java.lang.Class"
    },
    {
      "name": "hashCode",
      "return": "int"
    },
    {
      "name": "equals",
      "parameters": [{
        "name": "arg0",
        "type": "java.lang.Object"
      }],
      "return": "boolean"
    },
    {
      "name": "toString",
      "return": "java.lang.String"
    },
    {"name": "notify"},
    {"name": "notifyAll"},
    {"name": "wait"},
    {
      "name": "wait",
      "parameters": [{
        "name": "arg0",
        "type": "long"
      }]
    },
    {
      "name": "wait",
      "parameters": [
        {
          "name": "arg0",
          "type": "long"
        },
        {
          "name": "arg1",
          "type": "int"
        }
      ]
    },
    {
      "static": true,
      "name": "create",
      "parameters": [
        {
          "name": "title",
          "type": "net.kyori.adventure.text.Component"
        },
        {
          "name": "externalTitle",
          "type": "net.kyori.adventure.text.Component"
        },
        {
          "name": "canCloseWithEscape",
          "type": "boolean"
        },
        {
          "name": "pause",
          "type": "boolean"
        },
        {
          "name": "afterAction",
          "type": "io.papermc.paper.registry.data.dialog.DialogBase.DialogAfterAction"
        },
        {
          "name": "body",
          "type": "java.util.List"
        },
        {
          "name": "inputs",
          "type": "java.util.List"
        }
      ],
      "return": "io.papermc.paper.registry.data.dialog.DialogBase"
    },
    {
      "static": true,
      "name": "builder",
      "parameters": [{
        "name": "title",
        "type": "net.kyori.adventure.text.Component"
      }],
      "return": "io.papermc.paper.registry.data.dialog.DialogBase.Builder"
    },
    {
      "name": "title",
      "return": "net.kyori.adventure.text.Component"
    },
    {
      "name": "externalTitle",
      "return": "net.kyori.adventure.text.Component"
    },
    {
      "name": "canCloseWithEscape",
      "return": "boolean"
    },
    {
      "name": "pause",
      "return": "boolean"
    },
    {
      "name": "afterAction",
      "return": "io.papermc.paper.registry.data.dialog.DialogBase.DialogAfterAction"
    },
    {
      "name": "body",
      "return": "java.util.List"
    },
    {
      "name": "inputs",
      "return": "java.util.List"
    }
  ],
  "name": "io.papermc.paper.registry.data.dialog.DialogBase",
  "simple-name": "DialogBase"
}