{"constructors":[{"name":"<init>","parameters":[{"name":"entity","type":"org.bukkit.entity.LivingEntity"},{"name":"from","type":"org.bukkit.Location"},{"name":"to","type":"org.bukkit.Location"}]}],"package":"io.papermc.paper.event.entity","methods":[{"name":"getClass","return":"java.lang.Class"},{"name":"hashCode","return":"int"},{"name":"equals","parameters":[{"name":"arg0","type":"java.lang.Object"}],"return":"boolean"},{"name":"toString","return":"java.lang.String"},{"name":"notify"},{"name":"notifyAll"},{"name":"wait"},{"name":"wait","parameters":[{"name":"arg0","type":"long"}]},{"name":"wait","parameters":[{"name":"arg0","type":"long"},{"name":"arg1","type":"int"}]},{"name":"callEvent","return":"boolean"},{"name":"getEventName","return":"java.lang.String"},{"name":"isAsynchronous","return":"boolean"},{"name":"getEntityType","return":"org.bukkit.entity.EntityType"},{"name":"getEntity","return":"org.bukkit.entity.LivingEntity"},{"name":"isCancelled","return":"boolean"},{"name":"setCancelled","parameters":[{"name":"cancel","type":"boolean"}]},{"name":"getFrom","return":"org.bukkit.Location"},{"name":"setFrom","parameters":[{"name":"from","type":"org.bukkit.Location"}]},{"name":"getTo","return":"org.bukkit.Location"},{"name":"setTo","parameters":[{"name":"to","type":"org.bukkit.Location"}]},{"name":"hasChangedPosition","return":"boolean"},{"name":"hasExplicitlyChangedPosition","return":"boolean"},{"name":"hasChangedBlock","return":"boolean"},{"name":"hasExplicitlyChangedBlock","return":"boolean"},{"name":"hasChangedOrientation","return":"boolean"},{"name":"getHandlers","return":"org.bukkit.event.HandlerList"},{"static":true,"name":"getHandlerList","return":"org.bukkit.event.HandlerList"}],"name":"io.papermc.paper.event.entity.EntityMoveEvent","simple-name":"EntityMoveEvent"}