{
  "constructors": [{
    "name": "<init>",
    "parameters": [
      {
        "name": "player",
        "type": "org.bukkit.entity.Player"
      },
      {
        "name": "rawSlot",
        "type": "int"
      },
      {
        "name": "oldItemStack",
        "type": "org.bukkit.inventory.ItemStack"
      },
      {
        "name": "newItemStack",
        "type": "org.bukkit.inventory.ItemStack"
      }
    ]
  }],
  "package": "io.papermc.paper.event.player",
  "methods": [
    {
      "name": "getClass",
      "return": "java.lang.Class"
    },
    {
      "name": "hashCode",
      "return": "int"
    },
    {
      "name": "equals",
      "parameters": [{
        "name": "arg0",
        "type": "java.lang.Object"
      }],
      "return": "boolean"
    },
    {
      "name": "toString",
      "return": "java.lang.String"
    },
    {"name": "notify"},
    {"name": "notifyAll"},
    {"name": "wait"},
    {
      "name": "wait",
      "parameters": [{
        "name": "arg0",
        "type": "long"
      }]
    },
    {
      "name": "wait",
      "parameters": [
        {
          "name": "arg0",
          "type": "long"
        },
        {
          "name": "arg1",
          "type": "int"
        }
      ]
    },
    {
      "name": "callEvent",
      "return": "boolean"
    },
    {
      "name": "getEventName",
      "return": "java.lang.String"
    },
    {
      "name": "isAsynchronous",
      "return": "boolean"
    },
    {
      "name": "getPlayer",
      "return": "org.bukkit.entity.Player"
    },
    {
      "name": "getRawSlot",
      "return": "int"
    },
    {
      "name": "getSlot",
      "return": "int"
    },
    {
      "name": "getOldItemStack",
      "return": "org.bukkit.inventory.ItemStack"
    },
    {
      "name": "getNewItemStack",
      "return": "org.bukkit.inventory.ItemStack"
    },
    {
      "name": "shouldTriggerAdvancements",
      "return": "boolean"
    },
    {
      "name": "setShouldTriggerAdvancements",
      "parameters": [{
        "name": "triggerAdvancements",
        "type": "boolean"
      }]
    },
    {
      "name": "getHandlers",
      "return": "org.bukkit.event.HandlerList"
    },
    {
      "static": true,
      "name": "getHandlerList",
      "return": "org.bukkit.event.HandlerList"
    }
  ],
  "name": "io.papermc.paper.event.player.PlayerInventorySlotChangeEvent",
  "simple-name": "PlayerInventorySlotChangeEvent"
}