{
  "package": "io.papermc.paper.plugin.lifecycle.event.types",
  "methods": [
    {
      "name": "getClass",
      "return": "java.lang.Class"
    },
    {
      "name": "hashCode",
      "return": "int"
    },
    {
      "name": "equals",
      "parameters": [{
        "name": "arg0",
        "type": "java.lang.Object"
      }],
      "return": "boolean"
    },
    {
      "name": "toString",
      "return": "java.lang.String"
    },
    {"name": "notify"},
    {"name": "notifyAll"},
    {"name": "wait"},
    {
      "name": "wait",
      "parameters": [{
        "name": "arg0",
        "type": "long"
      }]
    },
    {
      "name": "wait",
      "parameters": [
        {
          "name": "arg0",
          "type": "long"
        },
        {
          "name": "arg1",
          "type": "int"
        }
      ]
    },
    {
      "name": "preFlatten",
      "parameters": [{
        "name": "registryKey",
        "type": "io.papermc.paper.registry.RegistryKey"
      }],
      "return": "io.papermc.paper.plugin.lifecycle.event.types.LifecycleEventType.Prioritizable"
    },
    {
      "name": "postFlatten",
      "parameters": [{
        "name": "registryKey",
        "type": "io.papermc.paper.registry.RegistryKey"
      }],
      "return": "io.papermc.paper.plugin.lifecycle.event.types.LifecycleEventType.Prioritizable"
    }
  ],
  "name": "io.papermc.paper.plugin.lifecycle.event.types.TagEventTypeProvider",
  "simple-name": "TagEventTypeProvider"
}