{"constructors":[{"name":"<init>"}],"package":"io.papermc.paper.plugin.loader.library.impl","methods":[{"name":"getClass","return":"java.lang.Class"},{"name":"hashCode","return":"int"},{"name":"equals","parameters":[{"name":"arg0","type":"java.lang.Object"}],"return":"boolean"},{"name":"toString","return":"java.lang.String"},{"name":"notify"},{"name":"notifyAll"},{"name":"wait"},{"name":"wait","parameters":[{"name":"arg0","type":"long"}]},{"name":"wait","parameters":[{"name":"arg0","type":"long"},{"name":"arg1","type":"int"}]},{"name":"addDependency","parameters":[{"name":"dependency","type":"org.eclipse.aether.graph.Dependency"}]},{"name":"addRepository","parameters":[{"name":"remoteRepository","type":"org.eclipse.aether.repository.RemoteRepository"}]},{"name":"register","parameters":[{"name":"store","type":"io.papermc.paper.plugin.loader.library.LibraryStore"}]}],"name":"io.papermc.paper.plugin.loader.library.impl.MavenLibraryResolver","simple-name":"MavenLibraryResolver"}