{"constructors":[{"name":"<init>"}],"package":"io.papermc.paper.tag","methods":[{"name":"getClass","return":"java.lang.Class"},{"name":"hashCode","return":"int"},{"name":"equals","parameters":[{"name":"arg0","type":"java.lang.Object"}],"return":"boolean"},{"name":"toString","return":"java.lang.String"},{"name":"notify"},{"name":"notifyAll"},{"name":"wait"},{"name":"wait","parameters":[{"name":"arg0","type":"long"}]},{"name":"wait","parameters":[{"name":"arg0","type":"long"},{"name":"arg1","type":"int"}]}],"name":"io.papermc.paper.tag.EntityTags","simple-name":"EntityTags","fields":[{"static":true,"name":"UNDEADS","type":"io.papermc.paper.tag.EntitySetTag"},{"static":true,"name":"HORSES","type":"io.papermc.paper.tag.EntitySetTag"},{"static":true,"name":"MINECARTS","type":"io.papermc.paper.tag.EntitySetTag"},{"static":true,"name":"SPLITTING_MOBS","type":"io.papermc.paper.tag.EntitySetTag"},{"static":true,"name":"WATER_BASED","type":"io.papermc.paper.tag.EntitySetTag"}]}