{"package":"io.papermc.paper.command.brigadier.argument.resolvers.selector","methods":[{"name":"getClass","return":"java.lang.Class"},{"name":"hashCode","return":"int"},{"name":"equals","parameters":[{"name":"arg0","type":"java.lang.Object"}],"return":"boolean"},{"name":"toString","return":"java.lang.String"},{"name":"notify"},{"name":"notifyAll"},{"name":"wait"},{"name":"wait","parameters":[{"name":"arg0","type":"long"}]},{"name":"wait","parameters":[{"name":"arg0","type":"long"},{"name":"arg1","type":"int"}]},{"name":"resolve","parameters":[{"name":"sourceStack","type":"io.papermc.paper.command.brigadier.CommandSourceStack"}],"return":"java.lang.Object"}],"name":"io.papermc.paper.command.brigadier.argument.resolvers.selector.SelectorArgumentResolver","simple-name":"SelectorArgumentResolver"}