{
  "package": "io.papermc.paper.command.brigadier.argument",
  "methods": [
    {
      "name": "getClass",
      "return": "java.lang.Class"
    },
    {
      "name": "hashCode",
      "return": "int"
    },
    {
      "name": "equals",
      "parameters": [{
        "name": "arg0",
        "type": "java.lang.Object"
      }],
      "return": "boolean"
    },
    {
      "name": "toString",
      "return": "java.lang.String"
    },
    {"name": "notify"},
    {"name": "notifyAll"},
    {"name": "wait"},
    {
      "name": "wait",
      "parameters": [{
        "name": "arg0",
        "type": "long"
      }]
    },
    {
      "name": "wait",
      "parameters": [
        {
          "name": "arg0",
          "type": "long"
        },
        {
          "name": "arg1",
          "type": "int"
        }
      ]
    },
    {
      "static": true,
      "name": "entity",
      "return": "com.mojang.brigadier.arguments.ArgumentType"
    },
    {
      "static": true,
      "name": "entities",
      "return": "com.mojang.brigadier.arguments.ArgumentType"
    },
    {
      "static": true,
      "name": "player",
      "return": "com.mojang.brigadier.arguments.ArgumentType"
    },
    {
      "static": true,
      "name": "players",
      "return": "com.mojang.brigadier.arguments.ArgumentType"
    },
    {
      "static": true,
      "name": "playerProfiles",
      "return": "com.mojang.brigadier.arguments.ArgumentType"
    },
    {
      "static": true,
      "name": "blockPosition",
      "return": "com.mojang.brigadier.arguments.ArgumentType"
    },
    {
      "static": true,
      "name": "finePosition",
      "return": "com.mojang.brigadier.arguments.ArgumentType"
    },
    {
      "static": true,
      "name": "finePosition",
      "parameters": [{
        "name": "centerIntegers",
        "type": "boolean"
      }],
      "return": "com.mojang.brigadier.arguments.ArgumentType"
    },
    {
      "static": true,
      "name": "blockState",
      "return": "com.mojang.brigadier.arguments.ArgumentType"
    },
    {
      "static": true,
      "name": "itemStack",
      "return": "com.mojang.brigadier.arguments.ArgumentType"
    },
    {
      "static": true,
      "name": "itemPredicate",
      "return": "com.mojang.brigadier.arguments.ArgumentType"
    },
    {
      "static": true,
      "name": "namedColor",
      "return": "com.mojang.brigadier.arguments.ArgumentType"
    },
    {
      "static": true,
      "name": "component",
      "return": "com.mojang.brigadier.arguments.ArgumentType"
    },
    {
      "static": true,
      "name": "style",
      "return": "com.mojang.brigadier.arguments.ArgumentType"
    },
    {
      "static": true,
      "name": "signedMessage",
      "return": "com.mojang.brigadier.arguments.ArgumentType"
    },
    {
      "static": true,
      "name": "scoreboardDisplaySlot",
      "return": "com.mojang.brigadier.arguments.ArgumentType"
    },
    {
      "static": true,
      "name": "namespacedKey",
      "return": "com.mojang.brigadier.arguments.ArgumentType"
    },
    {
      "static": true,
      "name": "key",
      "return": "com.mojang.brigadier.arguments.ArgumentType"
    },
    {
      "static": true,
      "name": "integerRange",
      "return": "com.mojang.brigadier.arguments.ArgumentType"
    },
    {
      "static": true,
      "name": "doubleRange",
      "return": "com.mojang.brigadier.arguments.ArgumentType"
    },
    {
      "static": true,
      "name": "world",
      "return": "com.mojang.brigadier.arguments.ArgumentType"
    },
    {
      "static": true,
      "name": "gameMode",
      "return": "com.mojang.brigadier.arguments.ArgumentType"
    },
    {
      "static": true,
      "name": "heightMap",
      "return": "com.mojang.brigadier.arguments.ArgumentType"
    },
    {
      "static": true,
      "name": "uuid",
      "return": "com.mojang.brigadier.arguments.ArgumentType"
    },
    {
      "static": true,
      "name": "objectiveCriteria",
      "return": "com.mojang.brigadier.arguments.ArgumentType"
    },
    {
      "static": true,
      "name": "entityAnchor",
      "return": "com.mojang.brigadier.arguments.ArgumentType"
    },
    {
      "static": true,
      "name": "time",
      "return": "com.mojang.brigadier.arguments.ArgumentType"
    },
    {
      "static": true,
      "name": "time",
      "parameters": [{
        "name": "mintime",
        "type": "int"
      }],
      "return": "com.mojang.brigadier.arguments.ArgumentType"
    },
    {
      "static": true,
      "name": "templateMirror",
      "return": "com.mojang.brigadier.arguments.ArgumentType"
    },
    {
      "static": true,
      "name": "templateRotation",
      "return": "com.mojang.brigadier.arguments.ArgumentType"
    },
    {
      "static": true,
      "name": "resource",
      "parameters": [{
        "name": "registryKey",
        "type": "io.papermc.paper.registry.RegistryKey"
      }],
      "return": "com.mojang.brigadier.arguments.ArgumentType"
    },
    {
      "static": true,
      "name": "resourceKey",
      "parameters": [{
        "name": "registryKey",
        "type": "io.papermc.paper.registry.RegistryKey"
      }],
      "return": "com.mojang.brigadier.arguments.ArgumentType"
    }
  ],
  "name": "io.papermc.paper.command.brigadier.argument.ArgumentTypes",
  "simple-name": "ArgumentTypes"
}