{
  "constructors": [{
    "name": "<init>",
    "parameters": [
      {
        "name": "connection",
        "type": "io.papermc.paper.connection.PlayerConnection"
      },
      {
        "name": "kickMessage",
        "type": "net.kyori.adventure.text.Component"
      }
    ]
  }],
  "package": "io.papermc.paper.event.connection",
  "methods": [
    {
      "name": "getClass",
      "return": "java.lang.Class"
    },
    {
      "name": "hashCode",
      "return": "int"
    },
    {
      "name": "equals",
      "parameters": [{
        "name": "arg0",
        "type": "java.lang.Object"
      }],
      "return": "boolean"
    },
    {
      "name": "toString",
      "return": "java.lang.String"
    },
    {"name": "notify"},
    {"name": "notifyAll"},
    {"name": "wait"},
    {
      "name": "wait",
      "parameters": [{
        "name": "arg0",
        "type": "long"
      }]
    },
    {
      "name": "wait",
      "parameters": [
        {
          "name": "arg0",
          "type": "long"
        },
        {
          "name": "arg1",
          "type": "int"
        }
      ]
    },
    {
      "name": "callEvent",
      "return": "boolean"
    },
    {
      "name": "getEventName",
      "return": "java.lang.String"
    },
    {
      "name": "isAsynchronous",
      "return": "boolean"
    },
    {
      "name": "getConnection",
      "return": "io.papermc.paper.connection.PlayerConnection"
    },
    {"name": "allow"},
    {
      "name": "kickMessage",
      "parameters": [{
        "name": "message",
        "type": "net.kyori.adventure.text.Component"
      }]
    },
    {
      "name": "getKickMessage",
      "return": "net.kyori.adventure.text.Component"
    },
    {
      "name": "isAllowed",
      "return": "boolean"
    },
    {
      "name": "getHandlers",
      "return": "org.bukkit.event.HandlerList"
    },
    {
      "static": true,
      "name": "getHandlerList",
      "return": "org.bukkit.event.HandlerList"
    }
  ],
  "name": "io.papermc.paper.event.connection.PlayerConnectionValidateLoginEvent",
  "simple-name": "PlayerConnectionValidateLoginEvent"
}