{
  "package": "io.papermc.paper.datapack",
  "methods": [
    {
      "name": "getClass",
      "return": "java.lang.Class"
    },
    {
      "name": "hashCode",
      "return": "int"
    },
    {
      "name": "equals",
      "parameters": [{
        "name": "arg0",
        "type": "java.lang.Object"
      }],
      "return": "boolean"
    },
    {
      "name": "toString",
      "return": "java.lang.String"
    },
    {"name": "notify"},
    {"name": "notifyAll"},
    {"name": "wait"},
    {
      "name": "wait",
      "parameters": [{
        "name": "arg0",
        "type": "long"
      }]
    },
    {
      "name": "wait",
      "parameters": [
        {
          "name": "arg0",
          "type": "long"
        },
        {
          "name": "arg1",
          "type": "int"
        }
      ]
    },
    {
      "name": "getName",
      "return": "java.lang.String"
    },
    {
      "name": "getTitle",
      "return": "net.kyori.adventure.text.Component"
    },
    {
      "name": "getDescription",
      "return": "net.kyori.adventure.text.Component"
    },
    {
      "name": "isRequired",
      "return": "boolean"
    },
    {
      "name": "getCompatibility",
      "return": "io.papermc.paper.datapack.Datapack.Compatibility"
    },
    {
      "name": "getRequiredFeatures",
      "return": "java.util.Set"
    },
    {
      "name": "isEnabled",
      "return": "boolean"
    },
    {
      "name": "setEnabled",
      "parameters": [{
        "name": "enabled",
        "type": "boolean"
      }]
    },
    {
      "name": "getSource",
      "return": "io.papermc.paper.datapack.DatapackSource"
    },
    {
      "name": "computeDisplayName",
      "return": "net.kyori.adventure.text.Component"
    }
  ],
  "name": "io.papermc.paper.datapack.Datapack",
  "simple-name": "Datapack"
}