{"package":"io.papermc.paper.plugin","methods":[{"name":"getClass","return":"java.lang.Class"},{"name":"hashCode","return":"int"},{"name":"equals","parameters":[{"name":"arg0","type":"java.lang.Object"}],"return":"boolean"},{"name":"toString","return":"java.lang.String"},{"name":"notify"},{"name":"notifyAll"},{"name":"wait"},{"name":"wait","parameters":[{"name":"arg0","type":"long"}]},{"name":"wait","parameters":[{"name":"arg0","type":"long"},{"name":"arg1","type":"int"}]},{"name":"getPermission","parameters":[{"name":"name","type":"java.lang.String"}],"return":"org.bukkit.permissions.Permission"},{"name":"addPermission","parameters":[{"name":"perm","type":"org.bukkit.permissions.Permission"}]},{"name":"removePermission","parameters":[{"name":"perm","type":"org.bukkit.permissions.Permission"}]},{"name":"removePermission","parameters":[{"name":"name","type":"java.lang.String"}]},{"name":"getDefaultPermissions","parameters":[{"name":"op","type":"boolean"}],"return":"java.util.Set"},{"name":"recalculatePermissionDefaults","parameters":[{"name":"perm","type":"org.bukkit.permissions.Permission"}]},{"name":"subscribeToPermission","parameters":[{"name":"permission","type":"java.lang.String"},{"name":"permissible","type":"org.bukkit.permissions.Permissible"}]},{"name":"unsubscribeFromPermission","parameters":[{"name":"permission","type":"java.lang.String"},{"name":"permissible","type":"org.bukkit.permissions.Permissible"}]},{"name":"getPermissionSubscriptions","parameters":[{"name":"permission","type":"java.lang.String"}],"return":"java.util.Set"},{"name":"subscribeToDefaultPerms","parameters":[{"name":"op","type":"boolean"},{"name":"permissible","type":"org.bukkit.permissions.Permissible"}]},{"name":"unsubscribeFromDefaultPerms","parameters":[{"name":"op","type":"boolean"},{"name":"permissible","type":"org.bukkit.permissions.Permissible"}]},{"name":"getDefaultPermSubscriptions","parameters":[{"name":"op","type":"boolean"}],"return":"java.util.Set"},{"name":"getPermissions","return":"java.util.Set"},{"name":"addPermissions","parameters":[{"name":"perm","type":"java.util.List"}]},{"name":"clearPermissions"}],"name":"io.papermc.paper.plugin.PermissionManager","simple-name":"PermissionManager"}