{"constructors":[{"name":"<init>","parameters":[{"name":"projectile","type":"org.bukkit.entity.Projectile"},{"name":"block","type":"org.bukkit.block.Block"},{"name":"blockFace","type":"org.bukkit.block.BlockFace"},{"name":"signalStrength","type":"int"}]}],"package":"io.papermc.paper.event.block","methods":[{"name":"getClass","return":"java.lang.Class"},{"name":"hashCode","return":"int"},{"name":"equals","parameters":[{"name":"arg0","type":"java.lang.Object"}],"return":"boolean"},{"name":"toString","return":"java.lang.String"},{"name":"notify"},{"name":"notifyAll"},{"name":"wait"},{"name":"wait","parameters":[{"name":"arg0","type":"long"}]},{"name":"wait","parameters":[{"name":"arg0","type":"long"},{"name":"arg1","type":"int"}]},{"name":"callEvent","return":"boolean"},{"name":"getEventName","return":"java.lang.String"},{"name":"isAsynchronous","return":"boolean"},{"name":"getEntityType","return":"org.bukkit.entity.EntityType"},{"name":"getEntity","return":"org.bukkit.entity.Projectile"},{"name":"getHitBlock","return":"org.bukkit.block.Block"},{"name":"getHitBlockFace","return":"org.bukkit.block.BlockFace"},{"name":"getHitEntity","return":"org.bukkit.entity.Entity"},{"name":"isCancelled","return":"boolean"},{"name":"setCancelled","parameters":[{"name":"cancel","type":"boolean"}]},{"static":true,"name":"getHandlerList","return":"org.bukkit.event.HandlerList"},{"name":"getSignalStrength","return":"to=15L) int"},{"name":"setSignalStrength","parameters":[{"name":"signalStrength","type":"to=15L) int"}]},{"name":"getHandlers","return":"org.bukkit.event.HandlerList"},{"static":true,"name":"getHandlerList","return":"org.bukkit.event.HandlerList"}],"name":"io.papermc.paper.event.block.TargetHitEvent","simple-name":"TargetHitEvent"}