{"package":"io.papermc.paper.plugin.lifecycle.event.handler.configuration","methods":[{"name":"getClass","return":"java.lang.Class"},{"name":"hashCode","return":"int"},{"name":"equals","parameters":[{"name":"arg0","type":"java.lang.Object"}],"return":"boolean"},{"name":"toString","return":"java.lang.String"},{"name":"notify"},{"name":"notifyAll"},{"name":"wait"},{"name":"wait","parameters":[{"name":"arg0","type":"long"}]},{"name":"wait","parameters":[{"name":"arg0","type":"long"},{"name":"arg1","type":"int"}]},{"name":"priority","parameters":[{"name":"priority","type":"int"}],"return":"io.papermc.paper.plugin.lifecycle.event.handler.configuration.PrioritizedLifecycleEventHandlerConfiguration"},{"name":"monitor","return":"io.papermc.paper.plugin.lifecycle.event.handler.configuration.PrioritizedLifecycleEventHandlerConfiguration"}],"name":"io.papermc.paper.plugin.lifecycle.event.handler.configuration.PrioritizedLifecycleEventHandlerConfiguration","simple-name":"PrioritizedLifecycleEventHandlerConfiguration"}