{"package":"io.papermc.paper.generated","methods":[{"name":"getClass","return":"java.lang.Class"},{"name":"notify"},{"name":"notifyAll"},{"name":"wait"},{"name":"wait","parameters":[{"name":"arg0","type":"long"}]},{"name":"wait","parameters":[{"name":"arg0","type":"long"},{"name":"arg1","type":"int"}]},{"name":"equals","parameters":[{"name":"arg0","type":"java.lang.Object"}],"return":"boolean"},{"name":"hashCode","return":"int"},{"name":"toString","return":"java.lang.String"},{"name":"annotationType","return":"java.lang.Class"},{"name":"value","return":"java.lang.String"}],"name":"io.papermc.paper.generated.GeneratedFrom","simple-name":"GeneratedFrom"}