{"package":"io.papermc.paper.registry.data","methods":[{"name":"getClass","return":"java.lang.Class"},{"name":"hashCode","return":"int"},{"name":"equals","parameters":[{"name":"arg0","type":"java.lang.Object"}],"return":"boolean"},{"name":"toString","return":"java.lang.String"},{"name":"notify"},{"name":"notifyAll"},{"name":"wait"},{"name":"wait","parameters":[{"name":"arg0","type":"long"}]},{"name":"wait","parameters":[{"name":"arg0","type":"long"},{"name":"arg1","type":"int"}]},{"name":"baseCost","return":"int"},{"name":"additionalPerLevelCost","return":"int"},{"static":true,"name":"of","parameters":[{"name":"baseCost","type":"int"},{"name":"additionalPerLevelCost","type":"int"}],"return":"io.papermc.paper.registry.data.EnchantmentRegistryEntry.EnchantmentCost"}],"name":"io.papermc.paper.registry.data.EnchantmentRegistryEntry.EnchantmentCost","simple-name":"EnchantmentCost"}