{
  "package": "io.papermc.paper.datacomponent.item",
  "methods": [
    {
      "name": "getClass",
      "return": "java.lang.Class"
    },
    {
      "name": "hashCode",
      "return": "int"
    },
    {
      "name": "equals",
      "parameters": [{
        "name": "arg0",
        "type": "java.lang.Object"
      }],
      "return": "boolean"
    },
    {
      "name": "toString",
      "return": "java.lang.String"
    },
    {"name": "notify"},
    {"name": "notifyAll"},
    {"name": "wait"},
    {
      "name": "wait",
      "parameters": [{
        "name": "arg0",
        "type": "long"
      }]
    },
    {
      "name": "wait",
      "parameters": [
        {
          "name": "arg0",
          "type": "long"
        },
        {
          "name": "arg1",
          "type": "int"
        }
      ]
    },
    {
      "name": "toBuilder",
      "return": "io.papermc.paper.datacomponent.DataComponentBuilder"
    },
    {
      "static": true,
      "name": "equippable",
      "parameters": [{
        "name": "slot",
        "type": "org.bukkit.inventory.EquipmentSlot"
      }],
      "return": "io.papermc.paper.datacomponent.item.Equippable.Builder"
    },
    {
      "name": "slot",
      "return": "org.bukkit.inventory.EquipmentSlot"
    },
    {
      "name": "equipSound",
      "return": "net.kyori.adventure.key.Key"
    },
    {
      "name": "assetId",
      "return": "net.kyori.adventure.key.Key"
    },
    {
      "name": "cameraOverlay",
      "return": "net.kyori.adventure.key.Key"
    },
    {
      "name": "allowedEntities",
      "return": "io.papermc.paper.registry.set.RegistryKeySet"
    },
    {
      "name": "dispensable",
      "return": "boolean"
    },
    {
      "name": "swappable",
      "return": "boolean"
    },
    {
      "name": "damageOnHurt",
      "return": "boolean"
    }
  ],
  "name": "io.papermc.paper.datacomponent.item.Equippable",
  "simple-name": "Equippable"
}