{"package":"io.papermc.paper.plugin.lifecycle.event","methods":[{"name":"getClass","return":"java.lang.Class"},{"name":"hashCode","return":"int"},{"name":"equals","parameters":[{"name":"arg0","type":"java.lang.Object"}],"return":"boolean"},{"name":"toString","return":"java.lang.String"},{"name":"notify"},{"name":"notifyAll"},{"name":"wait"},{"name":"wait","parameters":[{"name":"arg0","type":"long"}]},{"name":"wait","parameters":[{"name":"arg0","type":"long"},{"name":"arg1","type":"int"}]},{"name":"getPluginMeta","return":"io.papermc.paper.plugin.configuration.PluginMeta"}],"name":"io.papermc.paper.plugin.lifecycle.event.LifecycleEventOwner","simple-name":"LifecycleEventOwner"}