{
  "package": "io.papermc.paper.event.player",
  "methods": [
    {
      "name": "getClass",
      "return": "java.lang.Class"
    },
    {
      "name": "hashCode",
      "return": "int"
    },
    {
      "name": "equals",
      "parameters": [{
        "name": "arg0",
        "type": "java.lang.Object"
      }],
      "return": "boolean"
    },
    {
      "name": "toString",
      "return": "java.lang.String"
    },
    {"name": "notify"},
    {"name": "notifyAll"},
    {"name": "wait"},
    {
      "name": "wait",
      "parameters": [{
        "name": "arg0",
        "type": "long"
      }]
    },
    {
      "name": "wait",
      "parameters": [
        {
          "name": "arg0",
          "type": "long"
        },
        {
          "name": "arg1",
          "type": "int"
        }
      ]
    },
    {
      "name": "callEvent",
      "return": "boolean"
    },
    {
      "name": "getEventName",
      "return": "java.lang.String"
    },
    {
      "name": "getHandlers",
      "return": "org.bukkit.event.HandlerList"
    },
    {
      "name": "isAsynchronous",
      "return": "boolean"
    },
    {
      "name": "getPlayer",
      "return": "org.bukkit.entity.Player"
    },
    {
      "name": "getRespawnLocation",
      "return": "org.bukkit.Location"
    },
    {
      "name": "isBedSpawn",
      "return": "boolean"
    },
    {
      "name": "isAnchorSpawn",
      "return": "boolean"
    },
    {
      "name": "isMissingRespawnBlock",
      "return": "boolean"
    },
    {
      "name": "getRespawnReason",
      "return": "org.bukkit.event.player.PlayerRespawnEvent.RespawnReason"
    },
    {
      "name": "getRespawnFlags",
      "return": "java.util.Set"
    }
  ],
  "name": "io.papermc.paper.event.player.AbstractRespawnEvent",
  "simple-name": "AbstractRespawnEvent"
}