{
  "package": "io.papermc.paper.registry.data.dialog",
  "methods": [
    {
      "name": "getClass",
      "return": "java.lang.Class"
    },
    {
      "name": "hashCode",
      "return": "int"
    },
    {
      "name": "equals",
      "parameters": [{
        "name": "arg0",
        "type": "java.lang.Object"
      }],
      "return": "boolean"
    },
    {
      "name": "toString",
      "return": "java.lang.String"
    },
    {"name": "notify"},
    {"name": "notifyAll"},
    {"name": "wait"},
    {
      "name": "wait",
      "parameters": [{
        "name": "arg0",
        "type": "long"
      }]
    },
    {
      "name": "wait",
      "parameters": [
        {
          "name": "arg0",
          "type": "long"
        },
        {
          "name": "arg1",
          "type": "int"
        }
      ]
    },
    {
      "name": "tooltip",
      "parameters": [{
        "name": "tooltip",
        "type": "net.kyori.adventure.text.Component"
      }],
      "return": "io.papermc.paper.registry.data.dialog.ActionButton.Builder"
    },
    {
      "name": "width",
      "parameters": [{
        "name": "width",
        "type": "to=1024L) int"
      }],
      "return": "io.papermc.paper.registry.data.dialog.ActionButton.Builder"
    },
    {
      "name": "action",
      "parameters": [{
        "name": "action",
        "type": "io.papermc.paper.registry.data.dialog.action.DialogAction"
      }],
      "return": "io.papermc.paper.registry.data.dialog.ActionButton.Builder"
    },
    {
      "name": "build",
      "return": "io.papermc.paper.registry.data.dialog.ActionButton"
    }
  ],
  "name": "io.papermc.paper.registry.data.dialog.ActionButton.Builder",
  "simple-name": "Builder"
}