{"package":"io.papermc.paper.plugin.loader","methods":[{"name":"getClass","return":"java.lang.Class"},{"name":"hashCode","return":"int"},{"name":"equals","parameters":[{"name":"arg0","type":"java.lang.Object"}],"return":"boolean"},{"name":"toString","return":"java.lang.String"},{"name":"notify"},{"name":"notifyAll"},{"name":"wait"},{"name":"wait","parameters":[{"name":"arg0","type":"long"}]},{"name":"wait","parameters":[{"name":"arg0","type":"long"},{"name":"arg1","type":"int"}]},{"name":"addLibrary","parameters":[{"name":"classPathLibrary","type":"io.papermc.paper.plugin.loader.library.ClassPathLibrary"}],"return":"io.papermc.paper.plugin.loader.PluginClasspathBuilder"},{"name":"getContext","return":"io.papermc.paper.plugin.bootstrap.PluginProviderContext"}],"name":"io.papermc.paper.plugin.loader.PluginClasspathBuilder","simple-name":"PluginClasspathBuilder"}