{
  "package": "io.papermc.paper.registry.data.dialog.body",
  "methods": [
    {
      "name": "getClass",
      "return": "java.lang.Class"
    },
    {
      "name": "hashCode",
      "return": "int"
    },
    {
      "name": "equals",
      "parameters": [{
        "name": "arg0",
        "type": "java.lang.Object"
      }],
      "return": "boolean"
    },
    {
      "name": "toString",
      "return": "java.lang.String"
    },
    {"name": "notify"},
    {"name": "notifyAll"},
    {"name": "wait"},
    {
      "name": "wait",
      "parameters": [{
        "name": "arg0",
        "type": "long"
      }]
    },
    {
      "name": "wait",
      "parameters": [
        {
          "name": "arg0",
          "type": "long"
        },
        {
          "name": "arg1",
          "type": "int"
        }
      ]
    },
    {
      "name": "contents",
      "return": "net.kyori.adventure.text.Component"
    },
    {
      "name": "width",
      "return": "to=1024L) int"
    }
  ],
  "name": "io.papermc.paper.registry.data.dialog.body.PlainMessageDialogBody",
  "simple-name": "PlainMessageDialogBody"
}