{"package":"io.papermc.paper.registry.keys","methods":[{"name":"getClass","return":"java.lang.Class"},{"name":"hashCode","return":"int"},{"name":"equals","parameters":[{"name":"arg0","type":"java.lang.Object"}],"return":"boolean"},{"name":"toString","return":"java.lang.String"},{"name":"notify"},{"name":"notifyAll"},{"name":"wait"},{"name":"wait","parameters":[{"name":"arg0","type":"long"}]},{"name":"wait","parameters":[{"name":"arg0","type":"long"},{"name":"arg1","type":"int"}]},{"static":true,"name":"create","parameters":[{"name":"key","type":"net.kyori.adventure.key.Key"}],"return":"io.papermc.paper.registry.TypedKey"}],"name":"io.papermc.paper.registry.keys.TrimPatternKeys","simple-name":"TrimPatternKeys","fields":[{"static":true,"name":"BOLT","type":"io.papermc.paper.registry.TypedKey"},{"static":true,"name":"COAST","type":"io.papermc.paper.registry.TypedKey"},{"static":true,"name":"DUNE","type":"io.papermc.paper.registry.TypedKey"},{"static":true,"name":"EYE","type":"io.papermc.paper.registry.TypedKey"},{"static":true,"name":"FLOW","type":"io.papermc.paper.registry.TypedKey"},{"static":true,"name":"HOST","type":"io.papermc.paper.registry.TypedKey"},{"static":true,"name":"RAISER","type":"io.papermc.paper.registry.TypedKey"},{"static":true,"name":"RIB","type":"io.papermc.paper.registry.TypedKey"},{"static":true,"name":"SENTRY","type":"io.papermc.paper.registry.TypedKey"},{"static":true,"name":"SHAPER","type":"io.papermc.paper.registry.TypedKey"},{"static":true,"name":"SILENCE","type":"io.papermc.paper.registry.TypedKey"},{"static":true,"name":"SNOUT","type":"io.papermc.paper.registry.TypedKey"},{"static":true,"name":"SPIRE","type":"io.papermc.paper.registry.TypedKey"},{"static":true,"name":"TIDE","type":"io.papermc.paper.registry.TypedKey"},{"static":true,"name":"VEX","type":"io.papermc.paper.registry.TypedKey"},{"static":true,"name":"WARD","type":"io.papermc.paper.registry.TypedKey"},{"static":true,"name":"WAYFINDER","type":"io.papermc.paper.registry.TypedKey"},{"static":true,"name":"WILD","type":"io.papermc.paper.registry.TypedKey"}]}