{
  "package": "io.papermc.paper.registry.data.dialog",
  "methods": [
    {
      "name": "getClass",
      "return": "java.lang.Class"
    },
    {
      "name": "hashCode",
      "return": "int"
    },
    {
      "name": "equals",
      "parameters": [{
        "name": "arg0",
        "type": "java.lang.Object"
      }],
      "return": "boolean"
    },
    {
      "name": "toString",
      "return": "java.lang.String"
    },
    {"name": "notify"},
    {"name": "notifyAll"},
    {"name": "wait"},
    {
      "name": "wait",
      "parameters": [{
        "name": "arg0",
        "type": "long"
      }]
    },
    {
      "name": "wait",
      "parameters": [
        {
          "name": "arg0",
          "type": "long"
        },
        {
          "name": "arg1",
          "type": "int"
        }
      ]
    },
    {
      "static": true,
      "name": "instance",
      "return": "io.papermc.paper.registry.data.dialog.DialogInstancesProvider"
    },
    {
      "name": "dialogBaseBuilder",
      "parameters": [{
        "name": "title",
        "type": "net.kyori.adventure.text.Component"
      }],
      "return": "io.papermc.paper.registry.data.dialog.DialogBase.Builder"
    },
    {
      "name": "actionButtonBuilder",
      "parameters": [{
        "name": "label",
        "type": "net.kyori.adventure.text.Component"
      }],
      "return": "io.papermc.paper.registry.data.dialog.ActionButton.Builder"
    },
    {
      "name": "register",
      "parameters": [
        {
          "name": "callback",
          "type": "io.papermc.paper.registry.data.dialog.action.DialogActionCallback"
        },
        {
          "name": "options",
          "type": "net.kyori.adventure.text.event.ClickCallback.Options"
        }
      ],
      "return": "io.papermc.paper.registry.data.dialog.action.DialogAction.CustomClickAction"
    },
    {
      "name": "staticAction",
      "parameters": [{
        "name": "value",
        "type": "net.kyori.adventure.text.event.ClickEvent"
      }],
      "return": "io.papermc.paper.registry.data.dialog.action.DialogAction.StaticAction"
    },
    {
      "name": "commandTemplate",
      "parameters": [{
        "name": "template",
        "type": "java.lang.String"
      }],
      "return": "io.papermc.paper.registry.data.dialog.action.DialogAction.CommandTemplateAction"
    },
    {
      "name": "customClick",
      "parameters": [
        {
          "name": "id",
          "type": "net.kyori.adventure.key.Key"
        },
        {
          "name": "additions",
          "type": "net.kyori.adventure.nbt.api.BinaryTagHolder"
        }
      ],
      "return": "io.papermc.paper.registry.data.dialog.action.DialogAction.CustomClickAction"
    },
    {
      "name": "itemDialogBodyBuilder",
      "parameters": [{
        "name": "itemStack",
        "type": "org.bukkit.inventory.ItemStack"
      }],
      "return": "io.papermc.paper.registry.data.dialog.body.ItemDialogBody.Builder"
    },
    {
      "name": "plainMessageDialogBody",
      "parameters": [{
        "name": "component",
        "type": "net.kyori.adventure.text.Component"
      }],
      "return": "io.papermc.paper.registry.data.dialog.body.PlainMessageDialogBody"
    },
    {
      "name": "plainMessageDialogBody",
      "parameters": [
        {
          "name": "component",
          "type": "net.kyori.adventure.text.Component"
        },
        {
          "name": "width",
          "type": "int"
        }
      ],
      "return": "io.papermc.paper.registry.data.dialog.body.PlainMessageDialogBody"
    },
    {
      "name": "booleanBuilder",
      "parameters": [
        {
          "name": "key",
          "type": "java.lang.String"
        },
        {
          "name": "label",
          "type": "net.kyori.adventure.text.Component"
        }
      ],
      "return": "io.papermc.paper.registry.data.dialog.input.BooleanDialogInput.Builder"
    },
    {
      "name": "numberRangeBuilder",
      "parameters": [
        {
          "name": "key",
          "type": "java.lang.String"
        },
        {
          "name": "label",
          "type": "net.kyori.adventure.text.Component"
        },
        {
          "name": "start",
          "type": "float"
        },
        {
          "name": "end",
          "type": "float"
        }
      ],
      "return": "io.papermc.paper.registry.data.dialog.input.NumberRangeDialogInput.Builder"
    },
    {
      "name": "singleOptionBuilder",
      "parameters": [
        {
          "name": "key",
          "type": "java.lang.String"
        },
        {
          "name": "label",
          "type": "net.kyori.adventure.text.Component"
        },
        {
          "name": "entries",
          "type": "java.util.List"
        }
      ],
      "return": "io.papermc.paper.registry.data.dialog.input.SingleOptionDialogInput.Builder"
    },
    {
      "name": "singleOptionEntry",
      "parameters": [
        {
          "name": "id",
          "type": "java.lang.String"
        },
        {
          "name": "display",
          "type": "net.kyori.adventure.text.Component"
        },
        {
          "name": "initial",
          "type": "boolean"
        }
      ],
      "return": "io.papermc.paper.registry.data.dialog.input.SingleOptionDialogInput.OptionEntry"
    },
    {
      "name": "textBuilder",
      "parameters": [
        {
          "name": "key",
          "type": "java.lang.String"
        },
        {
          "name": "label",
          "type": "net.kyori.adventure.text.Component"
        }
      ],
      "return": "io.papermc.paper.registry.data.dialog.input.TextDialogInput.Builder"
    },
    {
      "name": "multilineOptions",
      "parameters": [
        {
          "name": "maxLines",
          "type": "java.lang.Integer"
        },
        {
          "name": "height",
          "type": "java.lang.Integer"
        }
      ],
      "return": "io.papermc.paper.registry.data.dialog.input.TextDialogInput.MultilineOptions"
    },
    {
      "name": "confirmation",
      "parameters": [
        {
          "name": "yesButton",
          "type": "io.papermc.paper.registry.data.dialog.ActionButton"
        },
        {
          "name": "noButton",
          "type": "io.papermc.paper.registry.data.dialog.ActionButton"
        }
      ],
      "return": "io.papermc.paper.registry.data.dialog.type.ConfirmationType"
    },
    {
      "name": "dialogList",
      "parameters": [{
        "name": "dialogs",
        "type": "io.papermc.paper.registry.set.RegistrySet"
      }],
      "return": "io.papermc.paper.registry.data.dialog.type.DialogListType.Builder"
    },
    {
      "name": "multiAction",
      "parameters": [{
        "name": "actions",
        "type": "java.util.List"
      }],
      "return": "io.papermc.paper.registry.data.dialog.type.MultiActionType.Builder"
    },
    {
      "name": "notice",
      "return": "io.papermc.paper.registry.data.dialog.type.NoticeType"
    },
    {
      "name": "notice",
      "parameters": [{
        "name": "action",
        "type": "io.papermc.paper.registry.data.dialog.ActionButton"
      }],
      "return": "io.papermc.paper.registry.data.dialog.type.NoticeType"
    },
    {
      "name": "serverLinks",
      "parameters": [
        {
          "name": "exitAction",
          "type": "io.papermc.paper.registry.data.dialog.ActionButton"
        },
        {
          "name": "columns",
          "type": "int"
        },
        {
          "name": "buttonWidth",
          "type": "int"
        }
      ],
      "return": "io.papermc.paper.registry.data.dialog.type.ServerLinksType"
    }
  ],
  "name": "io.papermc.paper.registry.data.dialog.DialogInstancesProvider",
  "simple-name": "DialogInstancesProvider"
}