{
  "package": "io.papermc.paper.registry.data",
  "methods": [
    {
      "name": "getClass",
      "return": "java.lang.Class"
    },
    {
      "name": "hashCode",
      "return": "int"
    },
    {
      "name": "equals",
      "parameters": [{
        "name": "arg0",
        "type": "java.lang.Object"
      }],
      "return": "boolean"
    },
    {
      "name": "toString",
      "return": "java.lang.String"
    },
    {"name": "notify"},
    {"name": "notifyAll"},
    {"name": "wait"},
    {
      "name": "wait",
      "parameters": [{
        "name": "arg0",
        "type": "long"
      }]
    },
    {
      "name": "wait",
      "parameters": [
        {
          "name": "arg0",
          "type": "long"
        },
        {
          "name": "arg1",
          "type": "int"
        }
      ]
    },
    {
      "name": "description",
      "return": "net.kyori.adventure.text.Component"
    },
    {
      "name": "supportedItems",
      "return": "io.papermc.paper.registry.set.RegistryKeySet"
    },
    {
      "name": "primaryItems",
      "return": "io.papermc.paper.registry.set.RegistryKeySet"
    },
    {
      "name": "weight",
      "return": "to=1024L) int"
    },
    {
      "name": "maxLevel",
      "return": "to=255L) int"
    },
    {
      "name": "minimumCost",
      "return": "io.papermc.paper.registry.data.EnchantmentRegistryEntry.EnchantmentCost"
    },
    {
      "name": "maximumCost",
      "return": "io.papermc.paper.registry.data.EnchantmentRegistryEntry.EnchantmentCost"
    },
    {
      "name": "anvilCost",
      "return": "to=2147483647L) int"
    },
    {
      "name": "activeSlots",
      "return": "java.util.List"
    },
    {
      "name": "exclusiveWith",
      "return": "io.papermc.paper.registry.set.RegistryKeySet"
    }
  ],
  "name": "io.papermc.paper.registry.data.EnchantmentRegistryEntry",
  "simple-name": "EnchantmentRegistryEntry"
}