{"package":"io.papermc.paper.world","methods":[{"name":"getClass","return":"java.lang.Class"},{"name":"notify"},{"name":"notifyAll"},{"name":"wait"},{"name":"wait","parameters":[{"name":"arg0","type":"long"}]},{"name":"wait","parameters":[{"name":"arg0","type":"long"},{"name":"arg1","type":"int"}]},{"name":"name","return":"java.lang.String"},{"name":"ordinal","return":"int"},{"name":"toString","return":"java.lang.String"},{"name":"equals","parameters":[{"name":"arg0","type":"java.lang.Object"}],"return":"boolean"},{"name":"hashCode","return":"int"},{"name":"compareTo","parameters":[{"name":"arg0","type":"java.lang.Enum"}],"return":"int"},{"name":"getDeclaringClass","return":"java.lang.Class"},{"name":"describeConstable","return":"java.util.Optional"},{"static":true,"name":"valueOf","parameters":[{"name":"arg0","type":"java.lang.Class"},{"name":"arg1","type":"java.lang.String"}],"return":"java.lang.Enum"},{"static":true,"name":"values","return":"io.papermc.paper.world.MoonPhase[]"},{"static":true,"name":"valueOf","parameters":[{"name":"name","type":"java.lang.String"}],"return":"io.papermc.paper.world.MoonPhase"},{"static":true,"name":"getPhase","parameters":[{"name":"day","type":"long"}],"return":"io.papermc.paper.world.MoonPhase"}],"name":"io.papermc.paper.world.MoonPhase","simple-name":"MoonPhase","fields":[{"static":true,"name":"FULL_MOON","type":"io.papermc.paper.world.MoonPhase"},{"static":true,"name":"WANING_GIBBOUS","type":"io.papermc.paper.world.MoonPhase"},{"static":true,"name":"LAST_QUARTER","type":"io.papermc.paper.world.MoonPhase"},{"static":true,"name":"WANING_CRESCENT","type":"io.papermc.paper.world.MoonPhase"},{"static":true,"name":"NEW_MOON","type":"io.papermc.paper.world.MoonPhase"},{"static":true,"name":"WAXING_CRESCENT","type":"io.papermc.paper.world.MoonPhase"},{"static":true,"name":"FIRST_QUARTER","type":"io.papermc.paper.world.MoonPhase"},{"static":true,"name":"WAXING_GIBBOUS","type":"io.papermc.paper.world.MoonPhase"}]}