{"package":"io.papermc.paper.registry.tag","methods":[{"name":"getClass","return":"java.lang.Class"},{"name":"hashCode","return":"int"},{"name":"equals","parameters":[{"name":"arg0","type":"java.lang.Object"}],"return":"boolean"},{"name":"toString","return":"java.lang.String"},{"name":"notify"},{"name":"notifyAll"},{"name":"wait"},{"name":"wait","parameters":[{"name":"arg0","type":"long"}]},{"name":"wait","parameters":[{"name":"arg0","type":"long"},{"name":"arg1","type":"int"}]},{"name":"forEach","parameters":[{"name":"arg0","type":"java.util.function.Consumer"}]},{"name":"spliterator","return":"java.util.Spliterator"},{"name":"registryKey","return":"io.papermc.paper.registry.RegistryKey"},{"name":"isEmpty","return":"boolean"},{"name":"size","return":"int"},{"name":"values","return":"java.util.Collection"},{"name":"resolve","parameters":[{"name":"registry","type":"org.bukkit.Registry"}],"return":"java.util.Collection"},{"name":"contains","parameters":[{"name":"valueKey","type":"io.papermc.paper.registry.TypedKey"}],"return":"boolean"},{"name":"iterator","return":"java.util.Iterator"},{"name":"tagKey","return":"io.papermc.paper.registry.tag.TagKey"}],"name":"io.papermc.paper.registry.tag.Tag","simple-name":"Tag"}