{"constructors":[{"name":"<init>","parameters":[{"name":"player","type":"org.bukkit.entity.Player"},{"name":"primary","type":"org.bukkit.potion.PotionEffectType"},{"name":"secondary","type":"org.bukkit.potion.PotionEffectType"},{"name":"beacon","type":"org.bukkit.block.Block"}]}],"package":"io.papermc.paper.event.player","methods":[{"name":"getClass","return":"java.lang.Class"},{"name":"hashCode","return":"int"},{"name":"equals","parameters":[{"name":"arg0","type":"java.lang.Object"}],"return":"boolean"},{"name":"toString","return":"java.lang.String"},{"name":"notify"},{"name":"notifyAll"},{"name":"wait"},{"name":"wait","parameters":[{"name":"arg0","type":"long"}]},{"name":"wait","parameters":[{"name":"arg0","type":"long"},{"name":"arg1","type":"int"}]},{"name":"callEvent","return":"boolean"},{"name":"getEventName","return":"java.lang.String"},{"name":"isAsynchronous","return":"boolean"},{"name":"getPlayer","return":"org.bukkit.entity.Player"},{"name":"getPrimary","return":"org.bukkit.potion.PotionEffectType"},{"name":"setPrimary","parameters":[{"name":"primary","type":"org.bukkit.potion.PotionEffectType"}]},{"name":"getSecondary","return":"org.bukkit.potion.PotionEffectType"},{"name":"setSecondary","parameters":[{"name":"secondary","type":"org.bukkit.potion.PotionEffectType"}]},{"name":"getBeacon","return":"org.bukkit.block.Block"},{"name":"willConsumeItem","return":"boolean"},{"name":"setConsumeItem","parameters":[{"name":"consumeItem","type":"boolean"}]},{"name":"isCancelled","return":"boolean"},{"name":"setCancelled","parameters":[{"name":"cancel","type":"boolean"}]},{"name":"getHandlers","return":"org.bukkit.event.HandlerList"},{"static":true,"name":"getHandlerList","return":"org.bukkit.event.HandlerList"}],"name":"io.papermc.paper.event.player.PlayerChangeBeaconEffectEvent","simple-name":"PlayerChangeBeaconEffectEvent"}