{"constructors":[{"name":"<init>","parameters":[{"name":"player","type":"org.bukkit.entity.Player"},{"name":"stonecutterInventory","type":"org.bukkit.inventory.StonecutterInventory"},{"name":"stonecuttingRecipe","type":"org.bukkit.inventory.StonecuttingRecipe"}]}],"package":"io.papermc.paper.event.player","methods":[{"name":"getClass","return":"java.lang.Class"},{"name":"hashCode","return":"int"},{"name":"equals","parameters":[{"name":"arg0","type":"java.lang.Object"}],"return":"boolean"},{"name":"toString","return":"java.lang.String"},{"name":"notify"},{"name":"notifyAll"},{"name":"wait"},{"name":"wait","parameters":[{"name":"arg0","type":"long"}]},{"name":"wait","parameters":[{"name":"arg0","type":"long"},{"name":"arg1","type":"int"}]},{"name":"callEvent","return":"boolean"},{"name":"getEventName","return":"java.lang.String"},{"name":"isAsynchronous","return":"boolean"},{"name":"getPlayer","return":"org.bukkit.entity.Player"},{"name":"getStonecutterInventory","return":"org.bukkit.inventory.StonecutterInventory"},{"name":"getStonecuttingRecipe","return":"org.bukkit.inventory.StonecuttingRecipe"},{"name":"setStonecuttingRecipe","parameters":[{"name":"stonecuttingRecipe","type":"org.bukkit.inventory.StonecuttingRecipe"}]},{"name":"isCancelled","return":"boolean"},{"name":"setCancelled","parameters":[{"name":"cancel","type":"boolean"}]},{"name":"getHandlers","return":"org.bukkit.event.HandlerList"},{"static":true,"name":"getHandlerList","return":"org.bukkit.event.HandlerList"}],"name":"io.papermc.paper.event.player.PlayerStonecutterRecipeSelectEvent","simple-name":"PlayerStonecutterRecipeSelectEvent"}