{
  "package": "io.papermc.paper.registry.keys.tags",
  "methods": [
    {
      "name": "getClass",
      "return": "java.lang.Class"
    },
    {
      "name": "hashCode",
      "return": "int"
    },
    {
      "name": "equals",
      "parameters": [{
        "name": "arg0",
        "type": "java.lang.Object"
      }],
      "return": "boolean"
    },
    {
      "name": "toString",
      "return": "java.lang.String"
    },
    {"name": "notify"},
    {"name": "notifyAll"},
    {"name": "wait"},
    {
      "name": "wait",
      "parameters": [{
        "name": "arg0",
        "type": "long"
      }]
    },
    {
      "name": "wait",
      "parameters": [
        {
          "name": "arg0",
          "type": "long"
        },
        {
          "name": "arg1",
          "type": "int"
        }
      ]
    },
    {
      "static": true,
      "name": "create",
      "parameters": [{
        "name": "key",
        "type": "net.kyori.adventure.key.Key"
      }],
      "return": "io.papermc.paper.registry.tag.TagKey"
    }
  ],
  "name": "io.papermc.paper.registry.keys.tags.StructureTagKeys",
  "simple-name": "StructureTagKeys",
  "fields": [
    {
      "static": true,
      "name": "CATS_SPAWN_AS_BLACK",
      "type": "io.papermc.paper.registry.tag.TagKey"
    },
    {
      "static": true,
      "name": "CATS_SPAWN_IN",
      "type": "io.papermc.paper.registry.tag.TagKey"
    },
    {
      "static": true,
      "name": "DOLPHIN_LOCATED",
      "type": "io.papermc.paper.registry.tag.TagKey"
    },
    {
      "static": true,
      "name": "EYE_OF_ENDER_LOCATED",
      "type": "io.papermc.paper.registry.tag.TagKey"
    },
    {
      "static": true,
      "name": "MINESHAFT",
      "type": "io.papermc.paper.registry.tag.TagKey"
    },
    {
      "static": true,
      "name": "OCEAN_RUIN",
      "type": "io.papermc.paper.registry.tag.TagKey"
    },
    {
      "static": true,
      "name": "ON_DESERT_VILLAGE_MAPS",
      "type": "io.papermc.paper.registry.tag.TagKey"
    },
    {
      "static": true,
      "name": "ON_JUNGLE_EXPLORER_MAPS",
      "type": "io.papermc.paper.registry.tag.TagKey"
    },
    {
      "static": true,
      "name": "ON_OCEAN_EXPLORER_MAPS",
      "type": "io.papermc.paper.registry.tag.TagKey"
    },
    {
      "static": true,
      "name": "ON_PLAINS_VILLAGE_MAPS",
      "type": "io.papermc.paper.registry.tag.TagKey"
    },
    {
      "static": true,
      "name": "ON_SAVANNA_VILLAGE_MAPS",
      "type": "io.papermc.paper.registry.tag.TagKey"
    },
    {
      "static": true,
      "name": "ON_SNOWY_VILLAGE_MAPS",
      "type": "io.papermc.paper.registry.tag.TagKey"
    },
    {
      "static": true,
      "name": "ON_SWAMP_EXPLORER_MAPS",
      "type": "io.papermc.paper.registry.tag.TagKey"
    },
    {
      "static": true,
      "name": "ON_TAIGA_VILLAGE_MAPS",
      "type": "io.papermc.paper.registry.tag.TagKey"
    },
    {
      "static": true,
      "name": "ON_TREASURE_MAPS",
      "type": "io.papermc.paper.registry.tag.TagKey"
    },
    {
      "static": true,
      "name": "ON_TRIAL_CHAMBERS_MAPS",
      "type": "io.papermc.paper.registry.tag.TagKey"
    },
    {
      "static": true,
      "name": "ON_WOODLAND_EXPLORER_MAPS",
      "type": "io.papermc.paper.registry.tag.TagKey"
    },
    {
      "static": true,
      "name": "RUINED_PORTAL",
      "type": "io.papermc.paper.registry.tag.TagKey"
    },
    {
      "static": true,
      "name": "SHIPWRECK",
      "type": "io.papermc.paper.registry.tag.TagKey"
    },
    {
      "static": true,
      "name": "VILLAGE",
      "type": "io.papermc.paper.registry.tag.TagKey"
    }
  ]
}