{
  "package": "io.papermc.paper.datacomponent.item.blocksattacks",
  "methods": [
    {
      "name": "getClass",
      "return": "java.lang.Class"
    },
    {
      "name": "hashCode",
      "return": "int"
    },
    {
      "name": "equals",
      "parameters": [{
        "name": "arg0",
        "type": "java.lang.Object"
      }],
      "return": "boolean"
    },
    {
      "name": "toString",
      "return": "java.lang.String"
    },
    {"name": "notify"},
    {"name": "notifyAll"},
    {"name": "wait"},
    {
      "name": "wait",
      "parameters": [{
        "name": "arg0",
        "type": "long"
      }]
    },
    {
      "name": "wait",
      "parameters": [
        {
          "name": "arg0",
          "type": "long"
        },
        {
          "name": "arg1",
          "type": "int"
        }
      ]
    },
    {
      "name": "build",
      "return": "java.lang.Object"
    },
    {
      "name": "threshold",
      "parameters": [{
        "name": "threshold",
        "type": "float"
      }],
      "return": "io.papermc.paper.datacomponent.item.blocksattacks.ItemDamageFunction.Builder"
    },
    {
      "name": "base",
      "parameters": [{
        "name": "base",
        "type": "float"
      }],
      "return": "io.papermc.paper.datacomponent.item.blocksattacks.ItemDamageFunction.Builder"
    },
    {
      "name": "factor",
      "parameters": [{
        "name": "factor",
        "type": "float"
      }],
      "return": "io.papermc.paper.datacomponent.item.blocksattacks.ItemDamageFunction.Builder"
    }
  ],
  "name": "io.papermc.paper.datacomponent.item.blocksattacks.ItemDamageFunction.Builder",
  "simple-name": "Builder"
}