{"package":"io.papermc.paper.enchantments","methods":[{"name":"getClass","return":"java.lang.Class"},{"name":"notify"},{"name":"notifyAll"},{"name":"wait"},{"name":"wait","parameters":[{"name":"arg0","type":"long"}]},{"name":"wait","parameters":[{"name":"arg0","type":"long"},{"name":"arg1","type":"int"}]},{"name":"name","return":"java.lang.String"},{"name":"ordinal","return":"int"},{"name":"toString","return":"java.lang.String"},{"name":"equals","parameters":[{"name":"arg0","type":"java.lang.Object"}],"return":"boolean"},{"name":"hashCode","return":"int"},{"name":"compareTo","parameters":[{"name":"arg0","type":"java.lang.Enum"}],"return":"int"},{"name":"getDeclaringClass","return":"java.lang.Class"},{"name":"describeConstable","return":"java.util.Optional"},{"static":true,"name":"valueOf","parameters":[{"name":"arg0","type":"java.lang.Class"},{"name":"arg1","type":"java.lang.String"}],"return":"java.lang.Enum"},{"static":true,"name":"values","return":"io.papermc.paper.enchantments.EnchantmentRarity[]"},{"static":true,"name":"valueOf","parameters":[{"name":"name","type":"java.lang.String"}],"return":"io.papermc.paper.enchantments.EnchantmentRarity"},{"name":"getWeight","return":"int"}],"name":"io.papermc.paper.enchantments.EnchantmentRarity","simple-name":"EnchantmentRarity","fields":[{"static":true,"name":"COMMON","type":"io.papermc.paper.enchantments.EnchantmentRarity"},{"static":true,"name":"UNCOMMON","type":"io.papermc.paper.enchantments.EnchantmentRarity"},{"static":true,"name":"RARE","type":"io.papermc.paper.enchantments.EnchantmentRarity"},{"static":true,"name":"VERY_RARE","type":"io.papermc.paper.enchantments.EnchantmentRarity"}]}