{
  "package": "io.papermc.paper.datacomponent.item",
  "methods": [
    {
      "name": "getClass",
      "return": "java.lang.Class"
    },
    {
      "name": "hashCode",
      "return": "int"
    },
    {
      "name": "equals",
      "parameters": [{
        "name": "arg0",
        "type": "java.lang.Object"
      }],
      "return": "boolean"
    },
    {
      "name": "toString",
      "return": "java.lang.String"
    },
    {"name": "notify"},
    {"name": "notifyAll"},
    {"name": "wait"},
    {
      "name": "wait",
      "parameters": [{
        "name": "arg0",
        "type": "long"
      }]
    },
    {
      "name": "wait",
      "parameters": [
        {
          "name": "arg0",
          "type": "long"
        },
        {
          "name": "arg1",
          "type": "int"
        }
      ]
    },
    {
      "name": "build",
      "return": "java.lang.Object"
    },
    {
      "name": "hideTooltip",
      "parameters": [{
        "name": "hide",
        "type": "boolean"
      }],
      "return": "io.papermc.paper.datacomponent.item.TooltipDisplay.Builder"
    },
    {
      "name": "addHiddenComponents",
      "parameters": [{
        "name": "components",
        "type": "io.papermc.paper.datacomponent.DataComponentType[]"
      }],
      "return": "io.papermc.paper.datacomponent.item.TooltipDisplay.Builder"
    },
    {
      "name": "hiddenComponents",
      "parameters": [{
        "name": "components",
        "type": "java.util.Set"
      }],
      "return": "io.papermc.paper.datacomponent.item.TooltipDisplay.Builder"
    }
  ],
  "name": "io.papermc.paper.datacomponent.item.TooltipDisplay.Builder",
  "simple-name": "Builder"
}