{
  "package": "io.papermc.paper.datacomponent",
  "methods": [
    {
      "name": "getClass",
      "return": "java.lang.Class"
    },
    {
      "name": "hashCode",
      "return": "int"
    },
    {
      "name": "equals",
      "parameters": [{
        "name": "arg0",
        "type": "java.lang.Object"
      }],
      "return": "boolean"
    },
    {
      "name": "toString",
      "return": "java.lang.String"
    },
    {"name": "notify"},
    {"name": "notifyAll"},
    {"name": "wait"},
    {
      "name": "wait",
      "parameters": [{
        "name": "arg0",
        "type": "long"
      }]
    },
    {
      "name": "wait",
      "parameters": [
        {
          "name": "arg0",
          "type": "long"
        },
        {
          "name": "arg1",
          "type": "int"
        }
      ]
    }
  ],
  "name": "io.papermc.paper.datacomponent.DataComponentTypes",
  "simple-name": "DataComponentTypes",
  "fields": [
    {
      "static": true,
      "name": "MAX_STACK_SIZE",
      "type": "io.papermc.paper.datacomponent.DataComponentType.Valued"
    },
    {
      "static": true,
      "name": "MAX_DAMAGE",
      "type": "io.papermc.paper.datacomponent.DataComponentType.Valued"
    },
    {
      "static": true,
      "name": "DAMAGE",
      "type": "io.papermc.paper.datacomponent.DataComponentType.Valued"
    },
    {
      "static": true,
      "name": "UNBREAKABLE",
      "type": "io.papermc.paper.datacomponent.DataComponentType.NonValued"
    },
    {
      "static": true,
      "name": "CUSTOM_NAME",
      "type": "io.papermc.paper.datacomponent.DataComponentType.Valued"
    },
    {
      "static": true,
      "name": "ITEM_NAME",
      "type": "io.papermc.paper.datacomponent.DataComponentType.Valued"
    },
    {
      "static": true,
      "name": "ITEM_MODEL",
      "type": "io.papermc.paper.datacomponent.DataComponentType.Valued"
    },
    {
      "static": true,
      "name": "LORE",
      "type": "io.papermc.paper.datacomponent.DataComponentType.Valued"
    },
    {
      "static": true,
      "name": "RARITY",
      "type": "io.papermc.paper.datacomponent.DataComponentType.Valued"
    },
    {
      "static": true,
      "name": "ENCHANTMENTS",
      "type": "io.papermc.paper.datacomponent.DataComponentType.Valued"
    },
    {
      "static": true,
      "name": "CAN_PLACE_ON",
      "type": "io.papermc.paper.datacomponent.DataComponentType.Valued"
    },
    {
      "static": true,
      "name": "CAN_BREAK",
      "type": "io.papermc.paper.datacomponent.DataComponentType.Valued"
    },
    {
      "static": true,
      "name": "ATTRIBUTE_MODIFIERS",
      "type": "io.papermc.paper.datacomponent.DataComponentType.Valued"
    },
    {
      "static": true,
      "name": "CUSTOM_MODEL_DATA",
      "type": "io.papermc.paper.datacomponent.DataComponentType.Valued"
    },
    {
      "static": true,
      "name": "TOOLTIP_DISPLAY",
      "type": "io.papermc.paper.datacomponent.DataComponentType.Valued"
    },
    {
      "static": true,
      "name": "REPAIR_COST",
      "type": "io.papermc.paper.datacomponent.DataComponentType.Valued"
    },
    {
      "static": true,
      "name": "ENCHANTMENT_GLINT_OVERRIDE",
      "type": "io.papermc.paper.datacomponent.DataComponentType.Valued"
    },
    {
      "static": true,
      "name": "INTANGIBLE_PROJECTILE",
      "type": "io.papermc.paper.datacomponent.DataComponentType.NonValued"
    },
    {
      "static": true,
      "name": "FOOD",
      "type": "io.papermc.paper.datacomponent.DataComponentType.Valued"
    },
    {
      "static": true,
      "name": "CONSUMABLE",
      "type": "io.papermc.paper.datacomponent.DataComponentType.Valued"
    },
    {
      "static": true,
      "name": "USE_REMAINDER",
      "type": "io.papermc.paper.datacomponent.DataComponentType.Valued"
    },
    {
      "static": true,
      "name": "USE_COOLDOWN",
      "type": "io.papermc.paper.datacomponent.DataComponentType.Valued"
    },
    {
      "static": true,
      "name": "DAMAGE_RESISTANT",
      "type": "io.papermc.paper.datacomponent.DataComponentType.Valued"
    },
    {
      "static": true,
      "name": "TOOL",
      "type": "io.papermc.paper.datacomponent.DataComponentType.Valued"
    },
    {
      "static": true,
      "name": "WEAPON",
      "type": "io.papermc.paper.datacomponent.DataComponentType.Valued"
    },
    {
      "static": true,
      "name": "ENCHANTABLE",
      "type": "io.papermc.paper.datacomponent.DataComponentType.Valued"
    },
    {
      "static": true,
      "name": "EQUIPPABLE",
      "type": "io.papermc.paper.datacomponent.DataComponentType.Valued"
    },
    {
      "static": true,
      "name": "REPAIRABLE",
      "type": "io.papermc.paper.datacomponent.DataComponentType.Valued"
    },
    {
      "static": true,
      "name": "GLIDER",
      "type": "io.papermc.paper.datacomponent.DataComponentType.NonValued"
    },
    {
      "static": true,
      "name": "TOOLTIP_STYLE",
      "type": "io.papermc.paper.datacomponent.DataComponentType.Valued"
    },
    {
      "static": true,
      "name": "DEATH_PROTECTION",
      "type": "io.papermc.paper.datacomponent.DataComponentType.Valued"
    },
    {
      "static": true,
      "name": "BLOCKS_ATTACKS",
      "type": "io.papermc.paper.datacomponent.DataComponentType.Valued"
    },
    {
      "static": true,
      "name": "STORED_ENCHANTMENTS",
      "type": "io.papermc.paper.datacomponent.DataComponentType.Valued"
    },
    {
      "static": true,
      "name": "DYED_COLOR",
      "type": "io.papermc.paper.datacomponent.DataComponentType.Valued"
    },
    {
      "static": true,
      "name": "MAP_COLOR",
      "type": "io.papermc.paper.datacomponent.DataComponentType.Valued"
    },
    {
      "static": true,
      "name": "MAP_ID",
      "type": "io.papermc.paper.datacomponent.DataComponentType.Valued"
    },
    {
      "static": true,
      "name": "MAP_DECORATIONS",
      "type": "io.papermc.paper.datacomponent.DataComponentType.Valued"
    },
    {
      "static": true,
      "name": "MAP_POST_PROCESSING",
      "type": "io.papermc.paper.datacomponent.DataComponentType.Valued"
    },
    {
      "static": true,
      "name": "CHARGED_PROJECTILES",
      "type": "io.papermc.paper.datacomponent.DataComponentType.Valued"
    },
    {
      "static": true,
      "name": "BUNDLE_CONTENTS",
      "type": "io.papermc.paper.datacomponent.DataComponentType.Valued"
    },
    {
      "static": true,
      "name": "POTION_CONTENTS",
      "type": "io.papermc.paper.datacomponent.DataComponentType.Valued"
    },
    {
      "static": true,
      "name": "POTION_DURATION_SCALE",
      "type": "io.papermc.paper.datacomponent.DataComponentType.Valued"
    },
    {
      "static": true,
      "name": "SUSPICIOUS_STEW_EFFECTS",
      "type": "io.papermc.paper.datacomponent.DataComponentType.Valued"
    },
    {
      "static": true,
      "name": "WRITABLE_BOOK_CONTENT",
      "type": "io.papermc.paper.datacomponent.DataComponentType.Valued"
    },
    {
      "static": true,
      "name": "WRITTEN_BOOK_CONTENT",
      "type": "io.papermc.paper.datacomponent.DataComponentType.Valued"
    },
    {
      "static": true,
      "name": "TRIM",
      "type": "io.papermc.paper.datacomponent.DataComponentType.Valued"
    },
    {
      "static": true,
      "name": "INSTRUMENT",
      "type": "io.papermc.paper.datacomponent.DataComponentType.Valued"
    },
    {
      "static": true,
      "name": "PROVIDES_TRIM_MATERIAL",
      "type": "io.papermc.paper.datacomponent.DataComponentType.Valued"
    },
    {
      "static": true,
      "name": "OMINOUS_BOTTLE_AMPLIFIER",
      "type": "io.papermc.paper.datacomponent.DataComponentType.Valued"
    },
    {
      "static": true,
      "name": "JUKEBOX_PLAYABLE",
      "type": "io.papermc.paper.datacomponent.DataComponentType.Valued"
    },
    {
      "static": true,
      "name": "PROVIDES_BANNER_PATTERNS",
      "type": "io.papermc.paper.datacomponent.DataComponentType.Valued"
    },
    {
      "static": true,
      "name": "RECIPES",
      "type": "io.papermc.paper.datacomponent.DataComponentType.Valued"
    },
    {
      "static": true,
      "name": "LODESTONE_TRACKER",
      "type": "io.papermc.paper.datacomponent.DataComponentType.Valued"
    },
    {
      "static": true,
      "name": "FIREWORK_EXPLOSION",
      "type": "io.papermc.paper.datacomponent.DataComponentType.Valued"
    },
    {
      "static": true,
      "name": "FIREWORKS",
      "type": "io.papermc.paper.datacomponent.DataComponentType.Valued"
    },
    {
      "static": true,
      "name": "PROFILE",
      "type": "io.papermc.paper.datacomponent.DataComponentType.Valued"
    },
    {
      "static": true,
      "name": "NOTE_BLOCK_SOUND",
      "type": "io.papermc.paper.datacomponent.DataComponentType.Valued"
    },
    {
      "static": true,
      "name": "BANNER_PATTERNS",
      "type": "io.papermc.paper.datacomponent.DataComponentType.Valued"
    },
    {
      "static": true,
      "name": "BASE_COLOR",
      "type": "io.papermc.paper.datacomponent.DataComponentType.Valued"
    },
    {
      "static": true,
      "name": "POT_DECORATIONS",
      "type": "io.papermc.paper.datacomponent.DataComponentType.Valued"
    },
    {
      "static": true,
      "name": "CONTAINER",
      "type": "io.papermc.paper.datacomponent.DataComponentType.Valued"
    },
    {
      "static": true,
      "name": "BLOCK_DATA",
      "type": "io.papermc.paper.datacomponent.DataComponentType.Valued"
    },
    {
      "static": true,
      "name": "CONTAINER_LOOT",
      "type": "io.papermc.paper.datacomponent.DataComponentType.Valued"
    },
    {
      "static": true,
      "name": "BREAK_SOUND",
      "type": "io.papermc.paper.datacomponent.DataComponentType.Valued"
    },
    {
      "static": true,
      "name": "VILLAGER_VARIANT",
      "type": "io.papermc.paper.datacomponent.DataComponentType.Valued"
    },
    {
      "static": true,
      "name": "WOLF_VARIANT",
      "type": "io.papermc.paper.datacomponent.DataComponentType.Valued"
    },
    {
      "static": true,
      "name": "WOLF_SOUND_VARIANT",
      "type": "io.papermc.paper.datacomponent.DataComponentType.Valued"
    },
    {
      "static": true,
      "name": "WOLF_COLLAR",
      "type": "io.papermc.paper.datacomponent.DataComponentType.Valued"
    },
    {
      "static": true,
      "name": "FOX_VARIANT",
      "type": "io.papermc.paper.datacomponent.DataComponentType.Valued"
    },
    {
      "static": true,
      "name": "SALMON_SIZE",
      "type": "io.papermc.paper.datacomponent.DataComponentType.Valued"
    },
    {
      "static": true,
      "name": "PARROT_VARIANT",
      "type": "io.papermc.paper.datacomponent.DataComponentType.Valued"
    },
    {
      "static": true,
      "name": "TROPICAL_FISH_PATTERN",
      "type": "io.papermc.paper.datacomponent.DataComponentType.Valued"
    },
    {
      "static": true,
      "name": "TROPICAL_FISH_BASE_COLOR",
      "type": "io.papermc.paper.datacomponent.DataComponentType.Valued"
    },
    {
      "static": true,
      "name": "TROPICAL_FISH_PATTERN_COLOR",
      "type": "io.papermc.paper.datacomponent.DataComponentType.Valued"
    },
    {
      "static": true,
      "name": "MOOSHROOM_VARIANT",
      "type": "io.papermc.paper.datacomponent.DataComponentType.Valued"
    },
    {
      "static": true,
      "name": "RABBIT_VARIANT",
      "type": "io.papermc.paper.datacomponent.DataComponentType.Valued"
    },
    {
      "static": true,
      "name": "PIG_VARIANT",
      "type": "io.papermc.paper.datacomponent.DataComponentType.Valued"
    },
    {
      "static": true,
      "name": "COW_VARIANT",
      "type": "io.papermc.paper.datacomponent.DataComponentType.Valued"
    },
    {
      "static": true,
      "name": "CHICKEN_VARIANT",
      "type": "io.papermc.paper.datacomponent.DataComponentType.Valued"
    },
    {
      "static": true,
      "name": "FROG_VARIANT",
      "type": "io.papermc.paper.datacomponent.DataComponentType.Valued"
    },
    {
      "static": true,
      "name": "HORSE_VARIANT",
      "type": "io.papermc.paper.datacomponent.DataComponentType.Valued"
    },
    {
      "static": true,
      "name": "PAINTING_VARIANT",
      "type": "io.papermc.paper.datacomponent.DataComponentType.Valued"
    },
    {
      "static": true,
      "name": "LLAMA_VARIANT",
      "type": "io.papermc.paper.datacomponent.DataComponentType.Valued"
    },
    {
      "static": true,
      "name": "AXOLOTL_VARIANT",
      "type": "io.papermc.paper.datacomponent.DataComponentType.Valued"
    },
    {
      "static": true,
      "name": "CAT_VARIANT",
      "type": "io.papermc.paper.datacomponent.DataComponentType.Valued"
    },
    {
      "static": true,
      "name": "CAT_COLLAR",
      "type": "io.papermc.paper.datacomponent.DataComponentType.Valued"
    },
    {
      "static": true,
      "name": "SHEEP_COLOR",
      "type": "io.papermc.paper.datacomponent.DataComponentType.Valued"
    },
    {
      "static": true,
      "name": "SHULKER_COLOR",
      "type": "io.papermc.paper.datacomponent.DataComponentType.Valued"
    }
  ]
}