{
  "package": "io.papermc.paper.registry.keys",
  "methods": [
    {
      "name": "getClass",
      "return": "java.lang.Class"
    },
    {
      "name": "hashCode",
      "return": "int"
    },
    {
      "name": "equals",
      "parameters": [{
        "name": "arg0",
        "type": "java.lang.Object"
      }],
      "return": "boolean"
    },
    {
      "name": "toString",
      "return": "java.lang.String"
    },
    {"name": "notify"},
    {"name": "notifyAll"},
    {"name": "wait"},
    {
      "name": "wait",
      "parameters": [{
        "name": "arg0",
        "type": "long"
      }]
    },
    {
      "name": "wait",
      "parameters": [
        {
          "name": "arg0",
          "type": "long"
        },
        {
          "name": "arg1",
          "type": "int"
        }
      ]
    },
    {
      "static": true,
      "name": "create",
      "parameters": [{
        "name": "key",
        "type": "net.kyori.adventure.key.Key"
      }],
      "return": "io.papermc.paper.registry.TypedKey"
    }
  ],
  "name": "io.papermc.paper.registry.keys.BannerPatternKeys",
  "simple-name": "BannerPatternKeys",
  "fields": [
    {
      "static": true,
      "name": "BASE",
      "type": "io.papermc.paper.registry.TypedKey"
    },
    {
      "static": true,
      "name": "BORDER",
      "type": "io.papermc.paper.registry.TypedKey"
    },
    {
      "static": true,
      "name": "BRICKS",
      "type": "io.papermc.paper.registry.TypedKey"
    },
    {
      "static": true,
      "name": "CIRCLE",
      "type": "io.papermc.paper.registry.TypedKey"
    },
    {
      "static": true,
      "name": "CREEPER",
      "type": "io.papermc.paper.registry.TypedKey"
    },
    {
      "static": true,
      "name": "CROSS",
      "type": "io.papermc.paper.registry.TypedKey"
    },
    {
      "static": true,
      "name": "CURLY_BORDER",
      "type": "io.papermc.paper.registry.TypedKey"
    },
    {
      "static": true,
      "name": "DIAGONAL_LEFT",
      "type": "io.papermc.paper.registry.TypedKey"
    },
    {
      "static": true,
      "name": "DIAGONAL_RIGHT",
      "type": "io.papermc.paper.registry.TypedKey"
    },
    {
      "static": true,
      "name": "DIAGONAL_UP_LEFT",
      "type": "io.papermc.paper.registry.TypedKey"
    },
    {
      "static": true,
      "name": "DIAGONAL_UP_RIGHT",
      "type": "io.papermc.paper.registry.TypedKey"
    },
    {
      "static": true,
      "name": "FLOW",
      "type": "io.papermc.paper.registry.TypedKey"
    },
    {
      "static": true,
      "name": "FLOWER",
      "type": "io.papermc.paper.registry.TypedKey"
    },
    {
      "static": true,
      "name": "GLOBE",
      "type": "io.papermc.paper.registry.TypedKey"
    },
    {
      "static": true,
      "name": "GRADIENT",
      "type": "io.papermc.paper.registry.TypedKey"
    },
    {
      "static": true,
      "name": "GRADIENT_UP",
      "type": "io.papermc.paper.registry.TypedKey"
    },
    {
      "static": true,
      "name": "GUSTER",
      "type": "io.papermc.paper.registry.TypedKey"
    },
    {
      "static": true,
      "name": "HALF_HORIZONTAL",
      "type": "io.papermc.paper.registry.TypedKey"
    },
    {
      "static": true,
      "name": "HALF_HORIZONTAL_BOTTOM",
      "type": "io.papermc.paper.registry.TypedKey"
    },
    {
      "static": true,
      "name": "HALF_VERTICAL",
      "type": "io.papermc.paper.registry.TypedKey"
    },
    {
      "static": true,
      "name": "HALF_VERTICAL_RIGHT",
      "type": "io.papermc.paper.registry.TypedKey"
    },
    {
      "static": true,
      "name": "MOJANG",
      "type": "io.papermc.paper.registry.TypedKey"
    },
    {
      "static": true,
      "name": "PIGLIN",
      "type": "io.papermc.paper.registry.TypedKey"
    },
    {
      "static": true,
      "name": "RHOMBUS",
      "type": "io.papermc.paper.registry.TypedKey"
    },
    {
      "static": true,
      "name": "SKULL",
      "type": "io.papermc.paper.registry.TypedKey"
    },
    {
      "static": true,
      "name": "SMALL_STRIPES",
      "type": "io.papermc.paper.registry.TypedKey"
    },
    {
      "static": true,
      "name": "SQUARE_BOTTOM_LEFT",
      "type": "io.papermc.paper.registry.TypedKey"
    },
    {
      "static": true,
      "name": "SQUARE_BOTTOM_RIGHT",
      "type": "io.papermc.paper.registry.TypedKey"
    },
    {
      "static": true,
      "name": "SQUARE_TOP_LEFT",
      "type": "io.papermc.paper.registry.TypedKey"
    },
    {
      "static": true,
      "name": "SQUARE_TOP_RIGHT",
      "type": "io.papermc.paper.registry.TypedKey"
    },
    {
      "static": true,
      "name": "STRAIGHT_CROSS",
      "type": "io.papermc.paper.registry.TypedKey"
    },
    {
      "static": true,
      "name": "STRIPE_BOTTOM",
      "type": "io.papermc.paper.registry.TypedKey"
    },
    {
      "static": true,
      "name": "STRIPE_CENTER",
      "type": "io.papermc.paper.registry.TypedKey"
    },
    {
      "static": true,
      "name": "STRIPE_DOWNLEFT",
      "type": "io.papermc.paper.registry.TypedKey"
    },
    {
      "static": true,
      "name": "STRIPE_DOWNRIGHT",
      "type": "io.papermc.paper.registry.TypedKey"
    },
    {
      "static": true,
      "name": "STRIPE_LEFT",
      "type": "io.papermc.paper.registry.TypedKey"
    },
    {
      "static": true,
      "name": "STRIPE_MIDDLE",
      "type": "io.papermc.paper.registry.TypedKey"
    },
    {
      "static": true,
      "name": "STRIPE_RIGHT",
      "type": "io.papermc.paper.registry.TypedKey"
    },
    {
      "static": true,
      "name": "STRIPE_TOP",
      "type": "io.papermc.paper.registry.TypedKey"
    },
    {
      "static": true,
      "name": "TRIANGLE_BOTTOM",
      "type": "io.papermc.paper.registry.TypedKey"
    },
    {
      "static": true,
      "name": "TRIANGLE_TOP",
      "type": "io.papermc.paper.registry.TypedKey"
    },
    {
      "static": true,
      "name": "TRIANGLES_BOTTOM",
      "type": "io.papermc.paper.registry.TypedKey"
    },
    {
      "static": true,
      "name": "TRIANGLES_TOP",
      "type": "io.papermc.paper.registry.TypedKey"
    }
  ]
}