{
  "package": "io.papermc.paper.datacomponent.item.consumable",
  "methods": [
    {
      "name": "getClass",
      "return": "java.lang.Class"
    },
    {
      "name": "hashCode",
      "return": "int"
    },
    {
      "name": "equals",
      "parameters": [{
        "name": "arg0",
        "type": "java.lang.Object"
      }],
      "return": "boolean"
    },
    {
      "name": "toString",
      "return": "java.lang.String"
    },
    {"name": "notify"},
    {"name": "notifyAll"},
    {"name": "wait"},
    {
      "name": "wait",
      "parameters": [{
        "name": "arg0",
        "type": "long"
      }]
    },
    {
      "name": "wait",
      "parameters": [
        {
          "name": "arg0",
          "type": "long"
        },
        {
          "name": "arg1",
          "type": "int"
        }
      ]
    },
    {
      "static": true,
      "name": "teleportRandomlyEffect",
      "parameters": [{
        "name": "diameter",
        "type": "float"
      }],
      "return": "io.papermc.paper.datacomponent.item.consumable.ConsumeEffect.TeleportRandomly"
    },
    {
      "static": true,
      "name": "removeEffects",
      "parameters": [{
        "name": "key",
        "type": "io.papermc.paper.registry.set.RegistryKeySet"
      }],
      "return": "io.papermc.paper.datacomponent.item.consumable.ConsumeEffect.RemoveStatusEffects"
    },
    {
      "static": true,
      "name": "playSoundConsumeEffect",
      "parameters": [{
        "name": "key",
        "type": "net.kyori.adventure.key.Key"
      }],
      "return": "io.papermc.paper.datacomponent.item.consumable.ConsumeEffect.PlaySound"
    },
    {
      "static": true,
      "name": "clearAllStatusEffects",
      "return": "io.papermc.paper.datacomponent.item.consumable.ConsumeEffect.ClearAllStatusEffects"
    },
    {
      "static": true,
      "name": "applyStatusEffects",
      "parameters": [
        {
          "name": "effects",
          "type": "java.util.List"
        },
        {
          "name": "probability",
          "type": "float"
        }
      ],
      "return": "io.papermc.paper.datacomponent.item.consumable.ConsumeEffect.ApplyStatusEffects"
    }
  ],
  "name": "io.papermc.paper.datacomponent.item.consumable.ConsumeEffect",
  "simple-name": "ConsumeEffect"
}