{
  "package": "io.papermc.paper.registry.keys.tags",
  "methods": [
    {
      "name": "getClass",
      "return": "java.lang.Class"
    },
    {
      "name": "hashCode",
      "return": "int"
    },
    {
      "name": "equals",
      "parameters": [{
        "name": "arg0",
        "type": "java.lang.Object"
      }],
      "return": "boolean"
    },
    {
      "name": "toString",
      "return": "java.lang.String"
    },
    {"name": "notify"},
    {"name": "notifyAll"},
    {"name": "wait"},
    {
      "name": "wait",
      "parameters": [{
        "name": "arg0",
        "type": "long"
      }]
    },
    {
      "name": "wait",
      "parameters": [
        {
          "name": "arg0",
          "type": "long"
        },
        {
          "name": "arg1",
          "type": "int"
        }
      ]
    },
    {
      "static": true,
      "name": "create",
      "parameters": [{
        "name": "key",
        "type": "net.kyori.adventure.key.Key"
      }],
      "return": "io.papermc.paper.registry.tag.TagKey"
    }
  ],
  "name": "io.papermc.paper.registry.keys.tags.CatVariantTagKeys",
  "simple-name": "CatVariantTagKeys",
  "fields": [
    {
      "static": true,
      "name": "DEFAULT_SPAWNS",
      "type": "io.papermc.paper.registry.tag.TagKey"
    },
    {
      "static": true,
      "name": "FULL_MOON_SPAWNS",
      "type": "io.papermc.paper.registry.tag.TagKey"
    }
  ]
}