{"package":"io.papermc.paper.world.structure","methods":[{"name":"getClass","return":"java.lang.Class"},{"name":"notify"},{"name":"notifyAll"},{"name":"wait"},{"name":"wait","parameters":[{"name":"arg0","type":"long"}]},{"name":"wait","parameters":[{"name":"arg0","type":"long"},{"name":"arg1","type":"int"}]},{"name":"key","return":"net.kyori.adventure.key.Key"},{"name":"getKey","return":"org.bukkit.NamespacedKey"},{"name":"getStructureType","return":"org.bukkit.StructureType"},{"name":"equals","parameters":[{"name":"o","type":"java.lang.Object"}],"return":"boolean"},{"name":"hashCode","return":"int"},{"name":"toString","return":"java.lang.String"},{"name":"toModern","return":"org.bukkit.generator.structure.Structure"},{"static":true,"name":"fromModern","parameters":[{"name":"structure","type":"org.bukkit.generator.structure.Structure"}],"return":"io.papermc.paper.world.structure.ConfiguredStructure"}],"name":"io.papermc.paper.world.structure.ConfiguredStructure","simple-name":"ConfiguredStructure","fields":[{"static":true,"name":"PILLAGER_OUTPOST","type":"io.papermc.paper.registry.Reference"},{"static":true,"name":"MINESHAFT","type":"io.papermc.paper.registry.Reference"},{"static":true,"name":"MINESHAFT_MESA","type":"io.papermc.paper.registry.Reference"},{"static":true,"name":"WOODLAND_MANSION","type":"io.papermc.paper.registry.Reference"},{"static":true,"name":"JUNGLE_TEMPLE","type":"io.papermc.paper.registry.Reference"},{"static":true,"name":"DESERT_PYRAMID","type":"io.papermc.paper.registry.Reference"},{"static":true,"name":"IGLOO","type":"io.papermc.paper.registry.Reference"},{"static":true,"name":"SHIPWRECK","type":"io.papermc.paper.registry.Reference"},{"static":true,"name":"SHIPWRECK_BEACHED","type":"io.papermc.paper.registry.Reference"},{"static":true,"name":"SWAMP_HUT","type":"io.papermc.paper.registry.Reference"},{"static":true,"name":"STRONGHOLD","type":"io.papermc.paper.registry.Reference"},{"static":true,"name":"OCEAN_MONUMENT","type":"io.papermc.paper.registry.Reference"},{"static":true,"name":"OCEAN_RUIN_COLD","type":"io.papermc.paper.registry.Reference"},{"static":true,"name":"OCEAN_RUIN_WARM","type":"io.papermc.paper.registry.Reference"},{"static":true,"name":"FORTRESS","type":"io.papermc.paper.registry.Reference"},{"static":true,"name":"NETHER_FOSSIL","type":"io.papermc.paper.registry.Reference"},{"static":true,"name":"END_CITY","type":"io.papermc.paper.registry.Reference"},{"static":true,"name":"BURIED_TREASURE","type":"io.papermc.paper.registry.Reference"},{"static":true,"name":"BASTION_REMNANT","type":"io.papermc.paper.registry.Reference"},{"static":true,"name":"VILLAGE_PLAINS","type":"io.papermc.paper.registry.Reference"},{"static":true,"name":"VILLAGE_DESERT","type":"io.papermc.paper.registry.Reference"},{"static":true,"name":"VILLAGE_SAVANNA","type":"io.papermc.paper.registry.Reference"},{"static":true,"name":"VILLAGE_SNOWY","type":"io.papermc.paper.registry.Reference"},{"static":true,"name":"VILLAGE_TAIGA","type":"io.papermc.paper.registry.Reference"},{"static":true,"name":"RUINED_PORTAL_STANDARD","type":"io.papermc.paper.registry.Reference"},{"static":true,"name":"RUINED_PORTAL_DESERT","type":"io.papermc.paper.registry.Reference"},{"static":true,"name":"RUINED_PORTAL_JUNGLE","type":"io.papermc.paper.registry.Reference"},{"static":true,"name":"RUINED_PORTAL_SWAMP","type":"io.papermc.paper.registry.Reference"},{"static":true,"name":"RUINED_PORTAL_MOUNTAIN","type":"io.papermc.paper.registry.Reference"},{"static":true,"name":"RUINED_PORTAL_OCEAN","type":"io.papermc.paper.registry.Reference"},{"static":true,"name":"RUINED_PORTAL_NETHER","type":"io.papermc.paper.registry.Reference"}]}