{
  "package": "io.papermc.paper.datacomponent.item",
  "methods": [
    {
      "name": "getClass",
      "return": "java.lang.Class"
    },
    {
      "name": "hashCode",
      "return": "int"
    },
    {
      "name": "equals",
      "parameters": [{
        "name": "arg0",
        "type": "java.lang.Object"
      }],
      "return": "boolean"
    },
    {
      "name": "toString",
      "return": "java.lang.String"
    },
    {"name": "notify"},
    {"name": "notifyAll"},
    {"name": "wait"},
    {
      "name": "wait",
      "parameters": [{
        "name": "arg0",
        "type": "long"
      }]
    },
    {
      "name": "wait",
      "parameters": [
        {
          "name": "arg0",
          "type": "long"
        },
        {
          "name": "arg1",
          "type": "int"
        }
      ]
    },
    {
      "static": true,
      "name": "writtenBookContent",
      "parameters": [
        {
          "name": "title",
          "type": "java.lang.String"
        },
        {
          "name": "author",
          "type": "java.lang.String"
        }
      ],
      "return": "io.papermc.paper.datacomponent.item.WrittenBookContent.Builder"
    },
    {
      "static": true,
      "name": "writtenBookContent",
      "parameters": [
        {
          "name": "title",
          "type": "io.papermc.paper.text.Filtered"
        },
        {
          "name": "author",
          "type": "java.lang.String"
        }
      ],
      "return": "io.papermc.paper.datacomponent.item.WrittenBookContent.Builder"
    },
    {
      "name": "title",
      "return": "io.papermc.paper.text.Filtered"
    },
    {
      "name": "author",
      "return": "java.lang.String"
    },
    {
      "name": "generation",
      "return": "to=3L) int"
    },
    {
      "name": "pages",
      "return": "java.util.List"
    },
    {
      "name": "resolved",
      "return": "boolean"
    }
  ],
  "name": "io.papermc.paper.datacomponent.item.WrittenBookContent",
  "simple-name": "WrittenBookContent"
}