{
  "package": "io.papermc.paper.datacomponent.item",
  "methods": [
    {
      "name": "getClass",
      "return": "java.lang.Class"
    },
    {
      "name": "hashCode",
      "return": "int"
    },
    {
      "name": "equals",
      "parameters": [{
        "name": "arg0",
        "type": "java.lang.Object"
      }],
      "return": "boolean"
    },
    {
      "name": "toString",
      "return": "java.lang.String"
    },
    {"name": "notify"},
    {"name": "notifyAll"},
    {"name": "wait"},
    {
      "name": "wait",
      "parameters": [{
        "name": "arg0",
        "type": "long"
      }]
    },
    {
      "name": "wait",
      "parameters": [
        {
          "name": "arg0",
          "type": "long"
        },
        {
          "name": "arg1",
          "type": "int"
        }
      ]
    },
    {
      "name": "build",
      "return": "java.lang.Object"
    },
    {
      "name": "addFloat",
      "parameters": [{
        "name": "f",
        "type": "float"
      }],
      "return": "io.papermc.paper.datacomponent.item.CustomModelData.Builder"
    },
    {
      "name": "addFloats",
      "parameters": [{
        "name": "floats",
        "type": "java.util.List"
      }],
      "return": "io.papermc.paper.datacomponent.item.CustomModelData.Builder"
    },
    {
      "name": "addFlag",
      "parameters": [{
        "name": "flag",
        "type": "boolean"
      }],
      "return": "io.papermc.paper.datacomponent.item.CustomModelData.Builder"
    },
    {
      "name": "addFlags",
      "parameters": [{
        "name": "flags",
        "type": "java.util.List"
      }],
      "return": "io.papermc.paper.datacomponent.item.CustomModelData.Builder"
    },
    {
      "name": "addString",
      "parameters": [{
        "name": "string",
        "type": "java.lang.String"
      }],
      "return": "io.papermc.paper.datacomponent.item.CustomModelData.Builder"
    },
    {
      "name": "addStrings",
      "parameters": [{
        "name": "strings",
        "type": "java.util.List"
      }],
      "return": "io.papermc.paper.datacomponent.item.CustomModelData.Builder"
    },
    {
      "name": "addColor",
      "parameters": [{
        "name": "color",
        "type": "org.bukkit.Color"
      }],
      "return": "io.papermc.paper.datacomponent.item.CustomModelData.Builder"
    },
    {
      "name": "addColors",
      "parameters": [{
        "name": "colors",
        "type": "java.util.List"
      }],
      "return": "io.papermc.paper.datacomponent.item.CustomModelData.Builder"
    }
  ],
  "name": "io.papermc.paper.datacomponent.item.CustomModelData.Builder",
  "simple-name": "Builder"
}