{"package":"io.papermc.paper.command.brigadier.argument","methods":[{"name":"getClass","return":"java.lang.Class"},{"name":"hashCode","return":"int"},{"name":"equals","parameters":[{"name":"arg0","type":"java.lang.Object"}],"return":"boolean"},{"name":"toString","return":"java.lang.String"},{"name":"notify"},{"name":"notifyAll"},{"name":"wait"},{"name":"wait","parameters":[{"name":"arg0","type":"long"}]},{"name":"wait","parameters":[{"name":"arg0","type":"long"},{"name":"arg1","type":"int"}]},{"static":true,"name":"getTypedKey","parameters":[{"name":"context","type":"com.mojang.brigadier.context.CommandContext"},{"name":"registryKey","type":"io.papermc.paper.registry.RegistryKey"},{"name":"name","type":"java.lang.String"}],"return":"io.papermc.paper.registry.TypedKey"}],"name":"io.papermc.paper.command.brigadier.argument.RegistryArgumentExtractor","simple-name":"RegistryArgumentExtractor"}