{"package":"io.papermc.paper.registry.keys","methods":[{"name":"getClass","return":"java.lang.Class"},{"name":"hashCode","return":"int"},{"name":"equals","parameters":[{"name":"arg0","type":"java.lang.Object"}],"return":"boolean"},{"name":"toString","return":"java.lang.String"},{"name":"notify"},{"name":"notifyAll"},{"name":"wait"},{"name":"wait","parameters":[{"name":"arg0","type":"long"}]},{"name":"wait","parameters":[{"name":"arg0","type":"long"},{"name":"arg1","type":"int"}]},{"static":true,"name":"create","parameters":[{"name":"key","type":"net.kyori.adventure.key.Key"}],"return":"io.papermc.paper.registry.TypedKey"}],"name":"io.papermc.paper.registry.keys.TrimMaterialKeys","simple-name":"TrimMaterialKeys","fields":[{"static":true,"name":"AMETHYST","type":"io.papermc.paper.registry.TypedKey"},{"static":true,"name":"COPPER","type":"io.papermc.paper.registry.TypedKey"},{"static":true,"name":"DIAMOND","type":"io.papermc.paper.registry.TypedKey"},{"static":true,"name":"EMERALD","type":"io.papermc.paper.registry.TypedKey"},{"static":true,"name":"GOLD","type":"io.papermc.paper.registry.TypedKey"},{"static":true,"name":"IRON","type":"io.papermc.paper.registry.TypedKey"},{"static":true,"name":"LAPIS","type":"io.papermc.paper.registry.TypedKey"},{"static":true,"name":"NETHERITE","type":"io.papermc.paper.registry.TypedKey"},{"static":true,"name":"QUARTZ","type":"io.papermc.paper.registry.TypedKey"},{"static":true,"name":"REDSTONE","type":"io.papermc.paper.registry.TypedKey"}]}