{"package":"io.papermc.paper.registry.keys.tags","methods":[{"name":"getClass","return":"java.lang.Class"},{"name":"hashCode","return":"int"},{"name":"equals","parameters":[{"name":"arg0","type":"java.lang.Object"}],"return":"boolean"},{"name":"toString","return":"java.lang.String"},{"name":"notify"},{"name":"notifyAll"},{"name":"wait"},{"name":"wait","parameters":[{"name":"arg0","type":"long"}]},{"name":"wait","parameters":[{"name":"arg0","type":"long"},{"name":"arg1","type":"int"}]},{"static":true,"name":"create","parameters":[{"name":"key","type":"net.kyori.adventure.key.Key"}],"return":"io.papermc.paper.registry.tag.TagKey"}],"name":"io.papermc.paper.registry.keys.tags.ItemTypeTagKeys","simple-name":"ItemTypeTagKeys","fields":[{"static":true,"name":"WOODEN_PRESSURE_PLATES","type":"io.papermc.paper.registry.tag.TagKey"},{"static":true,"name":"TERRACOTTA","type":"io.papermc.paper.registry.tag.TagKey"},{"static":true,"name":"DOORS","type":"io.papermc.paper.registry.tag.TagKey"},{"static":true,"name":"ENCHANTABLE_SHARP_WEAPON","type":"io.papermc.paper.registry.tag.TagKey"},{"static":true,"name":"ENCHANTABLE_CHEST_ARMOR","type":"io.papermc.paper.registry.tag.TagKey"},{"static":true,"name":"FOX_FOOD","type":"io.papermc.paper.registry.tag.TagKey"},{"static":true,"name":"FENCE_GATES","type":"io.papermc.paper.registry.tag.TagKey"},{"static":true,"name":"SHOVELS","type":"io.papermc.paper.registry.tag.TagKey"},{"static":true,"name":"ENCHANTABLE_VANISHING","type":"io.papermc.paper.registry.tag.TagKey"},{"static":true,"name":"TRIM_MATERIALS","type":"io.papermc.paper.registry.tag.TagKey"},{"static":true,"name":"SNIFFER_FOOD","type":"io.papermc.paper.registry.tag.TagKey"},{"static":true,"name":"COMPASSES","type":"io.papermc.paper.registry.tag.TagKey"},{"static":true,"name":"DYEABLE","type":"io.papermc.paper.registry.tag.TagKey"},{"static":true,"name":"STRIDER_FOOD","type":"io.papermc.paper.registry.tag.TagKey"},{"static":true,"name":"SOUL_FIRE_BASE_BLOCKS","type":"io.papermc.paper.registry.tag.TagKey"},{"static":true,"name":"CHERRY_LOGS","type":"io.papermc.paper.registry.tag.TagKey"},{"static":true,"name":"ENCHANTABLE_SWORD","type":"io.papermc.paper.registry.tag.TagKey"},{"static":true,"name":"OAK_LOGS","type":"io.papermc.paper.registry.tag.TagKey"},{"static":true,"name":"GOAT_FOOD","type":"io.papermc.paper.registry.tag.TagKey"},{"static":true,"name":"TRIMMABLE_ARMOR","type":"io.papermc.paper.registry.tag.TagKey"},{"static":true,"name":"STONE_CRAFTING_MATERIALS","type":"io.papermc.paper.registry.tag.TagKey"},{"static":true,"name":"PIGLIN_LOVED","type":"io.papermc.paper.registry.tag.TagKey"},{"static":true,"name":"LOGS_THAT_BURN","type":"io.papermc.paper.registry.tag.TagKey"},{"static":true,"name":"BOOKSHELF_BOOKS","type":"io.papermc.paper.registry.tag.TagKey"},{"static":true,"name":"LEAVES","type":"io.papermc.paper.registry.tag.TagKey"},{"static":true,"name":"TURTLE_FOOD","type":"io.papermc.paper.registry.tag.TagKey"},{"static":true,"name":"STAIRS","type":"io.papermc.paper.registry.tag.TagKey"},{"static":true,"name":"WOOL_CARPETS","type":"io.papermc.paper.registry.tag.TagKey"},{"static":true,"name":"LECTERN_BOOKS","type":"io.papermc.paper.registry.tag.TagKey"},{"static":true,"name":"ENCHANTABLE_MACE","type":"io.papermc.paper.registry.tag.TagKey"},{"static":true,"name":"ENCHANTABLE_CROSSBOW","type":"io.papermc.paper.registry.tag.TagKey"},{"static":true,"name":"FROG_FOOD","type":"io.papermc.paper.registry.tag.TagKey"},{"static":true,"name":"STRIDER_TEMPT_ITEMS","type":"io.papermc.paper.registry.tag.TagKey"},{"static":true,"name":"WOODEN_STAIRS","type":"io.papermc.paper.registry.tag.TagKey"},{"static":true,"name":"ENCHANTABLE_FOOT_ARMOR","type":"io.papermc.paper.registry.tag.TagKey"},{"static":true,"name":"EMERALD_ORES","type":"io.papermc.paper.registry.tag.TagKey"},{"static":true,"name":"MEAT","type":"io.papermc.paper.registry.tag.TagKey"},{"static":true,"name":"PIGLIN_FOOD","type":"io.papermc.paper.registry.tag.TagKey"},{"static":true,"name":"CAT_FOOD","type":"io.papermc.paper.registry.tag.TagKey"},{"static":true,"name":"IGNORED_BY_PIGLIN_BABIES","type":"io.papermc.paper.registry.tag.TagKey"},{"static":true,"name":"ENCHANTABLE_HEAD_ARMOR","type":"io.papermc.paper.registry.tag.TagKey"},{"static":true,"name":"WARPED_STEMS","type":"io.papermc.paper.registry.tag.TagKey"},{"static":true,"name":"VILLAGER_PLANTABLE_SEEDS","type":"io.papermc.paper.registry.tag.TagKey"},{"static":true,"name":"COMPLETES_FIND_TREE_TUTORIAL","type":"io.papermc.paper.registry.tag.TagKey"},{"static":true,"name":"PIG_FOOD","type":"io.papermc.paper.registry.tag.TagKey"},{"static":true,"name":"SKULLS","type":"io.papermc.paper.registry.tag.TagKey"},{"static":true,"name":"SWORDS","type":"io.papermc.paper.registry.tag.TagKey"},{"static":true,"name":"BIRCH_LOGS","type":"io.papermc.paper.registry.tag.TagKey"},{"static":true,"name":"BUTTONS","type":"io.papermc.paper.registry.tag.TagKey"},{"static":true,"name":"BEDS","type":"io.papermc.paper.registry.tag.TagKey"},{"static":true,"name":"FISHES","type":"io.papermc.paper.registry.tag.TagKey"},{"static":true,"name":"ENCHANTABLE_WEAPON","type":"io.papermc.paper.registry.tag.TagKey"},{"static":true,"name":"STONE_BUTTONS","type":"io.papermc.paper.registry.tag.TagKey"},{"static":true,"name":"HORSE_FOOD","type":"io.papermc.paper.registry.tag.TagKey"},{"static":true,"name":"COALS","type":"io.papermc.paper.registry.tag.TagKey"},{"static":true,"name":"CLUSTER_MAX_HARVESTABLES","type":"io.papermc.paper.registry.tag.TagKey"},{"static":true,"name":"HANGING_SIGNS","type":"io.papermc.paper.registry.tag.TagKey"},{"static":true,"name":"BEACON_PAYMENT_ITEMS","type":"io.papermc.paper.registry.tag.TagKey"},{"static":true,"name":"FOOT_ARMOR","type":"io.papermc.paper.registry.tag.TagKey"},{"static":true,"name":"ENCHANTABLE_DURABILITY","type":"io.papermc.paper.registry.tag.TagKey"},{"static":true,"name":"SAND","type":"io.papermc.paper.registry.tag.TagKey"},{"static":true,"name":"WOODEN_BUTTONS","type":"io.papermc.paper.registry.tag.TagKey"},{"static":true,"name":"HOGLIN_FOOD","type":"io.papermc.paper.registry.tag.TagKey"},{"static":true,"name":"ENCHANTABLE_EQUIPPABLE","type":"io.papermc.paper.registry.tag.TagKey"},{"static":true,"name":"CRIMSON_STEMS","type":"io.papermc.paper.registry.tag.TagKey"},{"static":true,"name":"FLOWERS","type":"io.papermc.paper.registry.tag.TagKey"},{"static":true,"name":"HORSE_TEMPT_ITEMS","type":"io.papermc.paper.registry.tag.TagKey"},{"static":true,"name":"ENCHANTABLE_MINING_LOOT","type":"io.papermc.paper.registry.tag.TagKey"},{"static":true,"name":"RAILS","type":"io.papermc.paper.registry.tag.TagKey"},{"static":true,"name":"COW_FOOD","type":"io.papermc.paper.registry.tag.TagKey"},{"static":true,"name":"SLABS","type":"io.papermc.paper.registry.tag.TagKey"},{"static":true,"name":"BAMBOO_BLOCKS","type":"io.papermc.paper.registry.tag.TagKey"},{"static":true,"name":"BOATS","type":"io.papermc.paper.registry.tag.TagKey"},{"static":true,"name":"JUNGLE_LOGS","type":"io.papermc.paper.registry.tag.TagKey"},{"static":true,"name":"COAL_ORES","type":"io.papermc.paper.registry.tag.TagKey"},{"static":true,"name":"TRAPDOORS","type":"io.papermc.paper.registry.tag.TagKey"},{"static":true,"name":"PIGLIN_REPELLENTS","type":"io.papermc.paper.registry.tag.TagKey"},{"static":true,"name":"BANNERS","type":"io.papermc.paper.registry.tag.TagKey"},{"static":true,"name":"CHEST_BOATS","type":"io.papermc.paper.registry.tag.TagKey"},{"static":true,"name":"ACACIA_LOGS","type":"io.papermc.paper.registry.tag.TagKey"},{"static":true,"name":"RABBIT_FOOD","type":"io.papermc.paper.registry.tag.TagKey"},{"static":true,"name":"GOLD_ORES","type":"io.papermc.paper.registry.tag.TagKey"},{"static":true,"name":"SMALL_FLOWERS","type":"io.papermc.paper.registry.tag.TagKey"},{"static":true,"name":"AXES","type":"io.papermc.paper.registry.tag.TagKey"},{"static":true,"name":"ENCHANTABLE_ARMOR","type":"io.papermc.paper.registry.tag.TagKey"},{"static":true,"name":"WOODEN_DOORS","type":"io.papermc.paper.registry.tag.TagKey"},{"static":true,"name":"SHEEP_FOOD","type":"io.papermc.paper.registry.tag.TagKey"},{"static":true,"name":"CREEPER_DROP_MUSIC_DISCS","type":"io.papermc.paper.registry.tag.TagKey"},{"static":true,"name":"IRON_ORES","type":"io.papermc.paper.registry.tag.TagKey"},{"static":true,"name":"ARMADILLO_FOOD","type":"io.papermc.paper.registry.tag.TagKey"},{"static":true,"name":"DECORATED_POT_SHERDS","type":"io.papermc.paper.registry.tag.TagKey"},{"static":true,"name":"ENCHANTABLE_LEG_ARMOR","type":"io.papermc.paper.registry.tag.TagKey"},{"static":true,"name":"LLAMA_TEMPT_ITEMS","type":"io.papermc.paper.registry.tag.TagKey"},{"static":true,"name":"ENCHANTABLE_FIRE_ASPECT","type":"io.papermc.paper.registry.tag.TagKey"},{"static":true,"name":"ARROWS","type":"io.papermc.paper.registry.tag.TagKey"},{"static":true,"name":"PARROT_POISONOUS_FOOD","type":"io.papermc.paper.registry.tag.TagKey"},{"static":true,"name":"STONE_BRICKS","type":"io.papermc.paper.registry.tag.TagKey"},{"static":true,"name":"NOTEBLOCK_TOP_INSTRUMENTS","type":"io.papermc.paper.registry.tag.TagKey"},{"static":true,"name":"FENCES","type":"io.papermc.paper.registry.tag.TagKey"},{"static":true,"name":"WALLS","type":"io.papermc.paper.registry.tag.TagKey"},{"static":true,"name":"BREAKS_DECORATED_POTS","type":"io.papermc.paper.registry.tag.TagKey"},{"static":true,"name":"MANGROVE_LOGS","type":"io.papermc.paper.registry.tag.TagKey"},{"static":true,"name":"WOODEN_SLABS","type":"io.papermc.paper.registry.tag.TagKey"},{"static":true,"name":"PLANKS","type":"io.papermc.paper.registry.tag.TagKey"},{"static":true,"name":"DAMPENS_VIBRATIONS","type":"io.papermc.paper.registry.tag.TagKey"},{"static":true,"name":"LOGS","type":"io.papermc.paper.registry.tag.TagKey"},{"static":true,"name":"DARK_OAK_LOGS","type":"io.papermc.paper.registry.tag.TagKey"},{"static":true,"name":"DIAMOND_ORES","type":"io.papermc.paper.registry.tag.TagKey"},{"static":true,"name":"SPRUCE_LOGS","type":"io.papermc.paper.registry.tag.TagKey"},{"static":true,"name":"CAMEL_FOOD","type":"io.papermc.paper.registry.tag.TagKey"},{"static":true,"name":"CHICKEN_FOOD","type":"io.papermc.paper.registry.tag.TagKey"},{"static":true,"name":"ENCHANTABLE_FISHING","type":"io.papermc.paper.registry.tag.TagKey"},{"static":true,"name":"OCELOT_FOOD","type":"io.papermc.paper.registry.tag.TagKey"},{"static":true,"name":"LEG_ARMOR","type":"io.papermc.paper.registry.tag.TagKey"},{"static":true,"name":"DECORATED_POT_INGREDIENTS","type":"io.papermc.paper.registry.tag.TagKey"},{"static":true,"name":"WOODEN_TRAPDOORS","type":"io.papermc.paper.registry.tag.TagKey"},{"static":true,"name":"TRIM_TEMPLATES","type":"io.papermc.paper.registry.tag.TagKey"},{"static":true,"name":"WART_BLOCKS","type":"io.papermc.paper.registry.tag.TagKey"},{"static":true,"name":"LLAMA_FOOD","type":"io.papermc.paper.registry.tag.TagKey"},{"static":true,"name":"ENCHANTABLE_MINING","type":"io.papermc.paper.registry.tag.TagKey"},{"static":true,"name":"AXOLOTL_FOOD","type":"io.papermc.paper.registry.tag.TagKey"},{"static":true,"name":"LAPIS_ORES","type":"io.papermc.paper.registry.tag.TagKey"},{"static":true,"name":"SMELTS_TO_GLASS","type":"io.papermc.paper.registry.tag.TagKey"},{"static":true,"name":"CANDLES","type":"io.papermc.paper.registry.tag.TagKey"},{"static":true,"name":"WOLF_FOOD","type":"io.papermc.paper.registry.tag.TagKey"},{"static":true,"name":"COPPER_ORES","type":"io.papermc.paper.registry.tag.TagKey"},{"static":true,"name":"STONE_TOOL_MATERIALS","type":"io.papermc.paper.registry.tag.TagKey"},{"static":true,"name":"TALL_FLOWERS","type":"io.papermc.paper.registry.tag.TagKey"},{"static":true,"name":"HOES","type":"io.papermc.paper.registry.tag.TagKey"},{"static":true,"name":"WOODEN_FENCES","type":"io.papermc.paper.registry.tag.TagKey"},{"static":true,"name":"NON_FLAMMABLE_WOOD","type":"io.papermc.paper.registry.tag.TagKey"},{"static":true,"name":"SIGNS","type":"io.papermc.paper.registry.tag.TagKey"},{"static":true,"name":"BEE_FOOD","type":"io.papermc.paper.registry.tag.TagKey"},{"static":true,"name":"ENCHANTABLE_TRIDENT","type":"io.papermc.paper.registry.tag.TagKey"},{"static":true,"name":"PARROT_FOOD","type":"io.papermc.paper.registry.tag.TagKey"},{"static":true,"name":"SAPLINGS","type":"io.papermc.paper.registry.tag.TagKey"},{"static":true,"name":"HEAD_ARMOR","type":"io.papermc.paper.registry.tag.TagKey"},{"static":true,"name":"CHEST_ARMOR","type":"io.papermc.paper.registry.tag.TagKey"},{"static":true,"name":"FREEZE_IMMUNE_WEARABLES","type":"io.papermc.paper.registry.tag.TagKey"},{"static":true,"name":"PANDA_FOOD","type":"io.papermc.paper.registry.tag.TagKey"},{"static":true,"name":"CREEPER_IGNITERS","type":"io.papermc.paper.registry.tag.TagKey"},{"static":true,"name":"WOOL","type":"io.papermc.paper.registry.tag.TagKey"},{"static":true,"name":"DIRT","type":"io.papermc.paper.registry.tag.TagKey"},{"static":true,"name":"REDSTONE_ORES","type":"io.papermc.paper.registry.tag.TagKey"},{"static":true,"name":"ENCHANTABLE_BOW","type":"io.papermc.paper.registry.tag.TagKey"},{"static":true,"name":"ANVIL","type":"io.papermc.paper.registry.tag.TagKey"},{"static":true,"name":"PICKAXES","type":"io.papermc.paper.registry.tag.TagKey"}]}