{"package":"io.papermc.paper.registry.event","methods":[{"name":"getClass","return":"java.lang.Class"},{"name":"hashCode","return":"int"},{"name":"equals","parameters":[{"name":"arg0","type":"java.lang.Object"}],"return":"boolean"},{"name":"toString","return":"java.lang.String"},{"name":"notify"},{"name":"notifyAll"},{"name":"wait"},{"name":"wait","parameters":[{"name":"arg0","type":"long"}]},{"name":"wait","parameters":[{"name":"arg0","type":"long"},{"name":"arg1","type":"int"}]},{"name":"registryKey","return":"io.papermc.paper.registry.RegistryKey"},{"name":"registry","return":"io.papermc.paper.registry.event.WritableRegistry"},{"name":"getOrCreateTag","parameters":[{"name":"tagKey","type":"io.papermc.paper.registry.tag.TagKey"}],"return":"io.papermc.paper.registry.tag.Tag"}],"name":"io.papermc.paper.registry.event.RegistryFreezeEvent","simple-name":"RegistryFreezeEvent"}