{"constructors":[{"name":"<init>","parameters":[{"name":"player","type":"org.bukkit.entity.Player"},{"name":"entity","type":"org.bukkit.entity.Entity"}]}],"package":"io.papermc.paper.event.player","methods":[{"name":"getClass","return":"java.lang.Class"},{"name":"hashCode","return":"int"},{"name":"equals","parameters":[{"name":"arg0","type":"java.lang.Object"}],"return":"boolean"},{"name":"toString","return":"java.lang.String"},{"name":"notify"},{"name":"notifyAll"},{"name":"wait"},{"name":"wait","parameters":[{"name":"arg0","type":"long"}]},{"name":"wait","parameters":[{"name":"arg0","type":"long"},{"name":"arg1","type":"int"}]},{"name":"callEvent","return":"boolean"},{"name":"getEventName","return":"java.lang.String"},{"name":"isAsynchronous","return":"boolean"},{"name":"getPlayer","return":"org.bukkit.entity.Player"},{"name":"getEntity","return":"org.bukkit.entity.Entity"},{"static":true,"name":"getHandlerList","return":"org.bukkit.event.HandlerList"},{"name":"getHandlers","return":"org.bukkit.event.HandlerList"}],"name":"io.papermc.paper.event.player.PlayerUntrackEntityEvent","simple-name":"PlayerUntrackEntityEvent"}