{"package":"io.papermc.paper.registry.set","methods":[{"name":"getClass","return":"java.lang.Class"},{"name":"hashCode","return":"int"},{"name":"equals","parameters":[{"name":"arg0","type":"java.lang.Object"}],"return":"boolean"},{"name":"toString","return":"java.lang.String"},{"name":"notify"},{"name":"notifyAll"},{"name":"wait"},{"name":"wait","parameters":[{"name":"arg0","type":"long"}]},{"name":"wait","parameters":[{"name":"arg0","type":"long"},{"name":"arg1","type":"int"}]},{"static":true,"name":"keySetFromValues","parameters":[{"name":"registryKey","type":"io.papermc.paper.registry.RegistryKey"},{"name":"values","type":"java.lang.Iterable"}],"return":"io.papermc.paper.registry.set.RegistryKeySet"},{"static":true,"name":"keySet","parameters":[{"name":"registryKey","type":"io.papermc.paper.registry.RegistryKey"},{"name":"keys","type":"io.papermc.paper.registry.TypedKey []"}],"return":"io.papermc.paper.registry.set.RegistryKeySet"},{"static":true,"name":"keySet","parameters":[{"name":"registryKey","type":"io.papermc.paper.registry.RegistryKey"},{"name":"keys","type":"java.lang.Iterable"}],"return":"io.papermc.paper.registry.set.RegistryKeySet"},{"name":"registryKey","return":"io.papermc.paper.registry.RegistryKey"},{"name":"size","return":"int"},{"name":"isEmpty","return":"boolean"}],"name":"io.papermc.paper.registry.set.RegistrySet","simple-name":"RegistrySet"}