{
  "package": "io.papermc.paper.datacomponent.item",
  "methods": [
    {
      "name": "getClass",
      "return": "java.lang.Class"
    },
    {
      "name": "hashCode",
      "return": "int"
    },
    {
      "name": "equals",
      "parameters": [{
        "name": "arg0",
        "type": "java.lang.Object"
      }],
      "return": "boolean"
    },
    {
      "name": "toString",
      "return": "java.lang.String"
    },
    {"name": "notify"},
    {"name": "notifyAll"},
    {"name": "wait"},
    {
      "name": "wait",
      "parameters": [{
        "name": "arg0",
        "type": "long"
      }]
    },
    {
      "name": "wait",
      "parameters": [
        {
          "name": "arg0",
          "type": "long"
        },
        {
          "name": "arg1",
          "type": "int"
        }
      ]
    },
    {
      "name": "toBuilder",
      "return": "io.papermc.paper.datacomponent.DataComponentBuilder"
    },
    {
      "static": true,
      "name": "consumable",
      "return": "io.papermc.paper.datacomponent.item.Consumable.Builder"
    },
    {
      "name": "consumeSeconds",
      "return": "float"
    },
    {
      "name": "animation",
      "return": "io.papermc.paper.datacomponent.item.consumable.ItemUseAnimation"
    },
    {
      "name": "sound",
      "return": "net.kyori.adventure.key.Key"
    },
    {
      "name": "hasConsumeParticles",
      "return": "boolean"
    },
    {
      "name": "consumeEffects",
      "return": "java.util.List"
    }
  ],
  "name": "io.papermc.paper.datacomponent.item.Consumable",
  "simple-name": "Consumable"
}