{
  "package": "io.papermc.paper.datacomponent.item",
  "methods": [
    {
      "name": "getClass",
      "return": "java.lang.Class"
    },
    {
      "name": "hashCode",
      "return": "int"
    },
    {
      "name": "equals",
      "parameters": [{
        "name": "arg0",
        "type": "java.lang.Object"
      }],
      "return": "boolean"
    },
    {
      "name": "toString",
      "return": "java.lang.String"
    },
    {"name": "notify"},
    {"name": "notifyAll"},
    {"name": "wait"},
    {
      "name": "wait",
      "parameters": [{
        "name": "arg0",
        "type": "long"
      }]
    },
    {
      "name": "wait",
      "parameters": [
        {
          "name": "arg0",
          "type": "long"
        },
        {
          "name": "arg1",
          "type": "int"
        }
      ]
    },
    {
      "static": true,
      "name": "resolvableProfile",
      "parameters": [{
        "name": "profile",
        "type": "com.destroystokyo.paper.profile.PlayerProfile"
      }],
      "return": "io.papermc.paper.datacomponent.item.ResolvableProfile"
    },
    {
      "static": true,
      "name": "resolvableProfile",
      "return": "io.papermc.paper.datacomponent.item.ResolvableProfile.Builder"
    },
    {
      "name": "uuid",
      "return": "java.util.UUID"
    },
    {
      "name": "name",
      "return": "java.lang.String"
    },
    {
      "name": "properties",
      "return": "java.util.Collection"
    },
    {
      "name": "resolve",
      "return": "java.util.concurrent.CompletableFuture"
    }
  ],
  "name": "io.papermc.paper.datacomponent.item.ResolvableProfile",
  "simple-name": "ResolvableProfile"
}