{
  "package": "io.papermc.paper.datacomponent.item",
  "methods": [
    {
      "name": "getClass",
      "return": "java.lang.Class"
    },
    {
      "name": "hashCode",
      "return": "int"
    },
    {
      "name": "equals",
      "parameters": [{
        "name": "arg0",
        "type": "java.lang.Object"
      }],
      "return": "boolean"
    },
    {
      "name": "toString",
      "return": "java.lang.String"
    },
    {"name": "notify"},
    {"name": "notifyAll"},
    {"name": "wait"},
    {
      "name": "wait",
      "parameters": [{
        "name": "arg0",
        "type": "long"
      }]
    },
    {
      "name": "wait",
      "parameters": [
        {
          "name": "arg0",
          "type": "long"
        },
        {
          "name": "arg1",
          "type": "int"
        }
      ]
    },
    {
      "name": "build",
      "return": "java.lang.Object"
    },
    {
      "name": "potion",
      "parameters": [{
        "name": "type",
        "type": "org.bukkit.potion.PotionType"
      }],
      "return": "io.papermc.paper.datacomponent.item.PotionContents.Builder"
    },
    {
      "name": "customColor",
      "parameters": [{
        "name": "color",
        "type": "org.bukkit.Color"
      }],
      "return": "io.papermc.paper.datacomponent.item.PotionContents.Builder"
    },
    {
      "name": "customName",
      "parameters": [{
        "name": "name",
        "type": "java.lang.String"
      }],
      "return": "io.papermc.paper.datacomponent.item.PotionContents.Builder"
    },
    {
      "name": "addCustomEffect",
      "parameters": [{
        "name": "effect",
        "type": "org.bukkit.potion.PotionEffect"
      }],
      "return": "io.papermc.paper.datacomponent.item.PotionContents.Builder"
    },
    {
      "name": "addCustomEffects",
      "parameters": [{
        "name": "effects",
        "type": "java.util.List"
      }],
      "return": "io.papermc.paper.datacomponent.item.PotionContents.Builder"
    }
  ],
  "name": "io.papermc.paper.datacomponent.item.PotionContents.Builder",
  "simple-name": "Builder"
}