{
  "package": "io.papermc.paper.datacomponent.item",
  "methods": [
    {
      "name": "getClass",
      "return": "java.lang.Class"
    },
    {
      "name": "hashCode",
      "return": "int"
    },
    {
      "name": "equals",
      "parameters": [{
        "name": "arg0",
        "type": "java.lang.Object"
      }],
      "return": "boolean"
    },
    {
      "name": "toString",
      "return": "java.lang.String"
    },
    {"name": "notify"},
    {"name": "notifyAll"},
    {"name": "wait"},
    {
      "name": "wait",
      "parameters": [{
        "name": "arg0",
        "type": "long"
      }]
    },
    {
      "name": "wait",
      "parameters": [
        {
          "name": "arg0",
          "type": "long"
        },
        {
          "name": "arg1",
          "type": "int"
        }
      ]
    },
    {
      "static": true,
      "name": "blockItemStateProperties",
      "return": "io.papermc.paper.datacomponent.item.BlockItemDataProperties.Builder"
    },
    {
      "name": "createBlockData",
      "parameters": [{
        "name": "blockType",
        "type": "org.bukkit.block.BlockType"
      }],
      "return": "org.bukkit.block.data.BlockData"
    },
    {
      "name": "applyTo",
      "parameters": [{
        "name": "blockData",
        "type": "org.bukkit.block.data.BlockData"
      }],
      "return": "org.bukkit.block.data.BlockData"
    }
  ],
  "name": "io.papermc.paper.datacomponent.item.BlockItemDataProperties",
  "simple-name": "BlockItemDataProperties"
}