{"package":"io.papermc.paper.command.brigadier","methods":[{"name":"getClass","return":"java.lang.Class"},{"name":"hashCode","return":"int"},{"name":"equals","parameters":[{"name":"arg0","type":"java.lang.Object"}],"return":"boolean"},{"name":"toString","return":"java.lang.String"},{"name":"notify"},{"name":"notifyAll"},{"name":"wait"},{"name":"wait","parameters":[{"name":"arg0","type":"long"}]},{"name":"wait","parameters":[{"name":"arg0","type":"long"},{"name":"arg1","type":"int"}]},{"name":"execute","parameters":[{"name":"commandSourceStack","type":"io.papermc.paper.command.brigadier.CommandSourceStack"},{"name":"args","type":"java.lang.String[]"}]},{"name":"suggest","parameters":[{"name":"commandSourceStack","type":"io.papermc.paper.command.brigadier.CommandSourceStack"},{"name":"args","type":"java.lang.String[]"}],"return":"java.util.Collection"}],"name":"io.papermc.paper.command.brigadier.BasicCommand","simple-name":"BasicCommand"}