{
  "package": "io.papermc.paper.registry.keys",
  "methods": [
    {
      "name": "getClass",
      "return": "java.lang.Class"
    },
    {
      "name": "hashCode",
      "return": "int"
    },
    {
      "name": "equals",
      "parameters": [{
        "name": "arg0",
        "type": "java.lang.Object"
      }],
      "return": "boolean"
    },
    {
      "name": "toString",
      "return": "java.lang.String"
    },
    {"name": "notify"},
    {"name": "notifyAll"},
    {"name": "wait"},
    {
      "name": "wait",
      "parameters": [{
        "name": "arg0",
        "type": "long"
      }]
    },
    {
      "name": "wait",
      "parameters": [
        {
          "name": "arg0",
          "type": "long"
        },
        {
          "name": "arg1",
          "type": "int"
        }
      ]
    },
    {
      "static": true,
      "name": "create",
      "parameters": [{
        "name": "key",
        "type": "net.kyori.adventure.key.Key"
      }],
      "return": "io.papermc.paper.registry.TypedKey"
    }
  ],
  "name": "io.papermc.paper.registry.keys.EnchantmentKeys",
  "simple-name": "EnchantmentKeys",
  "fields": [
    {
      "static": true,
      "name": "AQUA_AFFINITY",
      "type": "io.papermc.paper.registry.TypedKey"
    },
    {
      "static": true,
      "name": "BANE_OF_ARTHROPODS",
      "type": "io.papermc.paper.registry.TypedKey"
    },
    {
      "static": true,
      "name": "BINDING_CURSE",
      "type": "io.papermc.paper.registry.TypedKey"
    },
    {
      "static": true,
      "name": "BLAST_PROTECTION",
      "type": "io.papermc.paper.registry.TypedKey"
    },
    {
      "static": true,
      "name": "BREACH",
      "type": "io.papermc.paper.registry.TypedKey"
    },
    {
      "static": true,
      "name": "CHANNELING",
      "type": "io.papermc.paper.registry.TypedKey"
    },
    {
      "static": true,
      "name": "DENSITY",
      "type": "io.papermc.paper.registry.TypedKey"
    },
    {
      "static": true,
      "name": "DEPTH_STRIDER",
      "type": "io.papermc.paper.registry.TypedKey"
    },
    {
      "static": true,
      "name": "EFFICIENCY",
      "type": "io.papermc.paper.registry.TypedKey"
    },
    {
      "static": true,
      "name": "FEATHER_FALLING",
      "type": "io.papermc.paper.registry.TypedKey"
    },
    {
      "static": true,
      "name": "FIRE_ASPECT",
      "type": "io.papermc.paper.registry.TypedKey"
    },
    {
      "static": true,
      "name": "FIRE_PROTECTION",
      "type": "io.papermc.paper.registry.TypedKey"
    },
    {
      "static": true,
      "name": "FLAME",
      "type": "io.papermc.paper.registry.TypedKey"
    },
    {
      "static": true,
      "name": "FORTUNE",
      "type": "io.papermc.paper.registry.TypedKey"
    },
    {
      "static": true,
      "name": "FROST_WALKER",
      "type": "io.papermc.paper.registry.TypedKey"
    },
    {
      "static": true,
      "name": "IMPALING",
      "type": "io.papermc.paper.registry.TypedKey"
    },
    {
      "static": true,
      "name": "INFINITY",
      "type": "io.papermc.paper.registry.TypedKey"
    },
    {
      "static": true,
      "name": "KNOCKBACK",
      "type": "io.papermc.paper.registry.TypedKey"
    },
    {
      "static": true,
      "name": "LOOTING",
      "type": "io.papermc.paper.registry.TypedKey"
    },
    {
      "static": true,
      "name": "LOYALTY",
      "type": "io.papermc.paper.registry.TypedKey"
    },
    {
      "static": true,
      "name": "LUCK_OF_THE_SEA",
      "type": "io.papermc.paper.registry.TypedKey"
    },
    {
      "static": true,
      "name": "LURE",
      "type": "io.papermc.paper.registry.TypedKey"
    },
    {
      "static": true,
      "name": "MENDING",
      "type": "io.papermc.paper.registry.TypedKey"
    },
    {
      "static": true,
      "name": "MULTISHOT",
      "type": "io.papermc.paper.registry.TypedKey"
    },
    {
      "static": true,
      "name": "PIERCING",
      "type": "io.papermc.paper.registry.TypedKey"
    },
    {
      "static": true,
      "name": "POWER",
      "type": "io.papermc.paper.registry.TypedKey"
    },
    {
      "static": true,
      "name": "PROJECTILE_PROTECTION",
      "type": "io.papermc.paper.registry.TypedKey"
    },
    {
      "static": true,
      "name": "PROTECTION",
      "type": "io.papermc.paper.registry.TypedKey"
    },
    {
      "static": true,
      "name": "PUNCH",
      "type": "io.papermc.paper.registry.TypedKey"
    },
    {
      "static": true,
      "name": "QUICK_CHARGE",
      "type": "io.papermc.paper.registry.TypedKey"
    },
    {
      "static": true,
      "name": "RESPIRATION",
      "type": "io.papermc.paper.registry.TypedKey"
    },
    {
      "static": true,
      "name": "RIPTIDE",
      "type": "io.papermc.paper.registry.TypedKey"
    },
    {
      "static": true,
      "name": "SHARPNESS",
      "type": "io.papermc.paper.registry.TypedKey"
    },
    {
      "static": true,
      "name": "SILK_TOUCH",
      "type": "io.papermc.paper.registry.TypedKey"
    },
    {
      "static": true,
      "name": "SMITE",
      "type": "io.papermc.paper.registry.TypedKey"
    },
    {
      "static": true,
      "name": "SOUL_SPEED",
      "type": "io.papermc.paper.registry.TypedKey"
    },
    {
      "static": true,
      "name": "SWEEPING_EDGE",
      "type": "io.papermc.paper.registry.TypedKey"
    },
    {
      "static": true,
      "name": "SWIFT_SNEAK",
      "type": "io.papermc.paper.registry.TypedKey"
    },
    {
      "static": true,
      "name": "THORNS",
      "type": "io.papermc.paper.registry.TypedKey"
    },
    {
      "static": true,
      "name": "UNBREAKING",
      "type": "io.papermc.paper.registry.TypedKey"
    },
    {
      "static": true,
      "name": "VANISHING_CURSE",
      "type": "io.papermc.paper.registry.TypedKey"
    },
    {
      "static": true,
      "name": "WIND_BURST",
      "type": "io.papermc.paper.registry.TypedKey"
    }
  ]
}