{"package":"io.papermc.paper.registry.keys","methods":[{"name":"getClass","return":"java.lang.Class"},{"name":"hashCode","return":"int"},{"name":"equals","parameters":[{"name":"arg0","type":"java.lang.Object"}],"return":"boolean"},{"name":"toString","return":"java.lang.String"},{"name":"notify"},{"name":"notifyAll"},{"name":"wait"},{"name":"wait","parameters":[{"name":"arg0","type":"long"}]},{"name":"wait","parameters":[{"name":"arg0","type":"long"},{"name":"arg1","type":"int"}]},{"static":true,"name":"create","parameters":[{"name":"key","type":"net.kyori.adventure.key.Key"}],"return":"io.papermc.paper.registry.TypedKey"}],"name":"io.papermc.paper.registry.keys.DamageTypeKeys","simple-name":"DamageTypeKeys","fields":[{"static":true,"name":"ARROW","type":"io.papermc.paper.registry.TypedKey"},{"static":true,"name":"BAD_RESPAWN_POINT","type":"io.papermc.paper.registry.TypedKey"},{"static":true,"name":"CACTUS","type":"io.papermc.paper.registry.TypedKey"},{"static":true,"name":"CAMPFIRE","type":"io.papermc.paper.registry.TypedKey"},{"static":true,"name":"CRAMMING","type":"io.papermc.paper.registry.TypedKey"},{"static":true,"name":"DRAGON_BREATH","type":"io.papermc.paper.registry.TypedKey"},{"static":true,"name":"DROWN","type":"io.papermc.paper.registry.TypedKey"},{"static":true,"name":"DRY_OUT","type":"io.papermc.paper.registry.TypedKey"},{"static":true,"name":"EXPLOSION","type":"io.papermc.paper.registry.TypedKey"},{"static":true,"name":"FALL","type":"io.papermc.paper.registry.TypedKey"},{"static":true,"name":"FALLING_ANVIL","type":"io.papermc.paper.registry.TypedKey"},{"static":true,"name":"FALLING_BLOCK","type":"io.papermc.paper.registry.TypedKey"},{"static":true,"name":"FALLING_STALACTITE","type":"io.papermc.paper.registry.TypedKey"},{"static":true,"name":"FIREBALL","type":"io.papermc.paper.registry.TypedKey"},{"static":true,"name":"FIREWORKS","type":"io.papermc.paper.registry.TypedKey"},{"static":true,"name":"FLY_INTO_WALL","type":"io.papermc.paper.registry.TypedKey"},{"static":true,"name":"FREEZE","type":"io.papermc.paper.registry.TypedKey"},{"static":true,"name":"GENERIC","type":"io.papermc.paper.registry.TypedKey"},{"static":true,"name":"GENERIC_KILL","type":"io.papermc.paper.registry.TypedKey"},{"static":true,"name":"HOT_FLOOR","type":"io.papermc.paper.registry.TypedKey"},{"static":true,"name":"IN_FIRE","type":"io.papermc.paper.registry.TypedKey"},{"static":true,"name":"IN_WALL","type":"io.papermc.paper.registry.TypedKey"},{"static":true,"name":"INDIRECT_MAGIC","type":"io.papermc.paper.registry.TypedKey"},{"static":true,"name":"LAVA","type":"io.papermc.paper.registry.TypedKey"},{"static":true,"name":"LIGHTNING_BOLT","type":"io.papermc.paper.registry.TypedKey"},{"static":true,"name":"MAGIC","type":"io.papermc.paper.registry.TypedKey"},{"static":true,"name":"MOB_ATTACK","type":"io.papermc.paper.registry.TypedKey"},{"static":true,"name":"MOB_ATTACK_NO_AGGRO","type":"io.papermc.paper.registry.TypedKey"},{"static":true,"name":"MOB_PROJECTILE","type":"io.papermc.paper.registry.TypedKey"},{"static":true,"name":"ON_FIRE","type":"io.papermc.paper.registry.TypedKey"},{"static":true,"name":"OUT_OF_WORLD","type":"io.papermc.paper.registry.TypedKey"},{"static":true,"name":"OUTSIDE_BORDER","type":"io.papermc.paper.registry.TypedKey"},{"static":true,"name":"PLAYER_ATTACK","type":"io.papermc.paper.registry.TypedKey"},{"static":true,"name":"PLAYER_EXPLOSION","type":"io.papermc.paper.registry.TypedKey"},{"static":true,"name":"SONIC_BOOM","type":"io.papermc.paper.registry.TypedKey"},{"static":true,"name":"SPIT","type":"io.papermc.paper.registry.TypedKey"},{"static":true,"name":"STALAGMITE","type":"io.papermc.paper.registry.TypedKey"},{"static":true,"name":"STARVE","type":"io.papermc.paper.registry.TypedKey"},{"static":true,"name":"STING","type":"io.papermc.paper.registry.TypedKey"},{"static":true,"name":"SWEET_BERRY_BUSH","type":"io.papermc.paper.registry.TypedKey"},{"static":true,"name":"THORNS","type":"io.papermc.paper.registry.TypedKey"},{"static":true,"name":"THROWN","type":"io.papermc.paper.registry.TypedKey"},{"static":true,"name":"TRIDENT","type":"io.papermc.paper.registry.TypedKey"},{"static":true,"name":"UNATTRIBUTED_FIREBALL","type":"io.papermc.paper.registry.TypedKey"},{"static":true,"name":"WIND_CHARGE","type":"io.papermc.paper.registry.TypedKey"},{"static":true,"name":"WITHER","type":"io.papermc.paper.registry.TypedKey"},{"static":true,"name":"WITHER_SKULL","type":"io.papermc.paper.registry.TypedKey"}]}