{"package":"io.papermc.paper.advancement","methods":[{"name":"getClass","return":"java.lang.Class"},{"name":"notify"},{"name":"notifyAll"},{"name":"wait"},{"name":"wait","parameters":[{"name":"arg0","type":"long"}]},{"name":"wait","parameters":[{"name":"arg0","type":"long"},{"name":"arg1","type":"int"}]},{"name":"name","return":"java.lang.String"},{"name":"ordinal","return":"int"},{"name":"toString","return":"java.lang.String"},{"name":"equals","parameters":[{"name":"arg0","type":"java.lang.Object"}],"return":"boolean"},{"name":"hashCode","return":"int"},{"name":"compareTo","parameters":[{"name":"arg0","type":"java.lang.Enum"}],"return":"int"},{"name":"getDeclaringClass","return":"java.lang.Class"},{"name":"describeConstable","return":"java.util.Optional"},{"static":true,"name":"valueOf","parameters":[{"name":"arg0","type":"java.lang.Class"},{"name":"arg1","type":"java.lang.String"}],"return":"java.lang.Enum"},{"static":true,"name":"values","return":"io.papermc.paper.advancement.AdvancementDisplay.Frame[]"},{"static":true,"name":"valueOf","parameters":[{"name":"name","type":"java.lang.String"}],"return":"io.papermc.paper.advancement.AdvancementDisplay.Frame"},{"name":"color","return":"net.kyori.adventure.text.format.TextColor"},{"name":"translationKey","return":"java.lang.String"}],"name":"io.papermc.paper.advancement.AdvancementDisplay.Frame","simple-name":"Frame","fields":[{"static":true,"name":"CHALLENGE","type":"io.papermc.paper.advancement.AdvancementDisplay.Frame"},{"static":true,"name":"GOAL","type":"io.papermc.paper.advancement.AdvancementDisplay.Frame"},{"static":true,"name":"TASK","type":"io.papermc.paper.advancement.AdvancementDisplay.Frame"},{"static":true,"name":"NAMES","type":"net.kyori.adventure.util.Index"}]}