{"constructors":[{"name":"<init>","parameters":[{"name":"player","type":"org.bukkit.entity.Player"},{"name":"targetSlot","type":"int"},{"name":"sourceSlot","type":"int"}]}],"package":"io.papermc.paper.event.player","methods":[{"name":"getClass","return":"java.lang.Class"},{"name":"hashCode","return":"int"},{"name":"equals","parameters":[{"name":"arg0","type":"java.lang.Object"}],"return":"boolean"},{"name":"toString","return":"java.lang.String"},{"name":"notify"},{"name":"notifyAll"},{"name":"wait"},{"name":"wait","parameters":[{"name":"arg0","type":"long"}]},{"name":"wait","parameters":[{"name":"arg0","type":"long"},{"name":"arg1","type":"int"}]},{"name":"callEvent","return":"boolean"},{"name":"getEventName","return":"java.lang.String"},{"name":"isAsynchronous","return":"boolean"},{"name":"getPlayer","return":"org.bukkit.entity.Player"},{"name":"getTargetSlot","return":"to=8L) int"},{"name":"setTargetSlot","parameters":[{"name":"targetSlot","type":"to=8L) int"}]},{"name":"getSourceSlot","return":"to=35L) int"},{"name":"setSourceSlot","parameters":[{"name":"sourceSlot","type":"to=35L) int"}]},{"name":"isCancelled","return":"boolean"},{"name":"setCancelled","parameters":[{"name":"cancel","type":"boolean"}]},{"name":"getHandlers","return":"org.bukkit.event.HandlerList"},{"static":true,"name":"getHandlerList","return":"org.bukkit.event.HandlerList"}],"name":"io.papermc.paper.event.player.PlayerPickItemEvent","simple-name":"PlayerPickItemEvent"}