{
  "package": "io.papermc.paper.datacomponent.item",
  "methods": [
    {
      "name": "getClass",
      "return": "java.lang.Class"
    },
    {
      "name": "hashCode",
      "return": "int"
    },
    {
      "name": "equals",
      "parameters": [{
        "name": "arg0",
        "type": "java.lang.Object"
      }],
      "return": "boolean"
    },
    {
      "name": "toString",
      "return": "java.lang.String"
    },
    {"name": "notify"},
    {"name": "notifyAll"},
    {"name": "wait"},
    {
      "name": "wait",
      "parameters": [{
        "name": "arg0",
        "type": "long"
      }]
    },
    {
      "name": "wait",
      "parameters": [
        {
          "name": "arg0",
          "type": "long"
        },
        {
          "name": "arg1",
          "type": "int"
        }
      ]
    },
    {
      "name": "build",
      "return": "java.lang.Object"
    },
    {
      "name": "addPage",
      "parameters": [{
        "name": "page",
        "type": "java.lang.String"
      }],
      "return": "io.papermc.paper.datacomponent.item.WritableBookContent.Builder"
    },
    {
      "name": "addPages",
      "parameters": [{
        "name": "pages",
        "type": "java.util.List"
      }],
      "return": "io.papermc.paper.datacomponent.item.WritableBookContent.Builder"
    },
    {
      "name": "addFilteredPage",
      "parameters": [{
        "name": "page",
        "type": "io.papermc.paper.text.Filtered"
      }],
      "return": "io.papermc.paper.datacomponent.item.WritableBookContent.Builder"
    },
    {
      "name": "addFilteredPages",
      "parameters": [{
        "name": "pages",
        "type": "java.util.List"
      }],
      "return": "io.papermc.paper.datacomponent.item.WritableBookContent.Builder"
    }
  ],
  "name": "io.papermc.paper.datacomponent.item.WritableBookContent.Builder",
  "simple-name": "Builder"
}