{
  "package": "io.papermc.paper.datacomponent.item.attribute",
  "methods": [
    {
      "name": "getClass",
      "return": "java.lang.Class"
    },
    {
      "name": "hashCode",
      "return": "int"
    },
    {
      "name": "equals",
      "parameters": [{
        "name": "arg0",
        "type": "java.lang.Object"
      }],
      "return": "boolean"
    },
    {
      "name": "toString",
      "return": "java.lang.String"
    },
    {"name": "notify"},
    {"name": "notifyAll"},
    {"name": "wait"},
    {
      "name": "wait",
      "parameters": [{
        "name": "arg0",
        "type": "long"
      }]
    },
    {
      "name": "wait",
      "parameters": [
        {
          "name": "arg0",
          "type": "long"
        },
        {
          "name": "arg1",
          "type": "int"
        }
      ]
    },
    {
      "static": true,
      "name": "reset",
      "return": "io.papermc.paper.datacomponent.item.attribute.AttributeModifierDisplay.Default"
    },
    {
      "static": true,
      "name": "hidden",
      "return": "io.papermc.paper.datacomponent.item.attribute.AttributeModifierDisplay.Hidden"
    },
    {
      "static": true,
      "name": "override",
      "parameters": [{
        "name": "text",
        "type": "net.kyori.adventure.text.ComponentLike"
      }],
      "return": "io.papermc.paper.datacomponent.item.attribute.AttributeModifierDisplay.OverrideText"
    }
  ],
  "name": "io.papermc.paper.datacomponent.item.attribute.AttributeModifierDisplay",
  "simple-name": "AttributeModifierDisplay"
}