{"package":"io.papermc.paper.registry","methods":[{"name":"getClass","return":"java.lang.Class"},{"name":"hashCode","return":"int"},{"name":"equals","parameters":[{"name":"arg0","type":"java.lang.Object"}],"return":"boolean"},{"name":"toString","return":"java.lang.String"},{"name":"notify"},{"name":"notifyAll"},{"name":"wait"},{"name":"wait","parameters":[{"name":"arg0","type":"long"}]},{"name":"wait","parameters":[{"name":"arg0","type":"long"},{"name":"arg1","type":"int"}]},{"static":true,"name":"registryAccess","return":"io.papermc.paper.registry.RegistryAccess"},{"name":"getRegistry","parameters":[{"name":"type","type":"java.lang.Class"}],"return":"org.bukkit.Registry"},{"name":"getRegistry","parameters":[{"name":"registryKey","type":"io.papermc.paper.registry.RegistryKey"}],"return":"org.bukkit.Registry"}],"name":"io.papermc.paper.registry.RegistryAccess","simple-name":"RegistryAccess"}