{
  "package": "io.papermc.paper",
  "methods": [
    {
      "name": "getClass",
      "return": "java.lang.Class"
    },
    {
      "name": "hashCode",
      "return": "int"
    },
    {
      "name": "equals",
      "parameters": [{
        "name": "arg0",
        "type": "java.lang.Object"
      }],
      "return": "boolean"
    },
    {
      "name": "toString",
      "return": "java.lang.String"
    },
    {"name": "notify"},
    {"name": "notifyAll"},
    {"name": "wait"},
    {
      "name": "wait",
      "parameters": [{
        "name": "arg0",
        "type": "long"
      }]
    },
    {
      "name": "wait",
      "parameters": [
        {
          "name": "arg0",
          "type": "long"
        },
        {
          "name": "arg1",
          "type": "int"
        }
      ]
    },
    {
      "static": true,
      "name": "get",
      "return": "io.papermc.paper.InternalAPIBridge"
    },
    {
      "name": "getDamageEffect",
      "parameters": [{
        "name": "key",
        "type": "java.lang.String"
      }],
      "return": "org.bukkit.damage.DamageEffect"
    },
    {
      "name": "constructLegacyCustomBiome",
      "return": "org.bukkit.block.Biome"
    },
    {
      "name": "createCombatEntry",
      "parameters": [
        {
          "name": "entity",
          "type": "org.bukkit.entity.LivingEntity"
        },
        {
          "name": "damageSource",
          "type": "org.bukkit.damage.DamageSource"
        },
        {
          "name": "damage",
          "type": "float"
        }
      ],
      "return": "io.papermc.paper.world.damagesource.CombatEntry"
    },
    {
      "name": "createCombatEntry",
      "parameters": [
        {
          "name": "damageSource",
          "type": "org.bukkit.damage.DamageSource"
        },
        {
          "name": "damage",
          "type": "float"
        },
        {
          "name": "fallLocationType",
          "type": "io.papermc.paper.world.damagesource.FallLocationType"
        },
        {
          "name": "fallDistance",
          "type": "float"
        }
      ],
      "return": "io.papermc.paper.world.damagesource.CombatEntry"
    },
    {
      "name": "restricted",
      "parameters": [{
        "name": "predicate",
        "type": "java.util.function.Predicate"
      }],
      "return": "java.util.function.Predicate"
    }
  ],
  "name": "io.papermc.paper.InternalAPIBridge",
  "simple-name": "InternalAPIBridge"
}