{
  "package": "io.papermc.paper.registry.keys.tags",
  "methods": [
    {
      "name": "getClass",
      "return": "java.lang.Class"
    },
    {
      "name": "hashCode",
      "return": "int"
    },
    {
      "name": "equals",
      "parameters": [{
        "name": "arg0",
        "type": "java.lang.Object"
      }],
      "return": "boolean"
    },
    {
      "name": "toString",
      "return": "java.lang.String"
    },
    {"name": "notify"},
    {"name": "notifyAll"},
    {"name": "wait"},
    {
      "name": "wait",
      "parameters": [{
        "name": "arg0",
        "type": "long"
      }]
    },
    {
      "name": "wait",
      "parameters": [
        {
          "name": "arg0",
          "type": "long"
        },
        {
          "name": "arg1",
          "type": "int"
        }
      ]
    },
    {
      "static": true,
      "name": "create",
      "parameters": [{
        "name": "key",
        "type": "net.kyori.adventure.key.Key"
      }],
      "return": "io.papermc.paper.registry.tag.TagKey"
    }
  ],
  "name": "io.papermc.paper.registry.keys.tags.EnchantmentTagKeys",
  "simple-name": "EnchantmentTagKeys",
  "fields": [
    {
      "static": true,
      "name": "CURSE",
      "type": "io.papermc.paper.registry.tag.TagKey"
    },
    {
      "static": true,
      "name": "DOUBLE_TRADE_PRICE",
      "type": "io.papermc.paper.registry.tag.TagKey"
    },
    {
      "static": true,
      "name": "EXCLUSIVE_SET_ARMOR",
      "type": "io.papermc.paper.registry.tag.TagKey"
    },
    {
      "static": true,
      "name": "EXCLUSIVE_SET_BOOTS",
      "type": "io.papermc.paper.registry.tag.TagKey"
    },
    {
      "static": true,
      "name": "EXCLUSIVE_SET_BOW",
      "type": "io.papermc.paper.registry.tag.TagKey"
    },
    {
      "static": true,
      "name": "EXCLUSIVE_SET_CROSSBOW",
      "type": "io.papermc.paper.registry.tag.TagKey"
    },
    {
      "static": true,
      "name": "EXCLUSIVE_SET_DAMAGE",
      "type": "io.papermc.paper.registry.tag.TagKey"
    },
    {
      "static": true,
      "name": "EXCLUSIVE_SET_MINING",
      "type": "io.papermc.paper.registry.tag.TagKey"
    },
    {
      "static": true,
      "name": "EXCLUSIVE_SET_RIPTIDE",
      "type": "io.papermc.paper.registry.tag.TagKey"
    },
    {
      "static": true,
      "name": "IN_ENCHANTING_TABLE",
      "type": "io.papermc.paper.registry.tag.TagKey"
    },
    {
      "static": true,
      "name": "NON_TREASURE",
      "type": "io.papermc.paper.registry.tag.TagKey"
    },
    {
      "static": true,
      "name": "ON_MOB_SPAWN_EQUIPMENT",
      "type": "io.papermc.paper.registry.tag.TagKey"
    },
    {
      "static": true,
      "name": "ON_RANDOM_LOOT",
      "type": "io.papermc.paper.registry.tag.TagKey"
    },
    {
      "static": true,
      "name": "ON_TRADED_EQUIPMENT",
      "type": "io.papermc.paper.registry.tag.TagKey"
    },
    {
      "static": true,
      "name": "PREVENTS_BEE_SPAWNS_WHEN_MINING",
      "type": "io.papermc.paper.registry.tag.TagKey"
    },
    {
      "static": true,
      "name": "PREVENTS_DECORATED_POT_SHATTERING",
      "type": "io.papermc.paper.registry.tag.TagKey"
    },
    {
      "static": true,
      "name": "PREVENTS_ICE_MELTING",
      "type": "io.papermc.paper.registry.tag.TagKey"
    },
    {
      "static": true,
      "name": "PREVENTS_INFESTED_SPAWNS",
      "type": "io.papermc.paper.registry.tag.TagKey"
    },
    {
      "static": true,
      "name": "SMELTS_LOOT",
      "type": "io.papermc.paper.registry.tag.TagKey"
    },
    {
      "static": true,
      "name": "TOOLTIP_ORDER",
      "type": "io.papermc.paper.registry.tag.TagKey"
    },
    {
      "static": true,
      "name": "TRADEABLE",
      "type": "io.papermc.paper.registry.tag.TagKey"
    },
    {
      "static": true,
      "name": "TRADES_DESERT_COMMON",
      "type": "io.papermc.paper.registry.tag.TagKey"
    },
    {
      "static": true,
      "name": "TRADES_DESERT_SPECIAL",
      "type": "io.papermc.paper.registry.tag.TagKey"
    },
    {
      "static": true,
      "name": "TRADES_JUNGLE_COMMON",
      "type": "io.papermc.paper.registry.tag.TagKey"
    },
    {
      "static": true,
      "name": "TRADES_JUNGLE_SPECIAL",
      "type": "io.papermc.paper.registry.tag.TagKey"
    },
    {
      "static": true,
      "name": "TRADES_PLAINS_COMMON",
      "type": "io.papermc.paper.registry.tag.TagKey"
    },
    {
      "static": true,
      "name": "TRADES_PLAINS_SPECIAL",
      "type": "io.papermc.paper.registry.tag.TagKey"
    },
    {
      "static": true,
      "name": "TRADES_SAVANNA_COMMON",
      "type": "io.papermc.paper.registry.tag.TagKey"
    },
    {
      "static": true,
      "name": "TRADES_SAVANNA_SPECIAL",
      "type": "io.papermc.paper.registry.tag.TagKey"
    },
    {
      "static": true,
      "name": "TRADES_SNOW_COMMON",
      "type": "io.papermc.paper.registry.tag.TagKey"
    },
    {
      "static": true,
      "name": "TRADES_SNOW_SPECIAL",
      "type": "io.papermc.paper.registry.tag.TagKey"
    },
    {
      "static": true,
      "name": "TRADES_SWAMP_COMMON",
      "type": "io.papermc.paper.registry.tag.TagKey"
    },
    {
      "static": true,
      "name": "TRADES_SWAMP_SPECIAL",
      "type": "io.papermc.paper.registry.tag.TagKey"
    },
    {
      "static": true,
      "name": "TRADES_TAIGA_COMMON",
      "type": "io.papermc.paper.registry.tag.TagKey"
    },
    {
      "static": true,
      "name": "TRADES_TAIGA_SPECIAL",
      "type": "io.papermc.paper.registry.tag.TagKey"
    },
    {
      "static": true,
      "name": "TREASURE",
      "type": "io.papermc.paper.registry.tag.TagKey"
    }
  ]
}