{"package":"io.papermc.paper.registry.event","methods":[{"name":"getClass","return":"java.lang.Class"},{"name":"hashCode","return":"int"},{"name":"equals","parameters":[{"name":"arg0","type":"java.lang.Object"}],"return":"boolean"},{"name":"toString","return":"java.lang.String"},{"name":"notify"},{"name":"notifyAll"},{"name":"wait"},{"name":"wait","parameters":[{"name":"arg0","type":"long"}]},{"name":"wait","parameters":[{"name":"arg0","type":"long"},{"name":"arg1","type":"int"}]}],"name":"io.papermc.paper.registry.event.RegistryEvents","simple-name":"RegistryEvents","fields":[{"static":true,"name":"GAME_EVENT","type":"io.papermc.paper.registry.event.RegistryEventProvider"},{"static":true,"name":"ENCHANTMENT","type":"io.papermc.paper.registry.event.RegistryEventProvider"}]}