{"constructors":[{"name":"<init>","parameters":[{"name":"player","type":"org.bukkit.entity.Player"},{"name":"itemFrame","type":"org.bukkit.entity.ItemFrame"},{"name":"itemStack","type":"org.bukkit.inventory.ItemStack"},{"name":"action","type":"io.papermc.paper.event.player.PlayerItemFrameChangeEvent.ItemFrameChangeAction"}]}],"package":"io.papermc.paper.event.player","methods":[{"name":"getClass","return":"java.lang.Class"},{"name":"hashCode","return":"int"},{"name":"equals","parameters":[{"name":"arg0","type":"java.lang.Object"}],"return":"boolean"},{"name":"toString","return":"java.lang.String"},{"name":"notify"},{"name":"notifyAll"},{"name":"wait"},{"name":"wait","parameters":[{"name":"arg0","type":"long"}]},{"name":"wait","parameters":[{"name":"arg0","type":"long"},{"name":"arg1","type":"int"}]},{"name":"callEvent","return":"boolean"},{"name":"getEventName","return":"java.lang.String"},{"name":"isAsynchronous","return":"boolean"},{"name":"getPlayer","return":"org.bukkit.entity.Player"},{"name":"getItemFrame","return":"org.bukkit.entity.ItemFrame"},{"name":"getItemStack","return":"org.bukkit.inventory.ItemStack"},{"name":"setItemStack","parameters":[{"name":"itemStack","type":"org.bukkit.inventory.ItemStack"}]},{"name":"getAction","return":"io.papermc.paper.event.player.PlayerItemFrameChangeEvent.ItemFrameChangeAction"},{"name":"isCancelled","return":"boolean"},{"name":"setCancelled","parameters":[{"name":"cancel","type":"boolean"}]},{"name":"getHandlers","return":"org.bukkit.event.HandlerList"},{"static":true,"name":"getHandlerList","return":"org.bukkit.event.HandlerList"}],"name":"io.papermc.paper.event.player.PlayerItemFrameChangeEvent","simple-name":"PlayerItemFrameChangeEvent"}