{
  "package": "io.papermc.paper.threadedregions.scheduler",
  "methods": [
    {
      "name": "getClass",
      "return": "java.lang.Class"
    },
    {
      "name": "hashCode",
      "return": "int"
    },
    {
      "name": "equals",
      "parameters": [{
        "name": "arg0",
        "type": "java.lang.Object"
      }],
      "return": "boolean"
    },
    {
      "name": "toString",
      "return": "java.lang.String"
    },
    {"name": "notify"},
    {"name": "notifyAll"},
    {"name": "wait"},
    {
      "name": "wait",
      "parameters": [{
        "name": "arg0",
        "type": "long"
      }]
    },
    {
      "name": "wait",
      "parameters": [
        {
          "name": "arg0",
          "type": "long"
        },
        {
          "name": "arg1",
          "type": "int"
        }
      ]
    },
    {
      "name": "execute",
      "parameters": [
        {
          "name": "plugin",
          "type": "org.bukkit.plugin.Plugin"
        },
        {
          "name": "run",
          "type": "java.lang.Runnable"
        },
        {
          "name": "retired",
          "type": "java.lang.Runnable"
        },
        {
          "name": "delay",
          "type": "long"
        }
      ],
      "return": "boolean"
    },
    {
      "name": "run",
      "parameters": [
        {
          "name": "plugin",
          "type": "org.bukkit.plugin.Plugin"
        },
        {
          "name": "task",
          "type": "java.util.function.Consumer"
        },
        {
          "name": "retired",
          "type": "java.lang.Runnable"
        }
      ],
      "return": "io.papermc.paper.threadedregions.scheduler.ScheduledTask"
    },
    {
      "name": "runDelayed",
      "parameters": [
        {
          "name": "plugin",
          "type": "org.bukkit.plugin.Plugin"
        },
        {
          "name": "task",
          "type": "java.util.function.Consumer"
        },
        {
          "name": "retired",
          "type": "java.lang.Runnable"
        },
        {
          "name": "delayTicks",
          "type": "long"
        }
      ],
      "return": "io.papermc.paper.threadedregions.scheduler.ScheduledTask"
    },
    {
      "name": "runAtFixedRate",
      "parameters": [
        {
          "name": "plugin",
          "type": "org.bukkit.plugin.Plugin"
        },
        {
          "name": "task",
          "type": "java.util.function.Consumer"
        },
        {
          "name": "retired",
          "type": "java.lang.Runnable"
        },
        {
          "name": "initialDelayTicks",
          "type": "long"
        },
        {
          "name": "periodTicks",
          "type": "long"
        }
      ],
      "return": "io.papermc.paper.threadedregions.scheduler.ScheduledTask"
    }
  ],
  "name": "io.papermc.paper.threadedregions.scheduler.EntityScheduler",
  "simple-name": "EntityScheduler"
}