{"constructors":[{"name":"<init>","parameters":[{"name":"block","type":"org.bukkit.block.Block"},{"name":"source","type":"org.bukkit.block.Block"},{"name":"drops","type":"java.util.List"}]}],"package":"io.papermc.paper.event.block","methods":[{"name":"getClass","return":"java.lang.Class"},{"name":"hashCode","return":"int"},{"name":"equals","parameters":[{"name":"arg0","type":"java.lang.Object"}],"return":"boolean"},{"name":"toString","return":"java.lang.String"},{"name":"notify"},{"name":"notifyAll"},{"name":"wait"},{"name":"wait","parameters":[{"name":"arg0","type":"long"}]},{"name":"wait","parameters":[{"name":"arg0","type":"long"},{"name":"arg1","type":"int"}]},{"name":"callEvent","return":"boolean"},{"name":"getEventName","return":"java.lang.String"},{"name":"isAsynchronous","return":"boolean"},{"name":"getBlock","return":"org.bukkit.block.Block"},{"name":"getExpToDrop","return":"int"},{"name":"setExpToDrop","parameters":[{"name":"exp","type":"int"}]},{"static":true,"name":"getHandlerList","return":"org.bukkit.event.HandlerList"},{"name":"getDrops","return":"java.util.List"},{"name":"getSource","return":"org.bukkit.block.Block"},{"name":"getHandlers","return":"org.bukkit.event.HandlerList"},{"static":true,"name":"getHandlerList","return":"org.bukkit.event.HandlerList"}],"name":"io.papermc.paper.event.block.BlockBreakBlockEvent","simple-name":"BlockBreakBlockEvent"}