{
  "package": "io.papermc.paper.registry.data",
  "methods": [
    {
      "name": "getClass",
      "return": "java.lang.Class"
    },
    {
      "name": "hashCode",
      "return": "int"
    },
    {
      "name": "equals",
      "parameters": [{
        "name": "arg0",
        "type": "java.lang.Object"
      }],
      "return": "boolean"
    },
    {
      "name": "toString",
      "return": "java.lang.String"
    },
    {"name": "notify"},
    {"name": "notifyAll"},
    {"name": "wait"},
    {
      "name": "wait",
      "parameters": [{
        "name": "arg0",
        "type": "long"
      }]
    },
    {
      "name": "wait",
      "parameters": [
        {
          "name": "arg0",
          "type": "long"
        },
        {
          "name": "arg1",
          "type": "int"
        }
      ]
    },
    {
      "name": "clientTextureAsset",
      "return": "io.papermc.paper.registry.data.client.ClientTextureAsset"
    },
    {
      "name": "model",
      "return": "io.papermc.paper.registry.data.ChickenVariantRegistryEntry.Model"
    },
    {
      "name": "clientTextureAsset",
      "parameters": [{
        "name": "clientTextureAsset",
        "type": "io.papermc.paper.registry.data.client.ClientTextureAsset"
      }],
      "return": "io.papermc.paper.registry.data.ChickenVariantRegistryEntry.Builder"
    },
    {
      "name": "model",
      "parameters": [{
        "name": "model",
        "type": "io.papermc.paper.registry.data.ChickenVariantRegistryEntry.Model"
      }],
      "return": "io.papermc.paper.registry.data.ChickenVariantRegistryEntry.Builder"
    }
  ],
  "name": "io.papermc.paper.registry.data.ChickenVariantRegistryEntry.Builder",
  "simple-name": "Builder"
}