{"constructors":[{"name":"<init>","parameters":[{"name":"async","type":"boolean"},{"name":"player","type":"org.bukkit.entity.Player"},{"name":"originalMessage","type":"net.kyori.adventure.text.Component"},{"name":"result","type":"net.kyori.adventure.text.Component"}]}],"package":"io.papermc.paper.event.player","methods":[{"name":"getClass","return":"java.lang.Class"},{"name":"hashCode","return":"int"},{"name":"equals","parameters":[{"name":"arg0","type":"java.lang.Object"}],"return":"boolean"},{"name":"toString","return":"java.lang.String"},{"name":"notify"},{"name":"notifyAll"},{"name":"wait"},{"name":"wait","parameters":[{"name":"arg0","type":"long"}]},{"name":"wait","parameters":[{"name":"arg0","type":"long"},{"name":"arg1","type":"int"}]},{"name":"callEvent","return":"boolean"},{"name":"getEventName","return":"java.lang.String"},{"name":"isAsynchronous","return":"boolean"},{"name":"player","return":"org.bukkit.entity.Player"},{"name":"originalMessage","return":"net.kyori.adventure.text.Component"},{"name":"result","return":"net.kyori.adventure.text.Component"},{"name":"result","parameters":[{"name":"result","type":"net.kyori.adventure.text.Component"}]},{"name":"isPreview","return":"boolean"},{"name":"isCancelled","return":"boolean"},{"name":"setCancelled","parameters":[{"name":"cancel","type":"boolean"}]},{"name":"getHandlers","return":"org.bukkit.event.HandlerList"},{"static":true,"name":"getHandlerList","return":"org.bukkit.event.HandlerList"}],"name":"io.papermc.paper.event.player.AsyncChatDecorateEvent","simple-name":"AsyncChatDecorateEvent"}