{
  "package": "io.papermc.paper.datacomponent.item",
  "methods": [
    {
      "name": "getClass",
      "return": "java.lang.Class"
    },
    {
      "name": "hashCode",
      "return": "int"
    },
    {
      "name": "equals",
      "parameters": [{
        "name": "arg0",
        "type": "java.lang.Object"
      }],
      "return": "boolean"
    },
    {
      "name": "toString",
      "return": "java.lang.String"
    },
    {"name": "notify"},
    {"name": "notifyAll"},
    {"name": "wait"},
    {
      "name": "wait",
      "parameters": [{
        "name": "arg0",
        "type": "long"
      }]
    },
    {
      "name": "wait",
      "parameters": [
        {
          "name": "arg0",
          "type": "long"
        },
        {
          "name": "arg1",
          "type": "int"
        }
      ]
    },
    {
      "static": true,
      "name": "itemArmorTrim",
      "parameters": [{
        "name": "armorTrim",
        "type": "org.bukkit.inventory.meta.trim.ArmorTrim"
      }],
      "return": "io.papermc.paper.datacomponent.item.ItemArmorTrim.Builder"
    },
    {
      "name": "armorTrim",
      "return": "org.bukkit.inventory.meta.trim.ArmorTrim"
    }
  ],
  "name": "io.papermc.paper.datacomponent.item.ItemArmorTrim",
  "simple-name": "ItemArmorTrim"
}