{
  "package": "io.papermc.paper.scoreboard.numbers",
  "methods": [
    {
      "name": "getClass",
      "return": "java.lang.Class"
    },
    {
      "name": "hashCode",
      "return": "int"
    },
    {
      "name": "equals",
      "parameters": [{
        "name": "arg0",
        "type": "java.lang.Object"
      }],
      "return": "boolean"
    },
    {
      "name": "toString",
      "return": "java.lang.String"
    },
    {"name": "notify"},
    {"name": "notifyAll"},
    {"name": "wait"},
    {
      "name": "wait",
      "parameters": [{
        "name": "arg0",
        "type": "long"
      }]
    },
    {
      "name": "wait",
      "parameters": [
        {
          "name": "arg0",
          "type": "long"
        },
        {
          "name": "arg1",
          "type": "int"
        }
      ]
    },
    {
      "static": true,
      "name": "blank",
      "return": "io.papermc.paper.scoreboard.numbers.NumberFormat"
    },
    {
      "static": true,
      "name": "noStyle",
      "return": "io.papermc.paper.scoreboard.numbers.StyledFormat"
    },
    {
      "static": true,
      "name": "styled",
      "parameters": [{
        "name": "style",
        "type": "net.kyori.adventure.text.format.Style"
      }],
      "return": "io.papermc.paper.scoreboard.numbers.StyledFormat"
    },
    {
      "static": true,
      "name": "styled",
      "parameters": [{
        "name": "styleBuilderApplicables",
        "type": "net.kyori.adventure.text.format.StyleBuilderApplicable[]"
      }],
      "return": "io.papermc.paper.scoreboard.numbers.StyledFormat"
    },
    {
      "static": true,
      "name": "fixed",
      "parameters": [{
        "name": "component",
        "type": "net.kyori.adventure.text.ComponentLike"
      }],
      "return": "io.papermc.paper.scoreboard.numbers.FixedFormat"
    }
  ],
  "name": "io.papermc.paper.scoreboard.numbers.NumberFormat",
  "simple-name": "NumberFormat"
}