{"constructors":[{"name":"<init>","parameters":[{"name":"entity","type":"org.bukkit.entity.LivingEntity"},{"name":"crossbow","type":"org.bukkit.inventory.ItemStack"},{"name":"hand","type":"org.bukkit.inventory.EquipmentSlot"}]}],"package":"io.papermc.paper.event.entity","methods":[{"name":"getClass","return":"java.lang.Class"},{"name":"hashCode","return":"int"},{"name":"equals","parameters":[{"name":"arg0","type":"java.lang.Object"}],"return":"boolean"},{"name":"toString","return":"java.lang.String"},{"name":"notify"},{"name":"notifyAll"},{"name":"wait"},{"name":"wait","parameters":[{"name":"arg0","type":"long"}]},{"name":"wait","parameters":[{"name":"arg0","type":"long"},{"name":"arg1","type":"int"}]},{"name":"callEvent","return":"boolean"},{"name":"getEventName","return":"java.lang.String"},{"name":"isAsynchronous","return":"boolean"},{"name":"getEntityType","return":"org.bukkit.entity.EntityType"},{"name":"getEntity","return":"org.bukkit.entity.LivingEntity"},{"name":"getCrossbow","return":"org.bukkit.inventory.ItemStack"},{"name":"getHand","return":"org.bukkit.inventory.EquipmentSlot"},{"name":"shouldConsumeItem","return":"boolean"},{"name":"setConsumeItem","parameters":[{"name":"consume","type":"boolean"}]},{"name":"isCancelled","return":"boolean"},{"name":"setCancelled","parameters":[{"name":"cancel","type":"boolean"}]},{"name":"getHandlers","return":"org.bukkit.event.HandlerList"},{"static":true,"name":"getHandlerList","return":"org.bukkit.event.HandlerList"}],"name":"io.papermc.paper.event.entity.EntityLoadCrossbowEvent","simple-name":"EntityLoadCrossbowEvent"}