{
  "package": "io.papermc.paper.command.brigadier",
  "methods": [
    {
      "name": "getClass",
      "return": "java.lang.Class"
    },
    {
      "name": "hashCode",
      "return": "int"
    },
    {
      "name": "equals",
      "parameters": [{
        "name": "arg0",
        "type": "java.lang.Object"
      }],
      "return": "boolean"
    },
    {
      "name": "toString",
      "return": "java.lang.String"
    },
    {"name": "notify"},
    {"name": "notifyAll"},
    {"name": "wait"},
    {
      "name": "wait",
      "parameters": [{
        "name": "arg0",
        "type": "long"
      }]
    },
    {
      "name": "wait",
      "parameters": [
        {
          "name": "arg0",
          "type": "long"
        },
        {
          "name": "arg1",
          "type": "int"
        }
      ]
    },
    {
      "name": "getLocation",
      "return": "org.bukkit.Location"
    },
    {
      "name": "getSender",
      "return": "org.bukkit.command.CommandSender"
    },
    {
      "name": "getExecutor",
      "return": "org.bukkit.entity.Entity"
    },
    {
      "name": "withLocation",
      "parameters": [{
        "name": "location",
        "type": "org.bukkit.Location"
      }],
      "return": "io.papermc.paper.command.brigadier.CommandSourceStack"
    },
    {
      "name": "withExecutor",
      "parameters": [{
        "name": "executor",
        "type": "org.bukkit.entity.Entity"
      }],
      "return": "io.papermc.paper.command.brigadier.CommandSourceStack"
    }
  ],
  "name": "io.papermc.paper.command.brigadier.CommandSourceStack",
  "simple-name": "CommandSourceStack"
}