{"constructors":[{"name":"<init>","parameters":[{"name":"path","type":"java.nio.file.Path"}]}],"package":"io.papermc.paper.plugin.loader.library.impl","methods":[{"name":"getClass","return":"java.lang.Class"},{"name":"hashCode","return":"int"},{"name":"equals","parameters":[{"name":"arg0","type":"java.lang.Object"}],"return":"boolean"},{"name":"toString","return":"java.lang.String"},{"name":"notify"},{"name":"notifyAll"},{"name":"wait"},{"name":"wait","parameters":[{"name":"arg0","type":"long"}]},{"name":"wait","parameters":[{"name":"arg0","type":"long"},{"name":"arg1","type":"int"}]},{"name":"register","parameters":[{"name":"store","type":"io.papermc.paper.plugin.loader.library.LibraryStore"}]}],"name":"io.papermc.paper.plugin.loader.library.impl.JarLibrary","simple-name":"JarLibrary"}