{
  "package": "io.papermc.paper.raytracing",
  "methods": [
    {
      "name": "getClass",
      "return": "java.lang.Class"
    },
    {
      "name": "hashCode",
      "return": "int"
    },
    {
      "name": "equals",
      "parameters": [{
        "name": "arg0",
        "type": "java.lang.Object"
      }],
      "return": "boolean"
    },
    {
      "name": "toString",
      "return": "java.lang.String"
    },
    {"name": "notify"},
    {"name": "notifyAll"},
    {"name": "wait"},
    {
      "name": "wait",
      "parameters": [{
        "name": "arg0",
        "type": "long"
      }]
    },
    {
      "name": "wait",
      "parameters": [
        {
          "name": "arg0",
          "type": "long"
        },
        {
          "name": "arg1",
          "type": "int"
        }
      ]
    },
    {
      "name": "start",
      "parameters": [{
        "name": "start",
        "type": "org.bukkit.Location"
      }],
      "return": "io.papermc.paper.raytracing.PositionedRayTraceConfigurationBuilder"
    },
    {
      "name": "direction",
      "parameters": [{
        "name": "direction",
        "type": "org.bukkit.util.Vector"
      }],
      "return": "io.papermc.paper.raytracing.PositionedRayTraceConfigurationBuilder"
    },
    {
      "name": "maxDistance",
      "parameters": [{
        "name": "maxDistance",
        "type": "double"
      }],
      "return": "io.papermc.paper.raytracing.PositionedRayTraceConfigurationBuilder"
    },
    {
      "name": "fluidCollisionMode",
      "parameters": [{
        "name": "fluidCollisionMode",
        "type": "org.bukkit.FluidCollisionMode"
      }],
      "return": "io.papermc.paper.raytracing.PositionedRayTraceConfigurationBuilder"
    },
    {
      "name": "ignorePassableBlocks",
      "parameters": [{
        "name": "ignorePassableBlocks",
        "type": "boolean"
      }],
      "return": "io.papermc.paper.raytracing.PositionedRayTraceConfigurationBuilder"
    },
    {
      "name": "raySize",
      "parameters": [{
        "name": "raySize",
        "type": "double"
      }],
      "return": "io.papermc.paper.raytracing.PositionedRayTraceConfigurationBuilder"
    },
    {
      "name": "entityFilter",
      "parameters": [{
        "name": "entityFilter",
        "type": "java.util.function.Predicate"
      }],
      "return": "io.papermc.paper.raytracing.PositionedRayTraceConfigurationBuilder"
    },
    {
      "name": "blockFilter",
      "parameters": [{
        "name": "blockFilter",
        "type": "java.util.function.Predicate"
      }],
      "return": "io.papermc.paper.raytracing.PositionedRayTraceConfigurationBuilder"
    },
    {
      "name": "targets",
      "parameters": [
        {
          "name": "first",
          "type": "io.papermc.paper.raytracing.RayTraceTarget"
        },
        {
          "name": "others",
          "type": "io.papermc.paper.raytracing.RayTraceTarget[]"
        }
      ],
      "return": "io.papermc.paper.raytracing.PositionedRayTraceConfigurationBuilder"
    }
  ],
  "name": "io.papermc.paper.raytracing.PositionedRayTraceConfigurationBuilder",
  "simple-name": "PositionedRayTraceConfigurationBuilder"
}