{"package":"io.papermc.paper.registry.keys","methods":[{"name":"getClass","return":"java.lang.Class"},{"name":"hashCode","return":"int"},{"name":"equals","parameters":[{"name":"arg0","type":"java.lang.Object"}],"return":"boolean"},{"name":"toString","return":"java.lang.String"},{"name":"notify"},{"name":"notifyAll"},{"name":"wait"},{"name":"wait","parameters":[{"name":"arg0","type":"long"}]},{"name":"wait","parameters":[{"name":"arg0","type":"long"},{"name":"arg1","type":"int"}]}],"name":"io.papermc.paper.registry.keys.InstrumentKeys","simple-name":"InstrumentKeys","fields":[{"static":true,"name":"ADMIRE_GOAT_HORN","type":"io.papermc.paper.registry.TypedKey"},{"static":true,"name":"CALL_GOAT_HORN","type":"io.papermc.paper.registry.TypedKey"},{"static":true,"name":"DREAM_GOAT_HORN","type":"io.papermc.paper.registry.TypedKey"},{"static":true,"name":"FEEL_GOAT_HORN","type":"io.papermc.paper.registry.TypedKey"},{"static":true,"name":"PONDER_GOAT_HORN","type":"io.papermc.paper.registry.TypedKey"},{"static":true,"name":"SEEK_GOAT_HORN","type":"io.papermc.paper.registry.TypedKey"},{"static":true,"name":"SING_GOAT_HORN","type":"io.papermc.paper.registry.TypedKey"},{"static":true,"name":"YEARN_GOAT_HORN","type":"io.papermc.paper.registry.TypedKey"}]}