{
  "constructors": [{
    "name": "<init>",
    "parameters": [
      {
        "name": "world",
        "type": "org.bukkit.World"
      },
      {
        "name": "commandSender",
        "type": "org.bukkit.command.CommandSender"
      },
      {
        "name": "gameRule",
        "type": "org.bukkit.GameRule"
      },
      {
        "name": "value",
        "type": "java.lang.String"
      }
    ]
  }],
  "package": "io.papermc.paper.event.world",
  "methods": [
    {
      "name": "getClass",
      "return": "java.lang.Class"
    },
    {
      "name": "hashCode",
      "return": "int"
    },
    {
      "name": "equals",
      "parameters": [{
        "name": "arg0",
        "type": "java.lang.Object"
      }],
      "return": "boolean"
    },
    {
      "name": "toString",
      "return": "java.lang.String"
    },
    {"name": "notify"},
    {"name": "notifyAll"},
    {"name": "wait"},
    {
      "name": "wait",
      "parameters": [{
        "name": "arg0",
        "type": "long"
      }]
    },
    {
      "name": "wait",
      "parameters": [
        {
          "name": "arg0",
          "type": "long"
        },
        {
          "name": "arg1",
          "type": "int"
        }
      ]
    },
    {
      "name": "callEvent",
      "return": "boolean"
    },
    {
      "name": "getEventName",
      "return": "java.lang.String"
    },
    {
      "name": "isAsynchronous",
      "return": "boolean"
    },
    {
      "name": "getWorld",
      "return": "org.bukkit.World"
    },
    {
      "name": "getCommandSender",
      "return": "org.bukkit.command.CommandSender"
    },
    {
      "name": "getGameRule",
      "return": "org.bukkit.GameRule"
    },
    {
      "name": "getValue",
      "return": "java.lang.String"
    },
    {
      "name": "setValue",
      "parameters": [{
        "name": "value",
        "type": "java.lang.String"
      }]
    },
    {
      "name": "isCancelled",
      "return": "boolean"
    },
    {
      "name": "setCancelled",
      "parameters": [{
        "name": "cancel",
        "type": "boolean"
      }]
    },
    {
      "name": "getHandlers",
      "return": "org.bukkit.event.HandlerList"
    },
    {
      "static": true,
      "name": "getHandlerList",
      "return": "org.bukkit.event.HandlerList"
    }
  ],
  "name": "io.papermc.paper.event.world.WorldGameRuleChangeEvent",
  "simple-name": "WorldGameRuleChangeEvent"
}