{
  "constructors": [{"name": "<init>"}],
  "package": "io.papermc.paper.plugin.provider.util",
  "methods": [
    {
      "name": "getClass",
      "return": "java.lang.Class"
    },
    {
      "name": "hashCode",
      "return": "int"
    },
    {
      "name": "equals",
      "parameters": [{
        "name": "arg0",
        "type": "java.lang.Object"
      }],
      "return": "boolean"
    },
    {
      "name": "toString",
      "return": "java.lang.String"
    },
    {"name": "notify"},
    {"name": "notifyAll"},
    {"name": "wait"},
    {
      "name": "wait",
      "parameters": [{
        "name": "arg0",
        "type": "long"
      }]
    },
    {
      "name": "wait",
      "parameters": [
        {
          "name": "arg0",
          "type": "long"
        },
        {
          "name": "arg1",
          "type": "int"
        }
      ]
    },
    {
      "static": true,
      "name": "loadClass",
      "parameters": [
        {
          "name": "clazz",
          "type": "java.lang.String"
        },
        {
          "name": "classType",
          "type": "java.lang.Class"
        },
        {
          "name": "loader",
          "type": "java.lang.ClassLoader"
        }
      ],
      "return": "java.lang.Object"
    },
    {
      "static": true,
      "name": "loadClass",
      "parameters": [
        {
          "name": "clazz",
          "type": "java.lang.String"
        },
        {
          "name": "classType",
          "type": "java.lang.Class"
        },
        {
          "name": "loader",
          "type": "java.lang.ClassLoader"
        },
        {
          "name": "onError",
          "type": "java.lang.Runnable"
        }
      ],
      "return": "java.lang.Object"
    }
  ],
  "name": "io.papermc.paper.plugin.provider.util.ProviderUtil",
  "simple-name": "ProviderUtil"
}