{
  "package": "io.papermc.paper.entity",
  "methods": [
    {
      "name": "getClass",
      "return": "java.lang.Class"
    },
    {
      "name": "hashCode",
      "return": "int"
    },
    {
      "name": "equals",
      "parameters": [{
        "name": "arg0",
        "type": "java.lang.Object"
      }],
      "return": "boolean"
    },
    {
      "name": "toString",
      "return": "java.lang.String"
    },
    {"name": "notify"},
    {"name": "notifyAll"},
    {"name": "wait"},
    {
      "name": "wait",
      "parameters": [{
        "name": "arg0",
        "type": "long"
      }]
    },
    {
      "name": "wait",
      "parameters": [
        {
          "name": "arg0",
          "type": "long"
        },
        {
          "name": "arg1",
          "type": "int"
        }
      ]
    },
    {
      "name": "getFrictionState",
      "return": "net.kyori.adventure.util.TriState"
    },
    {
      "name": "setFrictionState",
      "parameters": [{
        "name": "state",
        "type": "net.kyori.adventure.util.TriState"
      }]
    }
  ],
  "name": "io.papermc.paper.entity.Frictional",
  "simple-name": "Frictional"
}