{"package":"io.papermc.paper.util","methods":[{"name":"getClass","return":"java.lang.Class"},{"name":"hashCode","return":"int"},{"name":"equals","parameters":[{"name":"arg0","type":"java.lang.Object"}],"return":"boolean"},{"name":"notify"},{"name":"notifyAll"},{"name":"wait"},{"name":"wait","parameters":[{"name":"arg0","type":"long"}]},{"name":"wait","parameters":[{"name":"arg0","type":"long"},{"name":"arg1","type":"int"}]},{"name":"isSupportedBy","parameters":[{"name":"arg0","type":"java.time.temporal.Temporal"}],"return":"boolean"},{"name":"toString","return":"java.lang.String"},{"static":true,"name":"tick","return":"io.papermc.paper.util.Tick"},{"static":true,"name":"of","parameters":[{"name":"ticks","type":"long"}],"return":"java.time.Duration"},{"name":"fromDuration","parameters":[{"name":"duration","type":"java.time.Duration"}],"return":"int"},{"name":"getDuration","return":"java.time.Duration"},{"name":"isDurationEstimated","return":"boolean"},{"name":"isDateBased","return":"boolean"},{"name":"isTimeBased","return":"boolean"},{"name":"addTo","parameters":[{"name":"temporal","type":"java.time.temporal.Temporal"},{"name":"amount","type":"long"}],"return":"java.time.temporal.Temporal"},{"name":"between","parameters":[{"name":"start","type":"java.time.temporal.Temporal"},{"name":"end","type":"java.time.temporal.Temporal"}],"return":"long"}],"name":"io.papermc.paper.util.Tick","simple-name":"Tick"}