{
  "package": "io.papermc.paper.registry.keys",
  "methods": [
    {
      "name": "getClass",
      "return": "java.lang.Class"
    },
    {
      "name": "hashCode",
      "return": "int"
    },
    {
      "name": "equals",
      "parameters": [{
        "name": "arg0",
        "type": "java.lang.Object"
      }],
      "return": "boolean"
    },
    {
      "name": "toString",
      "return": "java.lang.String"
    },
    {"name": "notify"},
    {"name": "notifyAll"},
    {"name": "wait"},
    {
      "name": "wait",
      "parameters": [{
        "name": "arg0",
        "type": "long"
      }]
    },
    {
      "name": "wait",
      "parameters": [
        {
          "name": "arg0",
          "type": "long"
        },
        {
          "name": "arg1",
          "type": "int"
        }
      ]
    }
  ],
  "name": "io.papermc.paper.registry.keys.VillagerProfessionKeys",
  "simple-name": "VillagerProfessionKeys",
  "fields": [
    {
      "static": true,
      "name": "ARMORER",
      "type": "io.papermc.paper.registry.TypedKey"
    },
    {
      "static": true,
      "name": "BUTCHER",
      "type": "io.papermc.paper.registry.TypedKey"
    },
    {
      "static": true,
      "name": "CARTOGRAPHER",
      "type": "io.papermc.paper.registry.TypedKey"
    },
    {
      "static": true,
      "name": "CLERIC",
      "type": "io.papermc.paper.registry.TypedKey"
    },
    {
      "static": true,
      "name": "FARMER",
      "type": "io.papermc.paper.registry.TypedKey"
    },
    {
      "static": true,
      "name": "FISHERMAN",
      "type": "io.papermc.paper.registry.TypedKey"
    },
    {
      "static": true,
      "name": "FLETCHER",
      "type": "io.papermc.paper.registry.TypedKey"
    },
    {
      "static": true,
      "name": "LEATHERWORKER",
      "type": "io.papermc.paper.registry.TypedKey"
    },
    {
      "static": true,
      "name": "LIBRARIAN",
      "type": "io.papermc.paper.registry.TypedKey"
    },
    {
      "static": true,
      "name": "MASON",
      "type": "io.papermc.paper.registry.TypedKey"
    },
    {
      "static": true,
      "name": "NITWIT",
      "type": "io.papermc.paper.registry.TypedKey"
    },
    {
      "static": true,
      "name": "NONE",
      "type": "io.papermc.paper.registry.TypedKey"
    },
    {
      "static": true,
      "name": "SHEPHERD",
      "type": "io.papermc.paper.registry.TypedKey"
    },
    {
      "static": true,
      "name": "TOOLSMITH",
      "type": "io.papermc.paper.registry.TypedKey"
    },
    {
      "static": true,
      "name": "WEAPONSMITH",
      "type": "io.papermc.paper.registry.TypedKey"
    }
  ]
}