{
  "package": "io.papermc.paper.connection",
  "methods": [
    {
      "name": "getClass",
      "return": "java.lang.Class"
    },
    {
      "name": "hashCode",
      "return": "int"
    },
    {
      "name": "equals",
      "parameters": [{
        "name": "arg0",
        "type": "java.lang.Object"
      }],
      "return": "boolean"
    },
    {
      "name": "toString",
      "return": "java.lang.String"
    },
    {"name": "notify"},
    {"name": "notifyAll"},
    {"name": "wait"},
    {
      "name": "wait",
      "parameters": [{
        "name": "arg0",
        "type": "long"
      }]
    },
    {
      "name": "wait",
      "parameters": [
        {
          "name": "arg0",
          "type": "long"
        },
        {
          "name": "arg1",
          "type": "int"
        }
      ]
    },
    {
      "name": "disconnect",
      "parameters": [{
        "name": "component",
        "type": "net.kyori.adventure.text.Component"
      }]
    },
    {
      "name": "isTransferred",
      "return": "boolean"
    },
    {
      "name": "getAddress",
      "return": "java.net.SocketAddress"
    },
    {
      "name": "getClientAddress",
      "return": "java.net.InetSocketAddress"
    },
    {
      "name": "getVirtualHost",
      "return": "java.net.InetSocketAddress"
    },
    {
      "name": "getHAProxyAddress",
      "return": "java.net.InetSocketAddress"
    },
    {
      "name": "storeCookie",
      "parameters": [
        {
          "name": "key",
          "type": "org.bukkit.NamespacedKey"
        },
        {
          "name": "value",
          "type": "byte[]"
        }
      ]
    },
    {
      "name": "retrieveCookie",
      "parameters": [{
        "name": "key",
        "type": "org.bukkit.NamespacedKey"
      }],
      "return": "java.util.concurrent.CompletableFuture"
    },
    {
      "name": "sendReportDetails",
      "parameters": [{
        "name": "details",
        "type": "java.util.Map"
      }]
    },
    {
      "name": "sendLinks",
      "parameters": [{
        "name": "links",
        "type": "org.bukkit.ServerLinks"
      }]
    },
    {
      "name": "transfer",
      "parameters": [
        {
          "name": "host",
          "type": "java.lang.String"
        },
        {
          "name": "port",
          "type": "int"
        }
      ]
    },
    {
      "name": "getClientOption",
      "parameters": [{
        "name": "type",
        "type": "com.destroystokyo.paper.ClientOption"
      }],
      "return": "java.lang.Object"
    },
    {"name": "reenterConfiguration"},
    {
      "name": "getPlayer",
      "return": "org.bukkit.entity.Player"
    }
  ],
  "name": "io.papermc.paper.connection.PlayerGameConnection",
  "simple-name": "PlayerGameConnection"
}