{"package":"io.papermc.paper.datapack","methods":[{"name":"getClass","return":"java.lang.Class"},{"name":"hashCode","return":"int"},{"name":"equals","parameters":[{"name":"arg0","type":"java.lang.Object"}],"return":"boolean"},{"name":"toString","return":"java.lang.String"},{"name":"notify"},{"name":"notifyAll"},{"name":"wait"},{"name":"wait","parameters":[{"name":"arg0","type":"long"}]},{"name":"wait","parameters":[{"name":"arg0","type":"long"},{"name":"arg1","type":"int"}]},{"name":"getName","return":"java.lang.String"},{"name":"getCompatibility","return":"io.papermc.paper.datapack.Datapack.Compatibility"},{"name":"isEnabled","return":"boolean"},{"name":"setEnabled","parameters":[{"name":"enabled","type":"boolean"}]}],"name":"io.papermc.paper.datapack.Datapack","simple-name":"Datapack"}