{
  "package": "io.papermc.paper.registry.event",
  "methods": [
    {
      "name": "getClass",
      "return": "java.lang.Class"
    },
    {
      "name": "hashCode",
      "return": "int"
    },
    {
      "name": "equals",
      "parameters": [{
        "name": "arg0",
        "type": "java.lang.Object"
      }],
      "return": "boolean"
    },
    {
      "name": "toString",
      "return": "java.lang.String"
    },
    {"name": "notify"},
    {"name": "notifyAll"},
    {"name": "wait"},
    {
      "name": "wait",
      "parameters": [{
        "name": "arg0",
        "type": "long"
      }]
    },
    {
      "name": "wait",
      "parameters": [
        {
          "name": "arg0",
          "type": "long"
        },
        {
          "name": "arg1",
          "type": "int"
        }
      ]
    },
    {
      "name": "register",
      "parameters": [
        {
          "name": "key",
          "type": "io.papermc.paper.registry.TypedKey"
        },
        {
          "name": "value",
          "type": "java.util.function.Consumer"
        }
      ]
    }
  ],
  "name": "io.papermc.paper.registry.event.WritableRegistry",
  "simple-name": "WritableRegistry"
}