{
  "constructors": [{
    "name": "<init>",
    "parameters": [
      {
        "name": "world",
        "type": "org.bukkit.World"
      },
      {
        "name": "worldBorder",
        "type": "org.bukkit.WorldBorder"
      },
      {
        "name": "type",
        "type": "io.papermc.paper.event.world.border.WorldBorderBoundsChangeEvent.Type"
      },
      {
        "name": "oldSize",
        "type": "double"
      },
      {
        "name": "newSize",
        "type": "double"
      },
      {
        "name": "duration",
        "type": "long"
      }
    ]
  }],
  "package": "io.papermc.paper.event.world.border",
  "methods": [
    {
      "name": "getClass",
      "return": "java.lang.Class"
    },
    {
      "name": "hashCode",
      "return": "int"
    },
    {
      "name": "equals",
      "parameters": [{
        "name": "arg0",
        "type": "java.lang.Object"
      }],
      "return": "boolean"
    },
    {
      "name": "toString",
      "return": "java.lang.String"
    },
    {"name": "notify"},
    {"name": "notifyAll"},
    {"name": "wait"},
    {
      "name": "wait",
      "parameters": [{
        "name": "arg0",
        "type": "long"
      }]
    },
    {
      "name": "wait",
      "parameters": [
        {
          "name": "arg0",
          "type": "long"
        },
        {
          "name": "arg1",
          "type": "int"
        }
      ]
    },
    {
      "name": "callEvent",
      "return": "boolean"
    },
    {
      "name": "getEventName",
      "return": "java.lang.String"
    },
    {
      "name": "isAsynchronous",
      "return": "boolean"
    },
    {
      "name": "getWorld",
      "return": "org.bukkit.World"
    },
    {
      "name": "getWorldBorder",
      "return": "org.bukkit.WorldBorder"
    },
    {
      "name": "getType",
      "return": "io.papermc.paper.event.world.border.WorldBorderBoundsChangeEvent.Type"
    },
    {
      "name": "getOldSize",
      "return": "double"
    },
    {
      "name": "getNewSize",
      "return": "double"
    },
    {
      "name": "setNewSize",
      "parameters": [{
        "name": "newSize",
        "type": "double"
      }]
    },
    {
      "name": "getDuration",
      "return": "long"
    },
    {
      "name": "setDuration",
      "parameters": [{
        "name": "duration",
        "type": "long"
      }]
    },
    {
      "name": "isCancelled",
      "return": "boolean"
    },
    {
      "name": "setCancelled",
      "parameters": [{
        "name": "cancel",
        "type": "boolean"
      }]
    },
    {
      "name": "getHandlers",
      "return": "org.bukkit.event.HandlerList"
    },
    {
      "static": true,
      "name": "getHandlerList",
      "return": "org.bukkit.event.HandlerList"
    }
  ],
  "name": "io.papermc.paper.event.world.border.WorldBorderBoundsChangeEvent",
  "simple-name": "WorldBorderBoundsChangeEvent"
}