{"package":"org.bukkit.attribute","methods":[{"name":"getClass","return":"java.lang.Class"},{"name":"notify"},{"name":"notifyAll"},{"name":"wait"},{"name":"wait","parameters":[{"name":"arg0","type":"long"}]},{"name":"wait","parameters":[{"name":"arg0","type":"long"},{"name":"arg1","type":"int"}]},{"name":"key","return":"net.kyori.adventure.key.Key"},{"name":"name","return":"java.lang.String"},{"name":"ordinal","return":"int"},{"name":"toString","return":"java.lang.String"},{"name":"equals","parameters":[{"name":"arg0","type":"java.lang.Object"}],"return":"boolean"},{"name":"hashCode","return":"int"},{"name":"compareTo","parameters":[{"name":"arg0","type":"java.lang.Enum"}],"return":"int"},{"name":"getDeclaringClass","return":"java.lang.Class"},{"name":"describeConstable","return":"java.util.Optional"},{"static":true,"name":"valueOf","parameters":[{"name":"arg0","type":"java.lang.Class"},{"name":"arg1","type":"java.lang.String"}],"return":"java.lang.Enum"},{"static":true,"name":"values","return":"org.bukkit.attribute.Attribute[]"},{"static":true,"name":"valueOf","parameters":[{"name":"name","type":"java.lang.String"}],"return":"org.bukkit.attribute.Attribute"},{"name":"getKey","return":"org.bukkit.NamespacedKey"},{"name":"getTranslationKey","return":"java.lang.String"},{"name":"translationKey","return":"java.lang.String"}],"name":"org.bukkit.attribute.Attribute","simple-name":"Attribute","fields":[{"static":true,"name":"GENERIC_MAX_HEALTH","type":"org.bukkit.attribute.Attribute"},{"static":true,"name":"GENERIC_FOLLOW_RANGE","type":"org.bukkit.attribute.Attribute"},{"static":true,"name":"GENERIC_KNOCKBACK_RESISTANCE","type":"org.bukkit.attribute.Attribute"},{"static":true,"name":"GENERIC_MOVEMENT_SPEED","type":"org.bukkit.attribute.Attribute"},{"static":true,"name":"GENERIC_FLYING_SPEED","type":"org.bukkit.attribute.Attribute"},{"static":true,"name":"GENERIC_ATTACK_DAMAGE","type":"org.bukkit.attribute.Attribute"},{"static":true,"name":"GENERIC_ATTACK_KNOCKBACK","type":"org.bukkit.attribute.Attribute"},{"static":true,"name":"GENERIC_ATTACK_SPEED","type":"org.bukkit.attribute.Attribute"},{"static":true,"name":"GENERIC_ARMOR","type":"org.bukkit.attribute.Attribute"},{"static":true,"name":"GENERIC_ARMOR_TOUGHNESS","type":"org.bukkit.attribute.Attribute"},{"static":true,"name":"GENERIC_FALL_DAMAGE_MULTIPLIER","type":"org.bukkit.attribute.Attribute"},{"static":true,"name":"GENERIC_LUCK","type":"org.bukkit.attribute.Attribute"},{"static":true,"name":"GENERIC_MAX_ABSORPTION","type":"org.bukkit.attribute.Attribute"},{"static":true,"name":"GENERIC_SAFE_FALL_DISTANCE","type":"org.bukkit.attribute.Attribute"},{"static":true,"name":"GENERIC_SCALE","type":"org.bukkit.attribute.Attribute"},{"static":true,"name":"GENERIC_STEP_HEIGHT","type":"org.bukkit.attribute.Attribute"},{"static":true,"name":"GENERIC_GRAVITY","type":"org.bukkit.attribute.Attribute"},{"static":true,"name":"GENERIC_JUMP_STRENGTH","type":"org.bukkit.attribute.Attribute"},{"static":true,"name":"GENERIC_BURNING_TIME","type":"org.bukkit.attribute.Attribute"},{"static":true,"name":"GENERIC_EXPLOSION_KNOCKBACK_RESISTANCE","type":"org.bukkit.attribute.Attribute"},{"static":true,"name":"GENERIC_MOVEMENT_EFFICIENCY","type":"org.bukkit.attribute.Attribute"},{"static":true,"name":"GENERIC_OXYGEN_BONUS","type":"org.bukkit.attribute.Attribute"},{"static":true,"name":"GENERIC_WATER_MOVEMENT_EFFICIENCY","type":"org.bukkit.attribute.Attribute"},{"static":true,"name":"PLAYER_BLOCK_INTERACTION_RANGE","type":"org.bukkit.attribute.Attribute"},{"static":true,"name":"PLAYER_ENTITY_INTERACTION_RANGE","type":"org.bukkit.attribute.Attribute"},{"static":true,"name":"PLAYER_BLOCK_BREAK_SPEED","type":"org.bukkit.attribute.Attribute"},{"static":true,"name":"PLAYER_MINING_EFFICIENCY","type":"org.bukkit.attribute.Attribute"},{"static":true,"name":"PLAYER_SNEAKING_SPEED","type":"org.bukkit.attribute.Attribute"},{"static":true,"name":"PLAYER_SUBMERGED_MINING_SPEED","type":"org.bukkit.attribute.Attribute"},{"static":true,"name":"PLAYER_SWEEPING_DAMAGE_RATIO","type":"org.bukkit.attribute.Attribute"},{"static":true,"name":"ZOMBIE_SPAWN_REINFORCEMENTS","type":"org.bukkit.attribute.Attribute"}]}