{"constructors":[{"name":"<init>","parameters":[{"name":"chest","type":"org.bukkit.inventory.DoubleChestInventory"}]}],"package":"org.bukkit.block","methods":[{"name":"getClass","return":"java.lang.Class"},{"name":"hashCode","return":"int"},{"name":"equals","parameters":[{"name":"arg0","type":"java.lang.Object"}],"return":"boolean"},{"name":"toString","return":"java.lang.String"},{"name":"notify"},{"name":"notifyAll"},{"name":"wait"},{"name":"wait","parameters":[{"name":"arg0","type":"long"}]},{"name":"wait","parameters":[{"name":"arg0","type":"long"},{"name":"arg1","type":"int"}]},{"name":"getInventory","return":"org.bukkit.inventory.Inventory"},{"name":"getLeftSide","return":"org.bukkit.inventory.InventoryHolder"},{"name":"getRightSide","return":"org.bukkit.inventory.InventoryHolder"},{"name":"getLeftSide","parameters":[{"name":"useSnapshot","type":"boolean"}],"return":"org.bukkit.inventory.InventoryHolder"},{"name":"getRightSide","parameters":[{"name":"useSnapshot","type":"boolean"}],"return":"org.bukkit.inventory.InventoryHolder"},{"name":"getLocation","return":"org.bukkit.Location"},{"name":"getWorld","return":"org.bukkit.World"},{"name":"getX","return":"double"},{"name":"getY","return":"double"},{"name":"getZ","return":"double"}],"name":"org.bukkit.block.DoubleChest","simple-name":"DoubleChest"}