{"package":"org.bukkit.block","methods":[{"name":"getClass","return":"java.lang.Class"},{"name":"notify"},{"name":"notifyAll"},{"name":"wait"},{"name":"wait","parameters":[{"name":"arg0","type":"long"}]},{"name":"wait","parameters":[{"name":"arg0","type":"long"},{"name":"arg1","type":"int"}]},{"name":"name","return":"java.lang.String"},{"name":"ordinal","return":"int"},{"name":"toString","return":"java.lang.String"},{"name":"equals","parameters":[{"name":"arg0","type":"java.lang.Object"}],"return":"boolean"},{"name":"hashCode","return":"int"},{"name":"compareTo","parameters":[{"name":"arg0","type":"java.lang.Enum"}],"return":"int"},{"name":"getDeclaringClass","return":"java.lang.Class"},{"name":"describeConstable","return":"java.util.Optional"},{"static":true,"name":"valueOf","parameters":[{"name":"arg0","type":"java.lang.Class"},{"name":"arg1","type":"java.lang.String"}],"return":"java.lang.Enum"},{"static":true,"name":"values","return":"org.bukkit.block.PistonMoveReaction[]"},{"static":true,"name":"valueOf","parameters":[{"name":"name","type":"java.lang.String"}],"return":"org.bukkit.block.PistonMoveReaction"},{"name":"getId","return":"int"},{"static":true,"name":"getById","parameters":[{"name":"id","type":"int"}],"return":"org.bukkit.block.PistonMoveReaction"}],"name":"org.bukkit.block.PistonMoveReaction","simple-name":"PistonMoveReaction","fields":[{"static":true,"name":"MOVE","type":"org.bukkit.block.PistonMoveReaction"},{"static":true,"name":"BREAK","type":"org.bukkit.block.PistonMoveReaction"},{"static":true,"name":"BLOCK","type":"org.bukkit.block.PistonMoveReaction"},{"static":true,"name":"IGNORE","type":"org.bukkit.block.PistonMoveReaction"},{"static":true,"name":"PUSH_ONLY","type":"org.bukkit.block.PistonMoveReaction"}]}