{"package":"org.bukkit.block.data","methods":[{"name":"getClass","return":"java.lang.Class"},{"name":"hashCode","return":"int"},{"name":"equals","parameters":[{"name":"arg0","type":"java.lang.Object"}],"return":"boolean"},{"name":"toString","return":"java.lang.String"},{"name":"notify"},{"name":"notifyAll"},{"name":"wait"},{"name":"wait","parameters":[{"name":"arg0","type":"long"}]},{"name":"wait","parameters":[{"name":"arg0","type":"long"},{"name":"arg1","type":"int"}]},{"name":"getMaterial","return":"org.bukkit.Material"},{"name":"getAsString","return":"java.lang.String"},{"name":"getAsString","parameters":[{"name":"hideUnspecified","type":"boolean"}],"return":"java.lang.String"},{"name":"merge","parameters":[{"name":"data","type":"org.bukkit.block.data.BlockData"}],"return":"org.bukkit.block.data.BlockData"},{"name":"matches","parameters":[{"name":"data","type":"org.bukkit.block.data.BlockData"}],"return":"boolean"},{"name":"clone","return":"org.bukkit.block.data.BlockData"},{"name":"getSoundGroup","return":"org.bukkit.SoundGroup"},{"name":"getLightEmission","return":"int"},{"name":"isOccluding","return":"boolean"},{"name":"requiresCorrectToolForDrops","return":"boolean"},{"name":"isPreferredTool","parameters":[{"name":"tool","type":"org.bukkit.inventory.ItemStack"}],"return":"boolean"},{"name":"getPistonMoveReaction","return":"org.bukkit.block.PistonMoveReaction"},{"name":"isSupported","parameters":[{"name":"block","type":"org.bukkit.block.Block"}],"return":"boolean"},{"name":"isSupported","parameters":[{"name":"location","type":"org.bukkit.Location"}],"return":"boolean"},{"name":"isFaceSturdy","parameters":[{"name":"face","type":"org.bukkit.block.BlockFace"},{"name":"support","type":"org.bukkit.block.BlockSupport"}],"return":"boolean"},{"name":"getCollisionShape","parameters":[{"name":"location","type":"org.bukkit.Location"}],"return":"org.bukkit.util.VoxelShape"},{"name":"getMapColor","return":"org.bukkit.Color"},{"name":"getPlacementMaterial","return":"org.bukkit.Material"},{"name":"rotate","parameters":[{"name":"rotation","type":"org.bukkit.block.structure.StructureRotation"}]},{"name":"mirror","parameters":[{"name":"mirror","type":"org.bukkit.block.structure.Mirror"}]},{"name":"createBlockState","return":"org.bukkit.block.BlockState"},{"name":"getDestroySpeed","parameters":[{"name":"itemStack","type":"org.bukkit.inventory.ItemStack"}],"return":"float"},{"name":"getDestroySpeed","parameters":[{"name":"itemStack","type":"org.bukkit.inventory.ItemStack"},{"name":"considerEnchants","type":"boolean"}],"return":"float"},{"name":"isRandomlyTicked","return":"boolean"},{"name":"isSnowy","return":"boolean"},{"name":"setSnowy","parameters":[{"name":"snowy","type":"boolean"}]}],"name":"org.bukkit.block.data.Snowable","simple-name":"Snowable"}