{"package":"org.bukkit","methods":[{"name":"getClass","return":"java.lang.Class"},{"name":"hashCode","return":"int"},{"name":"equals","parameters":[{"name":"arg0","type":"java.lang.Object"}],"return":"boolean"},{"name":"toString","return":"java.lang.String"},{"name":"notify"},{"name":"notifyAll"},{"name":"wait"},{"name":"wait","parameters":[{"name":"arg0","type":"long"}]},{"name":"wait","parameters":[{"name":"arg0","type":"long"},{"name":"arg1","type":"int"}]},{"name":"getTarget","return":"java.lang.String"},{"name":"getBanTarget","return":"java.lang.Object"},{"name":"getCreated","return":"java.util.Date"},{"name":"setCreated","parameters":[{"name":"created","type":"java.util.Date"}]},{"name":"getSource","return":"java.lang.String"},{"name":"setSource","parameters":[{"name":"source","type":"java.lang.String"}]},{"name":"getExpiration","return":"java.util.Date"},{"name":"setExpiration","parameters":[{"name":"expiration","type":"java.util.Date"}]},{"name":"getReason","return":"java.lang.String"},{"name":"setReason","parameters":[{"name":"reason","type":"java.lang.String"}]},{"name":"save"},{"name":"remove"}],"name":"org.bukkit.BanEntry","simple-name":"BanEntry"}