{"package":"org.bukkit.advancement","methods":[{"name":"getClass","return":"java.lang.Class"},{"name":"hashCode","return":"int"},{"name":"equals","parameters":[{"name":"arg0","type":"java.lang.Object"}],"return":"boolean"},{"name":"toString","return":"java.lang.String"},{"name":"notify"},{"name":"notifyAll"},{"name":"wait"},{"name":"wait","parameters":[{"name":"arg0","type":"long"}]},{"name":"wait","parameters":[{"name":"arg0","type":"long"},{"name":"arg1","type":"int"}]},{"name":"getTitle","return":"java.lang.String"},{"name":"getDescription","return":"java.lang.String"},{"name":"getIcon","return":"org.bukkit.inventory.ItemStack"},{"name":"shouldShowToast","return":"boolean"},{"name":"shouldAnnounceChat","return":"boolean"},{"name":"isHidden","return":"boolean"},{"name":"getX","return":"float"},{"name":"getY","return":"float"},{"name":"getType","return":"org.bukkit.advancement.AdvancementDisplayType"}],"name":"org.bukkit.advancement.AdvancementDisplay","simple-name":"AdvancementDisplay"}