{
  "constructors": [{
    "name": "<init>",
    "parameters": [{
      "name": "name",
      "type": "java.lang.String"
    }]
  }],
  "package": "org.spigotmc",
  "methods": [
    {
      "name": "getClass",
      "return": "java.lang.Class"
    },
    {
      "name": "hashCode",
      "return": "int"
    },
    {
      "name": "equals",
      "parameters": [{
        "name": "arg0",
        "type": "java.lang.Object"
      }],
      "return": "boolean"
    },
    {
      "name": "toString",
      "return": "java.lang.String"
    },
    {"name": "notify"},
    {"name": "notifyAll"},
    {"name": "wait"},
    {
      "name": "wait",
      "parameters": [{
        "name": "arg0",
        "type": "long"
      }]
    },
    {
      "name": "wait",
      "parameters": [
        {
          "name": "arg0",
          "type": "long"
        },
        {
          "name": "arg1",
          "type": "int"
        }
      ]
    },
    {"name": "startTiming"},
    {"name": "stopTiming"}
  ],
  "name": "org.spigotmc.CustomTimingsHandler",
  "simple-name": "CustomTimingsHandler"
}