{"package":"org.bukkit.advancement","methods":[{"name":"getClass","return":"java.lang.Class"},{"name":"hashCode","return":"int"},{"name":"equals","parameters":[{"name":"arg0","type":"java.lang.Object"}],"return":"boolean"},{"name":"toString","return":"java.lang.String"},{"name":"notify"},{"name":"notifyAll"},{"name":"wait"},{"name":"wait","parameters":[{"name":"arg0","type":"long"}]},{"name":"wait","parameters":[{"name":"arg0","type":"long"},{"name":"arg1","type":"int"}]},{"name":"getKey","return":"org.bukkit.NamespacedKey"},{"name":"key","return":"net.kyori.adventure.key.Key"},{"name":"getCriteria","return":"java.util.Collection"},{"name":"getDisplay","return":"io.papermc.paper.advancement.AdvancementDisplay"},{"name":"displayName","return":"net.kyori.adventure.text.Component"},{"name":"getParent","return":"org.bukkit.advancement.Advancement"},{"name":"getChildren","return":"java.util.Collection"},{"name":"getRoot","return":"org.bukkit.advancement.Advancement"}],"name":"org.bukkit.advancement.Advancement","simple-name":"Advancement"}