{"package":"org.bukkit.block","methods":[{"name":"getClass","return":"java.lang.Class"},{"name":"hashCode","return":"int"},{"name":"equals","parameters":[{"name":"arg0","type":"java.lang.Object"}],"return":"boolean"},{"name":"toString","return":"java.lang.String"},{"name":"notify"},{"name":"notifyAll"},{"name":"wait"},{"name":"wait","parameters":[{"name":"arg0","type":"long"}]},{"name":"wait","parameters":[{"name":"arg0","type":"long"},{"name":"arg1","type":"int"}]},{"name":"setMetadata","parameters":[{"name":"metadataKey","type":"java.lang.String"},{"name":"newMetadataValue","type":"org.bukkit.metadata.MetadataValue"}]},{"name":"getMetadata","parameters":[{"name":"metadataKey","type":"java.lang.String"}],"return":"java.util.List"},{"name":"hasMetadata","parameters":[{"name":"metadataKey","type":"java.lang.String"}],"return":"boolean"},{"name":"removeMetadata","parameters":[{"name":"metadataKey","type":"java.lang.String"},{"name":"owningPlugin","type":"org.bukkit.plugin.Plugin"}]},{"name":"getBlock","return":"org.bukkit.block.Block"},{"name":"getData","return":"org.bukkit.material.MaterialData"},{"name":"getBlockData","return":"org.bukkit.block.data.BlockData"},{"name":"copy","return":"org.bukkit.block.BlockState"},{"name":"getType","return":"org.bukkit.Material"},{"name":"getLightLevel","return":"byte"},{"name":"getWorld","return":"org.bukkit.World"},{"name":"getX","return":"int"},{"name":"getY","return":"int"},{"name":"getZ","return":"int"},{"name":"getLocation","return":"org.bukkit.Location"},{"name":"getLocation","parameters":[{"name":"loc","type":"org.bukkit.Location"}],"return":"org.bukkit.Location"},{"name":"getChunk","return":"org.bukkit.Chunk"},{"name":"setData","parameters":[{"name":"data","type":"org.bukkit.material.MaterialData"}]},{"name":"setBlockData","parameters":[{"name":"data","type":"org.bukkit.block.data.BlockData"}]},{"name":"setType","parameters":[{"name":"type","type":"org.bukkit.Material"}]},{"name":"update","return":"boolean"},{"name":"update","parameters":[{"name":"force","type":"boolean"}],"return":"boolean"},{"name":"update","parameters":[{"name":"force","type":"boolean"},{"name":"applyPhysics","type":"boolean"}],"return":"boolean"},{"name":"getRawData","return":"byte"},{"name":"setRawData","parameters":[{"name":"data","type":"byte"}]},{"name":"isPlaced","return":"boolean"},{"name":"isCollidable","return":"boolean"},{"name":"getDrops","return":"java.util.Collection"},{"name":"getDrops","parameters":[{"name":"tool","type":"org.bukkit.inventory.ItemStack"}],"return":"java.util.Collection"},{"name":"getDrops","parameters":[{"name":"tool","type":"org.bukkit.inventory.ItemStack"},{"name":"entity","type":"org.bukkit.entity.Entity"}],"return":"java.util.Collection"},{"name":"getPersistentDataContainer","return":"org.bukkit.persistence.PersistentDataContainer"},{"name":"isSnapshot","return":"boolean"},{"name":"lines","return":"java.util.List"},{"name":"line","parameters":[{"name":"index","type":"int"}],"return":"net.kyori.adventure.text.Component"},{"name":"line","parameters":[{"name":"index","type":"int"},{"name":"line","type":"net.kyori.adventure.text.Component"}]},{"name":"getLines","return":"java.lang.String[]"},{"name":"getLine","parameters":[{"name":"index","type":"int"}],"return":"java.lang.String"},{"name":"setLine","parameters":[{"name":"index","type":"int"},{"name":"line","type":"java.lang.String"}]},{"name":"isEditable","return":"boolean"},{"name":"setEditable","parameters":[{"name":"editable","type":"boolean"}]},{"name":"isWaxed","return":"boolean"},{"name":"setWaxed","parameters":[{"name":"waxed","type":"boolean"}]},{"name":"isGlowingText","return":"boolean"},{"name":"setGlowingText","parameters":[{"name":"glowing","type":"boolean"}]},{"name":"getColor","return":"org.bukkit.DyeColor"},{"name":"setColor","parameters":[{"name":"color","type":"org.bukkit.DyeColor"}]},{"name":"getSide","parameters":[{"name":"side","type":"org.bukkit.block.sign.Side"}],"return":"org.bukkit.block.sign.SignSide"},{"name":"getInteractableSideFor","parameters":[{"name":"entity","type":"org.bukkit.entity.Entity"}],"return":"org.bukkit.block.sign.Side"},{"name":"getInteractableSideFor","parameters":[{"name":"position","type":"io.papermc.paper.math.Position"}],"return":"org.bukkit.block.sign.Side"},{"name":"getInteractableSideFor","parameters":[{"name":"x","type":"double"},{"name":"z","type":"double"}],"return":"org.bukkit.block.sign.Side"}],"name":"org.bukkit.block.Sign","simple-name":"Sign"}