{"package":"org.bukkit.ban","methods":[{"name":"getClass","return":"java.lang.Class"},{"name":"hashCode","return":"int"},{"name":"equals","parameters":[{"name":"arg0","type":"java.lang.Object"}],"return":"boolean"},{"name":"toString","return":"java.lang.String"},{"name":"notify"},{"name":"notifyAll"},{"name":"wait"},{"name":"wait","parameters":[{"name":"arg0","type":"long"}]},{"name":"wait","parameters":[{"name":"arg0","type":"long"},{"name":"arg1","type":"int"}]},{"name":"getBanEntry","parameters":[{"name":"target","type":"java.lang.String"}],"return":"org.bukkit.BanEntry"},{"name":"getBanEntry","parameters":[{"name":"target","type":"java.lang.Object"}],"return":"org.bukkit.BanEntry"},{"name":"addBan","parameters":[{"name":"target","type":"java.lang.String"},{"name":"reason","type":"java.lang.String"},{"name":"expires","type":"java.util.Date"},{"name":"source","type":"java.lang.String"}],"return":"org.bukkit.BanEntry"},{"name":"addBan","parameters":[{"name":"target","type":"java.lang.Object"},{"name":"reason","type":"java.lang.String"},{"name":"expires","type":"java.util.Date"},{"name":"source","type":"java.lang.String"}],"return":"org.bukkit.BanEntry"},{"name":"addBan","parameters":[{"name":"target","type":"java.lang.Object"},{"name":"reason","type":"java.lang.String"},{"name":"expires","type":"java.time.Instant"},{"name":"source","type":"java.lang.String"}],"return":"org.bukkit.BanEntry"},{"name":"addBan","parameters":[{"name":"target","type":"java.lang.Object"},{"name":"reason","type":"java.lang.String"},{"name":"duration","type":"java.time.Duration"},{"name":"source","type":"java.lang.String"}],"return":"org.bukkit.BanEntry"},{"name":"getBanEntries","return":"java.util.Set"},{"name":"getEntries","return":"java.util.Set"},{"name":"isBanned","parameters":[{"name":"target","type":"java.lang.Object"}],"return":"boolean"},{"name":"isBanned","parameters":[{"name":"target","type":"java.lang.String"}],"return":"boolean"},{"name":"pardon","parameters":[{"name":"target","type":"java.lang.Object"}]},{"name":"pardon","parameters":[{"name":"target","type":"java.lang.String"}]}],"name":"org.bukkit.ban.IpBanList","simple-name":"IpBanList"}