{"package":"org.bukkit.block","methods":[{"name":"getClass","return":"java.lang.Class"},{"name":"hashCode","return":"int"},{"name":"equals","parameters":[{"name":"arg0","type":"java.lang.Object"}],"return":"boolean"},{"name":"toString","return":"java.lang.String"},{"name":"notify"},{"name":"notifyAll"},{"name":"wait"},{"name":"wait","parameters":[{"name":"arg0","type":"long"}]},{"name":"wait","parameters":[{"name":"arg0","type":"long"},{"name":"arg1","type":"int"}]},{"name":"setMetadata","parameters":[{"name":"metadataKey","type":"java.lang.String"},{"name":"newMetadataValue","type":"org.bukkit.metadata.MetadataValue"}]},{"name":"getMetadata","parameters":[{"name":"metadataKey","type":"java.lang.String"}],"return":"java.util.List"},{"name":"hasMetadata","parameters":[{"name":"metadataKey","type":"java.lang.String"}],"return":"boolean"},{"name":"removeMetadata","parameters":[{"name":"metadataKey","type":"java.lang.String"},{"name":"owningPlugin","type":"org.bukkit.plugin.Plugin"}]},{"name":"setLootTable","parameters":[{"name":"table","type":"org.bukkit.loot.LootTable"}]},{"name":"getLootTable","return":"org.bukkit.loot.LootTable"},{"name":"setLootTable","parameters":[{"name":"table","type":"org.bukkit.loot.LootTable"},{"name":"seed","type":"long"}]},{"name":"hasLootTable","return":"boolean"},{"name":"clearLootTable"},{"name":"setSeed","parameters":[{"name":"seed","type":"long"}]},{"name":"getSeed","return":"long"},{"name":"isLocked","return":"boolean"},{"name":"getLock","return":"java.lang.String"},{"name":"setLock","parameters":[{"name":"key","type":"java.lang.String"}]},{"name":"open"},{"name":"close"},{"name":"isOpen","return":"boolean"},{"name":"customName","return":"net.kyori.adventure.text.Component"},{"name":"customName","parameters":[{"name":"customName","type":"net.kyori.adventure.text.Component"}]},{"name":"getCustomName","return":"java.lang.String"},{"name":"setCustomName","parameters":[{"name":"name","type":"java.lang.String"}]},{"name":"getBlock","return":"org.bukkit.block.Block"},{"name":"getBlock","return":"org.bukkit.block.Block"},{"name":"getData","return":"org.bukkit.material.MaterialData"},{"name":"getBlockData","return":"org.bukkit.block.data.BlockData"},{"name":"copy","return":"org.bukkit.block.BlockState"},{"name":"getType","return":"org.bukkit.Material"},{"name":"getLightLevel","return":"byte"},{"name":"getWorld","return":"org.bukkit.World"},{"name":"getX","return":"int"},{"name":"getY","return":"int"},{"name":"getZ","return":"int"},{"name":"getLocation","return":"org.bukkit.Location"},{"name":"getLocation","parameters":[{"name":"loc","type":"org.bukkit.Location"}],"return":"org.bukkit.Location"},{"name":"getChunk","return":"org.bukkit.Chunk"},{"name":"setData","parameters":[{"name":"data","type":"org.bukkit.material.MaterialData"}]},{"name":"setBlockData","parameters":[{"name":"data","type":"org.bukkit.block.data.BlockData"}]},{"name":"setType","parameters":[{"name":"type","type":"org.bukkit.Material"}]},{"name":"update","return":"boolean"},{"name":"update","parameters":[{"name":"force","type":"boolean"}],"return":"boolean"},{"name":"update","parameters":[{"name":"force","type":"boolean"},{"name":"applyPhysics","type":"boolean"}],"return":"boolean"},{"name":"getRawData","return":"byte"},{"name":"setRawData","parameters":[{"name":"data","type":"byte"}]},{"name":"isPlaced","return":"boolean"},{"name":"isCollidable","return":"boolean"},{"name":"getDrops","return":"java.util.Collection"},{"name":"getDrops","parameters":[{"name":"tool","type":"org.bukkit.inventory.ItemStack"}],"return":"java.util.Collection"},{"name":"getDrops","parameters":[{"name":"tool","type":"org.bukkit.inventory.ItemStack"},{"name":"entity","type":"org.bukkit.entity.Entity"}],"return":"java.util.Collection"},{"name":"isRefillEnabled","return":"boolean"},{"name":"hasBeenFilled","return":"boolean"},{"name":"hasPlayerLooted","parameters":[{"name":"player","type":"org.bukkit.entity.Player"}],"return":"boolean"},{"name":"canPlayerLoot","parameters":[{"name":"player","type":"java.util.UUID"}],"return":"boolean"},{"name":"hasPlayerLooted","parameters":[{"name":"player","type":"java.util.UUID"}],"return":"boolean"},{"name":"getLastLooted","parameters":[{"name":"player","type":"org.bukkit.entity.Player"}],"return":"java.lang.Long"},{"name":"getLastLooted","parameters":[{"name":"player","type":"java.util.UUID"}],"return":"java.lang.Long"},{"name":"setHasPlayerLooted","parameters":[{"name":"player","type":"org.bukkit.entity.Player"},{"name":"looted","type":"boolean"}],"return":"boolean"},{"name":"setHasPlayerLooted","parameters":[{"name":"player","type":"java.util.UUID"},{"name":"looted","type":"boolean"}],"return":"boolean"},{"name":"hasPendingRefill","return":"boolean"},{"name":"getLastFilled","return":"long"},{"name":"getNextRefill","return":"long"},{"name":"setNextRefill","parameters":[{"name":"refillAt","type":"long"}],"return":"long"},{"name":"getPersistentDataContainer","return":"org.bukkit.persistence.PersistentDataContainer"},{"name":"isSnapshot","return":"boolean"},{"name":"getBlock","return":"org.bukkit.block.Block"},{"name":"getInventory","return":"org.bukkit.inventory.Inventory"},{"name":"getSnapshotInventory","return":"org.bukkit.inventory.Inventory"}],"name":"org.bukkit.block.Barrel","simple-name":"Barrel"}