{"constructors":[{"name":"<init>","parameters":[{"name":"color","type":"org.bukkit.DyeColor"},{"name":"pattern","type":"org.bukkit.block.banner.PatternType"}]},{"name":"<init>","parameters":[{"name":"map","type":"java.util.Map"}]}],"package":"org.bukkit.block.banner","methods":[{"name":"getClass","return":"java.lang.Class"},{"name":"toString","return":"java.lang.String"},{"name":"notify"},{"name":"notifyAll"},{"name":"wait"},{"name":"wait","parameters":[{"name":"arg0","type":"long"}]},{"name":"wait","parameters":[{"name":"arg0","type":"long"},{"name":"arg1","type":"int"}]},{"name":"serialize","return":"java.util.Map"},{"name":"getColor","return":"org.bukkit.DyeColor"},{"name":"getPattern","return":"org.bukkit.block.banner.PatternType"},{"name":"hashCode","return":"int"},{"name":"equals","parameters":[{"name":"obj","type":"java.lang.Object"}],"return":"boolean"}],"name":"org.bukkit.block.banner.Pattern","simple-name":"Pattern"}