{"package":"org.bukkit.block.data.type","methods":[{"name":"getClass","return":"java.lang.Class"},{"name":"notify"},{"name":"notifyAll"},{"name":"wait"},{"name":"wait","parameters":[{"name":"arg0","type":"long"}]},{"name":"wait","parameters":[{"name":"arg0","type":"long"},{"name":"arg1","type":"int"}]},{"name":"name","return":"java.lang.String"},{"name":"ordinal","return":"int"},{"name":"toString","return":"java.lang.String"},{"name":"equals","parameters":[{"name":"arg0","type":"java.lang.Object"}],"return":"boolean"},{"name":"hashCode","return":"int"},{"name":"compareTo","parameters":[{"name":"arg0","type":"java.lang.Enum"}],"return":"int"},{"name":"getDeclaringClass","return":"java.lang.Class"},{"name":"describeConstable","return":"java.util.Optional"},{"static":true,"name":"valueOf","parameters":[{"name":"arg0","type":"java.lang.Class"},{"name":"arg1","type":"java.lang.String"}],"return":"java.lang.Enum"},{"static":true,"name":"values","return":"org.bukkit.block.data.type.Jigsaw.Orientation[]"},{"static":true,"name":"valueOf","parameters":[{"name":"name","type":"java.lang.String"}],"return":"org.bukkit.block.data.type.Jigsaw.Orientation"}],"name":"org.bukkit.block.data.type.Jigsaw.Orientation","simple-name":"Orientation","fields":[{"static":true,"name":"DOWN_EAST","type":"org.bukkit.block.data.type.Jigsaw.Orientation"},{"static":true,"name":"DOWN_NORTH","type":"org.bukkit.block.data.type.Jigsaw.Orientation"},{"static":true,"name":"DOWN_SOUTH","type":"org.bukkit.block.data.type.Jigsaw.Orientation"},{"static":true,"name":"DOWN_WEST","type":"org.bukkit.block.data.type.Jigsaw.Orientation"},{"static":true,"name":"UP_EAST","type":"org.bukkit.block.data.type.Jigsaw.Orientation"},{"static":true,"name":"UP_NORTH","type":"org.bukkit.block.data.type.Jigsaw.Orientation"},{"static":true,"name":"UP_SOUTH","type":"org.bukkit.block.data.type.Jigsaw.Orientation"},{"static":true,"name":"UP_WEST","type":"org.bukkit.block.data.type.Jigsaw.Orientation"},{"static":true,"name":"WEST_UP","type":"org.bukkit.block.data.type.Jigsaw.Orientation"},{"static":true,"name":"EAST_UP","type":"org.bukkit.block.data.type.Jigsaw.Orientation"},{"static":true,"name":"NORTH_UP","type":"org.bukkit.block.data.type.Jigsaw.Orientation"},{"static":true,"name":"SOUTH_UP","type":"org.bukkit.block.data.type.Jigsaw.Orientation"}]}