{"package":"org.bukkit.block","methods":[{"name":"getClass","return":"java.lang.Class"},{"name":"hashCode","return":"int"},{"name":"equals","parameters":[{"name":"arg0","type":"java.lang.Object"}],"return":"boolean"},{"name":"toString","return":"java.lang.String"},{"name":"notify"},{"name":"notifyAll"},{"name":"wait"},{"name":"wait","parameters":[{"name":"arg0","type":"long"}]},{"name":"wait","parameters":[{"name":"arg0","type":"long"},{"name":"arg1","type":"int"}]},{"name":"translationKey","return":"java.lang.String"},{"name":"getKey","return":"org.bukkit.NamespacedKey"},{"name":"key","return":"net.kyori.adventure.key.Key"},{"name":"typed","return":"org.bukkit.block.BlockType.Typed"},{"name":"typed","parameters":[{"name":"blockDataType","type":"java.lang.Class"}],"return":"org.bukkit.block.BlockType.Typed"},{"name":"hasItemType","return":"boolean"},{"name":"getItemType","return":"org.bukkit.inventory.ItemType"},{"name":"getBlockDataClass","return":"java.lang.Class"},{"name":"createBlockData","return":"org.bukkit.block.data.BlockData"},{"name":"createBlockData","parameters":[{"name":"data","type":"java.lang.String"}],"return":"org.bukkit.block.data.BlockData"},{"name":"isSolid","return":"boolean"},{"name":"isFlammable","return":"boolean"},{"name":"isBurnable","return":"boolean"},{"name":"isOccluding","return":"boolean"},{"name":"hasGravity","return":"boolean"},{"name":"isInteractable","return":"boolean"},{"name":"getHardness","return":"float"},{"name":"getBlastResistance","return":"float"},{"name":"getSlipperiness","return":"float"},{"name":"isAir","return":"boolean"},{"name":"isEnabledByFeature","parameters":[{"name":"world","type":"org.bukkit.World"}],"return":"boolean"},{"name":"asMaterial","return":"org.bukkit.Material"},{"name":"getTranslationKey","return":"java.lang.String"},{"name":"hasCollision","return":"boolean"}],"name":"org.bukkit.block.BlockType","simple-name":"BlockType","fields":[{"static":true,"name":"AIR","type":"org.bukkit.block.BlockType.Typed"},{"static":true,"name":"STONE","type":"org.bukkit.block.BlockType.Typed"},{"static":true,"name":"GRANITE","type":"org.bukkit.block.BlockType.Typed"},{"static":true,"name":"POLISHED_GRANITE","type":"org.bukkit.block.BlockType.Typed"},{"static":true,"name":"DIORITE","type":"org.bukkit.block.BlockType.Typed"},{"static":true,"name":"POLISHED_DIORITE","type":"org.bukkit.block.BlockType.Typed"},{"static":true,"name":"ANDESITE","type":"org.bukkit.block.BlockType.Typed"},{"static":true,"name":"POLISHED_ANDESITE","type":"org.bukkit.block.BlockType.Typed"},{"static":true,"name":"GRASS_BLOCK","type":"org.bukkit.block.BlockType.Typed"},{"static":true,"name":"DIRT","type":"org.bukkit.block.BlockType.Typed"},{"static":true,"name":"COARSE_DIRT","type":"org.bukkit.block.BlockType.Typed"},{"static":true,"name":"PODZOL","type":"org.bukkit.block.BlockType.Typed"},{"static":true,"name":"COBBLESTONE","type":"org.bukkit.block.BlockType.Typed"},{"static":true,"name":"OAK_PLANKS","type":"org.bukkit.block.BlockType.Typed"},{"static":true,"name":"SPRUCE_PLANKS","type":"org.bukkit.block.BlockType.Typed"},{"static":true,"name":"BIRCH_PLANKS","type":"org.bukkit.block.BlockType.Typed"},{"static":true,"name":"JUNGLE_PLANKS","type":"org.bukkit.block.BlockType.Typed"},{"static":true,"name":"ACACIA_PLANKS","type":"org.bukkit.block.BlockType.Typed"},{"static":true,"name":"CHERRY_PLANKS","type":"org.bukkit.block.BlockType.Typed"},{"static":true,"name":"DARK_OAK_PLANKS","type":"org.bukkit.block.BlockType.Typed"},{"static":true,"name":"MANGROVE_PLANKS","type":"org.bukkit.block.BlockType.Typed"},{"static":true,"name":"BAMBOO_PLANKS","type":"org.bukkit.block.BlockType.Typed"},{"static":true,"name":"BAMBOO_MOSAIC","type":"org.bukkit.block.BlockType.Typed"},{"static":true,"name":"OAK_SAPLING","type":"org.bukkit.block.BlockType.Typed"},{"static":true,"name":"SPRUCE_SAPLING","type":"org.bukkit.block.BlockType.Typed"},{"static":true,"name":"BIRCH_SAPLING","type":"org.bukkit.block.BlockType.Typed"},{"static":true,"name":"JUNGLE_SAPLING","type":"org.bukkit.block.BlockType.Typed"},{"static":true,"name":"ACACIA_SAPLING","type":"org.bukkit.block.BlockType.Typed"},{"static":true,"name":"CHERRY_SAPLING","type":"org.bukkit.block.BlockType.Typed"},{"static":true,"name":"DARK_OAK_SAPLING","type":"org.bukkit.block.BlockType.Typed"},{"static":true,"name":"MANGROVE_PROPAGULE","type":"org.bukkit.block.BlockType.Typed"},{"static":true,"name":"BEDROCK","type":"org.bukkit.block.BlockType.Typed"},{"static":true,"name":"WATER","type":"org.bukkit.block.BlockType.Typed"},{"static":true,"name":"LAVA","type":"org.bukkit.block.BlockType.Typed"},{"static":true,"name":"SAND","type":"org.bukkit.block.BlockType.Typed"},{"static":true,"name":"SUSPICIOUS_SAND","type":"org.bukkit.block.BlockType.Typed"},{"static":true,"name":"RED_SAND","type":"org.bukkit.block.BlockType.Typed"},{"static":true,"name":"GRAVEL","type":"org.bukkit.block.BlockType.Typed"},{"static":true,"name":"SUSPICIOUS_GRAVEL","type":"org.bukkit.block.BlockType.Typed"},{"static":true,"name":"GOLD_ORE","type":"org.bukkit.block.BlockType.Typed"},{"static":true,"name":"DEEPSLATE_GOLD_ORE","type":"org.bukkit.block.BlockType.Typed"},{"static":true,"name":"IRON_ORE","type":"org.bukkit.block.BlockType.Typed"},{"static":true,"name":"DEEPSLATE_IRON_ORE","type":"org.bukkit.block.BlockType.Typed"},{"static":true,"name":"COAL_ORE","type":"org.bukkit.block.BlockType.Typed"},{"static":true,"name":"DEEPSLATE_COAL_ORE","type":"org.bukkit.block.BlockType.Typed"},{"static":true,"name":"NETHER_GOLD_ORE","type":"org.bukkit.block.BlockType.Typed"},{"static":true,"name":"OAK_LOG","type":"org.bukkit.block.BlockType.Typed"},{"static":true,"name":"SPRUCE_LOG","type":"org.bukkit.block.BlockType.Typed"},{"static":true,"name":"BIRCH_LOG","type":"org.bukkit.block.BlockType.Typed"},{"static":true,"name":"JUNGLE_LOG","type":"org.bukkit.block.BlockType.Typed"},{"static":true,"name":"ACACIA_LOG","type":"org.bukkit.block.BlockType.Typed"},{"static":true,"name":"CHERRY_LOG","type":"org.bukkit.block.BlockType.Typed"},{"static":true,"name":"DARK_OAK_LOG","type":"org.bukkit.block.BlockType.Typed"},{"static":true,"name":"MANGROVE_LOG","type":"org.bukkit.block.BlockType.Typed"},{"static":true,"name":"MANGROVE_ROOTS","type":"org.bukkit.block.BlockType.Typed"},{"static":true,"name":"MUDDY_MANGROVE_ROOTS","type":"org.bukkit.block.BlockType.Typed"},{"static":true,"name":"BAMBOO_BLOCK","type":"org.bukkit.block.BlockType.Typed"},{"static":true,"name":"STRIPPED_SPRUCE_LOG","type":"org.bukkit.block.BlockType.Typed"},{"static":true,"name":"STRIPPED_BIRCH_LOG","type":"org.bukkit.block.BlockType.Typed"},{"static":true,"name":"STRIPPED_JUNGLE_LOG","type":"org.bukkit.block.BlockType.Typed"},{"static":true,"name":"STRIPPED_ACACIA_LOG","type":"org.bukkit.block.BlockType.Typed"},{"static":true,"name":"STRIPPED_CHERRY_LOG","type":"org.bukkit.block.BlockType.Typed"},{"static":true,"name":"STRIPPED_DARK_OAK_LOG","type":"org.bukkit.block.BlockType.Typed"},{"static":true,"name":"STRIPPED_OAK_LOG","type":"org.bukkit.block.BlockType.Typed"},{"static":true,"name":"STRIPPED_MANGROVE_LOG","type":"org.bukkit.block.BlockType.Typed"},{"static":true,"name":"STRIPPED_BAMBOO_BLOCK","type":"org.bukkit.block.BlockType.Typed"},{"static":true,"name":"OAK_WOOD","type":"org.bukkit.block.BlockType.Typed"},{"static":true,"name":"SPRUCE_WOOD","type":"org.bukkit.block.BlockType.Typed"},{"static":true,"name":"BIRCH_WOOD","type":"org.bukkit.block.BlockType.Typed"},{"static":true,"name":"JUNGLE_WOOD","type":"org.bukkit.block.BlockType.Typed"},{"static":true,"name":"ACACIA_WOOD","type":"org.bukkit.block.BlockType.Typed"},{"static":true,"name":"CHERRY_WOOD","type":"org.bukkit.block.BlockType.Typed"},{"static":true,"name":"DARK_OAK_WOOD","type":"org.bukkit.block.BlockType.Typed"},{"static":true,"name":"MANGROVE_WOOD","type":"org.bukkit.block.BlockType.Typed"},{"static":true,"name":"STRIPPED_OAK_WOOD","type":"org.bukkit.block.BlockType.Typed"},{"static":true,"name":"STRIPPED_SPRUCE_WOOD","type":"org.bukkit.block.BlockType.Typed"},{"static":true,"name":"STRIPPED_BIRCH_WOOD","type":"org.bukkit.block.BlockType.Typed"},{"static":true,"name":"STRIPPED_JUNGLE_WOOD","type":"org.bukkit.block.BlockType.Typed"},{"static":true,"name":"STRIPPED_ACACIA_WOOD","type":"org.bukkit.block.BlockType.Typed"},{"static":true,"name":"STRIPPED_CHERRY_WOOD","type":"org.bukkit.block.BlockType.Typed"},{"static":true,"name":"STRIPPED_DARK_OAK_WOOD","type":"org.bukkit.block.BlockType.Typed"},{"static":true,"name":"STRIPPED_MANGROVE_WOOD","type":"org.bukkit.block.BlockType.Typed"},{"static":true,"name":"OAK_LEAVES","type":"org.bukkit.block.BlockType.Typed"},{"static":true,"name":"SPRUCE_LEAVES","type":"org.bukkit.block.BlockType.Typed"},{"static":true,"name":"BIRCH_LEAVES","type":"org.bukkit.block.BlockType.Typed"},{"static":true,"name":"JUNGLE_LEAVES","type":"org.bukkit.block.BlockType.Typed"},{"static":true,"name":"ACACIA_LEAVES","type":"org.bukkit.block.BlockType.Typed"},{"static":true,"name":"CHERRY_LEAVES","type":"org.bukkit.block.BlockType.Typed"},{"static":true,"name":"DARK_OAK_LEAVES","type":"org.bukkit.block.BlockType.Typed"},{"static":true,"name":"MANGROVE_LEAVES","type":"org.bukkit.block.BlockType.Typed"},{"static":true,"name":"AZALEA_LEAVES","type":"org.bukkit.block.BlockType.Typed"},{"static":true,"name":"FLOWERING_AZALEA_LEAVES","type":"org.bukkit.block.BlockType.Typed"},{"static":true,"name":"SPONGE","type":"org.bukkit.block.BlockType.Typed"},{"static":true,"name":"WET_SPONGE","type":"org.bukkit.block.BlockType.Typed"},{"static":true,"name":"GLASS","type":"org.bukkit.block.BlockType.Typed"},{"static":true,"name":"LAPIS_ORE","type":"org.bukkit.block.BlockType.Typed"},{"static":true,"name":"DEEPSLATE_LAPIS_ORE","type":"org.bukkit.block.BlockType.Typed"},{"static":true,"name":"LAPIS_BLOCK","type":"org.bukkit.block.BlockType.Typed"},{"static":true,"name":"DISPENSER","type":"org.bukkit.block.BlockType.Typed"},{"static":true,"name":"SANDSTONE","type":"org.bukkit.block.BlockType.Typed"},{"static":true,"name":"CHISELED_SANDSTONE","type":"org.bukkit.block.BlockType.Typed"},{"static":true,"name":"CUT_SANDSTONE","type":"org.bukkit.block.BlockType.Typed"},{"static":true,"name":"NOTE_BLOCK","type":"org.bukkit.block.BlockType.Typed"},{"static":true,"name":"WHITE_BED","type":"org.bukkit.block.BlockType.Typed"},{"static":true,"name":"ORANGE_BED","type":"org.bukkit.block.BlockType.Typed"},{"static":true,"name":"MAGENTA_BED","type":"org.bukkit.block.BlockType.Typed"},{"static":true,"name":"LIGHT_BLUE_BED","type":"org.bukkit.block.BlockType.Typed"},{"static":true,"name":"YELLOW_BED","type":"org.bukkit.block.BlockType.Typed"},{"static":true,"name":"LIME_BED","type":"org.bukkit.block.BlockType.Typed"},{"static":true,"name":"PINK_BED","type":"org.bukkit.block.BlockType.Typed"},{"static":true,"name":"GRAY_BED","type":"org.bukkit.block.BlockType.Typed"},{"static":true,"name":"LIGHT_GRAY_BED","type":"org.bukkit.block.BlockType.Typed"},{"static":true,"name":"CYAN_BED","type":"org.bukkit.block.BlockType.Typed"},{"static":true,"name":"PURPLE_BED","type":"org.bukkit.block.BlockType.Typed"},{"static":true,"name":"BLUE_BED","type":"org.bukkit.block.BlockType.Typed"},{"static":true,"name":"BROWN_BED","type":"org.bukkit.block.BlockType.Typed"},{"static":true,"name":"GREEN_BED","type":"org.bukkit.block.BlockType.Typed"},{"static":true,"name":"RED_BED","type":"org.bukkit.block.BlockType.Typed"},{"static":true,"name":"BLACK_BED","type":"org.bukkit.block.BlockType.Typed"},{"static":true,"name":"POWERED_RAIL","type":"org.bukkit.block.BlockType.Typed"},{"static":true,"name":"DETECTOR_RAIL","type":"org.bukkit.block.BlockType.Typed"},{"static":true,"name":"STICKY_PISTON","type":"org.bukkit.block.BlockType.Typed"},{"static":true,"name":"COBWEB","type":"org.bukkit.block.BlockType.Typed"},{"static":true,"name":"SHORT_GRASS","type":"org.bukkit.block.BlockType.Typed"},{"static":true,"name":"FERN","type":"org.bukkit.block.BlockType.Typed"},{"static":true,"name":"DEAD_BUSH","type":"org.bukkit.block.BlockType.Typed"},{"static":true,"name":"SEAGRASS","type":"org.bukkit.block.BlockType.Typed"},{"static":true,"name":"TALL_SEAGRASS","type":"org.bukkit.block.BlockType.Typed"},{"static":true,"name":"PISTON","type":"org.bukkit.block.BlockType.Typed"},{"static":true,"name":"PISTON_HEAD","type":"org.bukkit.block.BlockType.Typed"},{"static":true,"name":"WHITE_WOOL","type":"org.bukkit.block.BlockType.Typed"},{"static":true,"name":"ORANGE_WOOL","type":"org.bukkit.block.BlockType.Typed"},{"static":true,"name":"MAGENTA_WOOL","type":"org.bukkit.block.BlockType.Typed"},{"static":true,"name":"LIGHT_BLUE_WOOL","type":"org.bukkit.block.BlockType.Typed"},{"static":true,"name":"YELLOW_WOOL","type":"org.bukkit.block.BlockType.Typed"},{"static":true,"name":"LIME_WOOL","type":"org.bukkit.block.BlockType.Typed"},{"static":true,"name":"PINK_WOOL","type":"org.bukkit.block.BlockType.Typed"},{"static":true,"name":"GRAY_WOOL","type":"org.bukkit.block.BlockType.Typed"},{"static":true,"name":"LIGHT_GRAY_WOOL","type":"org.bukkit.block.BlockType.Typed"},{"static":true,"name":"CYAN_WOOL","type":"org.bukkit.block.BlockType.Typed"},{"static":true,"name":"PURPLE_WOOL","type":"org.bukkit.block.BlockType.Typed"},{"static":true,"name":"BLUE_WOOL","type":"org.bukkit.block.BlockType.Typed"},{"static":true,"name":"BROWN_WOOL","type":"org.bukkit.block.BlockType.Typed"},{"static":true,"name":"GREEN_WOOL","type":"org.bukkit.block.BlockType.Typed"},{"static":true,"name":"RED_WOOL","type":"org.bukkit.block.BlockType.Typed"},{"static":true,"name":"BLACK_WOOL","type":"org.bukkit.block.BlockType.Typed"},{"static":true,"name":"MOVING_PISTON","type":"org.bukkit.block.BlockType.Typed"},{"static":true,"name":"DANDELION","type":"org.bukkit.block.BlockType.Typed"},{"static":true,"name":"TORCHFLOWER","type":"org.bukkit.block.BlockType.Typed"},{"static":true,"name":"POPPY","type":"org.bukkit.block.BlockType.Typed"},{"static":true,"name":"BLUE_ORCHID","type":"org.bukkit.block.BlockType.Typed"},{"static":true,"name":"ALLIUM","type":"org.bukkit.block.BlockType.Typed"},{"static":true,"name":"AZURE_BLUET","type":"org.bukkit.block.BlockType.Typed"},{"static":true,"name":"RED_TULIP","type":"org.bukkit.block.BlockType.Typed"},{"static":true,"name":"ORANGE_TULIP","type":"org.bukkit.block.BlockType.Typed"},{"static":true,"name":"WHITE_TULIP","type":"org.bukkit.block.BlockType.Typed"},{"static":true,"name":"PINK_TULIP","type":"org.bukkit.block.BlockType.Typed"},{"static":true,"name":"OXEYE_DAISY","type":"org.bukkit.block.BlockType.Typed"},{"static":true,"name":"CORNFLOWER","type":"org.bukkit.block.BlockType.Typed"},{"static":true,"name":"WITHER_ROSE","type":"org.bukkit.block.BlockType.Typed"},{"static":true,"name":"LILY_OF_THE_VALLEY","type":"org.bukkit.block.BlockType.Typed"},{"static":true,"name":"BROWN_MUSHROOM","type":"org.bukkit.block.BlockType.Typed"},{"static":true,"name":"RED_MUSHROOM","type":"org.bukkit.block.BlockType.Typed"},{"static":true,"name":"GOLD_BLOCK","type":"org.bukkit.block.BlockType.Typed"},{"static":true,"name":"IRON_BLOCK","type":"org.bukkit.block.BlockType.Typed"},{"static":true,"name":"BRICKS","type":"org.bukkit.block.BlockType.Typed"},{"static":true,"name":"TNT","type":"org.bukkit.block.BlockType.Typed"},{"static":true,"name":"BOOKSHELF","type":"org.bukkit.block.BlockType.Typed"},{"static":true,"name":"CHISELED_BOOKSHELF","type":"org.bukkit.block.BlockType.Typed"},{"static":true,"name":"MOSSY_COBBLESTONE","type":"org.bukkit.block.BlockType.Typed"},{"static":true,"name":"OBSIDIAN","type":"org.bukkit.block.BlockType.Typed"},{"static":true,"name":"TORCH","type":"org.bukkit.block.BlockType.Typed"},{"static":true,"name":"WALL_TORCH","type":"org.bukkit.block.BlockType.Typed"},{"static":true,"name":"FIRE","type":"org.bukkit.block.BlockType.Typed"},{"static":true,"name":"SOUL_FIRE","type":"org.bukkit.block.BlockType.Typed"},{"static":true,"name":"SPAWNER","type":"org.bukkit.block.BlockType.Typed"},{"static":true,"name":"OAK_STAIRS","type":"org.bukkit.block.BlockType.Typed"},{"static":true,"name":"CHEST","type":"org.bukkit.block.BlockType.Typed"},{"static":true,"name":"REDSTONE_WIRE","type":"org.bukkit.block.BlockType.Typed"},{"static":true,"name":"DIAMOND_ORE","type":"org.bukkit.block.BlockType.Typed"},{"static":true,"name":"DEEPSLATE_DIAMOND_ORE","type":"org.bukkit.block.BlockType.Typed"},{"static":true,"name":"DIAMOND_BLOCK","type":"org.bukkit.block.BlockType.Typed"},{"static":true,"name":"CRAFTING_TABLE","type":"org.bukkit.block.BlockType.Typed"},{"static":true,"name":"WHEAT","type":"org.bukkit.block.BlockType.Typed"},{"static":true,"name":"FARMLAND","type":"org.bukkit.block.BlockType.Typed"},{"static":true,"name":"FURNACE","type":"org.bukkit.block.BlockType.Typed"},{"static":true,"name":"OAK_SIGN","type":"org.bukkit.block.BlockType.Typed"},{"static":true,"name":"SPRUCE_SIGN","type":"org.bukkit.block.BlockType.Typed"},{"static":true,"name":"BIRCH_SIGN","type":"org.bukkit.block.BlockType.Typed"},{"static":true,"name":"ACACIA_SIGN","type":"org.bukkit.block.BlockType.Typed"},{"static":true,"name":"CHERRY_SIGN","type":"org.bukkit.block.BlockType.Typed"},{"static":true,"name":"JUNGLE_SIGN","type":"org.bukkit.block.BlockType.Typed"},{"static":true,"name":"DARK_OAK_SIGN","type":"org.bukkit.block.BlockType.Typed"},{"static":true,"name":"MANGROVE_SIGN","type":"org.bukkit.block.BlockType.Typed"},{"static":true,"name":"BAMBOO_SIGN","type":"org.bukkit.block.BlockType.Typed"},{"static":true,"name":"OAK_DOOR","type":"org.bukkit.block.BlockType.Typed"},{"static":true,"name":"LADDER","type":"org.bukkit.block.BlockType.Typed"},{"static":true,"name":"RAIL","type":"org.bukkit.block.BlockType.Typed"},{"static":true,"name":"COBBLESTONE_STAIRS","type":"org.bukkit.block.BlockType.Typed"},{"static":true,"name":"OAK_WALL_SIGN","type":"org.bukkit.block.BlockType.Typed"},{"static":true,"name":"SPRUCE_WALL_SIGN","type":"org.bukkit.block.BlockType.Typed"},{"static":true,"name":"BIRCH_WALL_SIGN","type":"org.bukkit.block.BlockType.Typed"},{"static":true,"name":"ACACIA_WALL_SIGN","type":"org.bukkit.block.BlockType.Typed"},{"static":true,"name":"CHERRY_WALL_SIGN","type":"org.bukkit.block.BlockType.Typed"},{"static":true,"name":"JUNGLE_WALL_SIGN","type":"org.bukkit.block.BlockType.Typed"},{"static":true,"name":"DARK_OAK_WALL_SIGN","type":"org.bukkit.block.BlockType.Typed"},{"static":true,"name":"MANGROVE_WALL_SIGN","type":"org.bukkit.block.BlockType.Typed"},{"static":true,"name":"BAMBOO_WALL_SIGN","type":"org.bukkit.block.BlockType.Typed"},{"static":true,"name":"OAK_HANGING_SIGN","type":"org.bukkit.block.BlockType.Typed"},{"static":true,"name":"SPRUCE_HANGING_SIGN","type":"org.bukkit.block.BlockType.Typed"},{"static":true,"name":"BIRCH_HANGING_SIGN","type":"org.bukkit.block.BlockType.Typed"},{"static":true,"name":"ACACIA_HANGING_SIGN","type":"org.bukkit.block.BlockType.Typed"},{"static":true,"name":"CHERRY_HANGING_SIGN","type":"org.bukkit.block.BlockType.Typed"},{"static":true,"name":"JUNGLE_HANGING_SIGN","type":"org.bukkit.block.BlockType.Typed"},{"static":true,"name":"DARK_OAK_HANGING_SIGN","type":"org.bukkit.block.BlockType.Typed"},{"static":true,"name":"CRIMSON_HANGING_SIGN","type":"org.bukkit.block.BlockType.Typed"},{"static":true,"name":"WARPED_HANGING_SIGN","type":"org.bukkit.block.BlockType.Typed"},{"static":true,"name":"MANGROVE_HANGING_SIGN","type":"org.bukkit.block.BlockType.Typed"},{"static":true,"name":"BAMBOO_HANGING_SIGN","type":"org.bukkit.block.BlockType.Typed"},{"static":true,"name":"OAK_WALL_HANGING_SIGN","type":"org.bukkit.block.BlockType.Typed"},{"static":true,"name":"SPRUCE_WALL_HANGING_SIGN","type":"org.bukkit.block.BlockType.Typed"},{"static":true,"name":"BIRCH_WALL_HANGING_SIGN","type":"org.bukkit.block.BlockType.Typed"},{"static":true,"name":"ACACIA_WALL_HANGING_SIGN","type":"org.bukkit.block.BlockType.Typed"},{"static":true,"name":"CHERRY_WALL_HANGING_SIGN","type":"org.bukkit.block.BlockType.Typed"},{"static":true,"name":"JUNGLE_WALL_HANGING_SIGN","type":"org.bukkit.block.BlockType.Typed"},{"static":true,"name":"DARK_OAK_WALL_HANGING_SIGN","type":"org.bukkit.block.BlockType.Typed"},{"static":true,"name":"MANGROVE_WALL_HANGING_SIGN","type":"org.bukkit.block.BlockType.Typed"},{"static":true,"name":"CRIMSON_WALL_HANGING_SIGN","type":"org.bukkit.block.BlockType.Typed"},{"static":true,"name":"WARPED_WALL_HANGING_SIGN","type":"org.bukkit.block.BlockType.Typed"},{"static":true,"name":"BAMBOO_WALL_HANGING_SIGN","type":"org.bukkit.block.BlockType.Typed"},{"static":true,"name":"LEVER","type":"org.bukkit.block.BlockType.Typed"},{"static":true,"name":"STONE_PRESSURE_PLATE","type":"org.bukkit.block.BlockType.Typed"},{"static":true,"name":"IRON_DOOR","type":"org.bukkit.block.BlockType.Typed"},{"static":true,"name":"OAK_PRESSURE_PLATE","type":"org.bukkit.block.BlockType.Typed"},{"static":true,"name":"SPRUCE_PRESSURE_PLATE","type":"org.bukkit.block.BlockType.Typed"},{"static":true,"name":"BIRCH_PRESSURE_PLATE","type":"org.bukkit.block.BlockType.Typed"},{"static":true,"name":"JUNGLE_PRESSURE_PLATE","type":"org.bukkit.block.BlockType.Typed"},{"static":true,"name":"ACACIA_PRESSURE_PLATE","type":"org.bukkit.block.BlockType.Typed"},{"static":true,"name":"CHERRY_PRESSURE_PLATE","type":"org.bukkit.block.BlockType.Typed"},{"static":true,"name":"DARK_OAK_PRESSURE_PLATE","type":"org.bukkit.block.BlockType.Typed"},{"static":true,"name":"MANGROVE_PRESSURE_PLATE","type":"org.bukkit.block.BlockType.Typed"},{"static":true,"name":"BAMBOO_PRESSURE_PLATE","type":"org.bukkit.block.BlockType.Typed"},{"static":true,"name":"REDSTONE_ORE","type":"org.bukkit.block.BlockType.Typed"},{"static":true,"name":"DEEPSLATE_REDSTONE_ORE","type":"org.bukkit.block.BlockType.Typed"},{"static":true,"name":"REDSTONE_TORCH","type":"org.bukkit.block.BlockType.Typed"},{"static":true,"name":"REDSTONE_WALL_TORCH","type":"org.bukkit.block.BlockType.Typed"},{"static":true,"name":"STONE_BUTTON","type":"org.bukkit.block.BlockType.Typed"},{"static":true,"name":"SNOW","type":"org.bukkit.block.BlockType.Typed"},{"static":true,"name":"ICE","type":"org.bukkit.block.BlockType.Typed"},{"static":true,"name":"SNOW_BLOCK","type":"org.bukkit.block.BlockType.Typed"},{"static":true,"name":"CACTUS","type":"org.bukkit.block.BlockType.Typed"},{"static":true,"name":"CLAY","type":"org.bukkit.block.BlockType.Typed"},{"static":true,"name":"SUGAR_CANE","type":"org.bukkit.block.BlockType.Typed"},{"static":true,"name":"JUKEBOX","type":"org.bukkit.block.BlockType.Typed"},{"static":true,"name":"OAK_FENCE","type":"org.bukkit.block.BlockType.Typed"},{"static":true,"name":"NETHERRACK","type":"org.bukkit.block.BlockType.Typed"},{"static":true,"name":"SOUL_SAND","type":"org.bukkit.block.BlockType.Typed"},{"static":true,"name":"SOUL_SOIL","type":"org.bukkit.block.BlockType.Typed"},{"static":true,"name":"BASALT","type":"org.bukkit.block.BlockType.Typed"},{"static":true,"name":"POLISHED_BASALT","type":"org.bukkit.block.BlockType.Typed"},{"static":true,"name":"SOUL_TORCH","type":"org.bukkit.block.BlockType.Typed"},{"static":true,"name":"SOUL_WALL_TORCH","type":"org.bukkit.block.BlockType.Typed"},{"static":true,"name":"GLOWSTONE","type":"org.bukkit.block.BlockType.Typed"},{"static":true,"name":"NETHER_PORTAL","type":"org.bukkit.block.BlockType.Typed"},{"static":true,"name":"CARVED_PUMPKIN","type":"org.bukkit.block.BlockType.Typed"},{"static":true,"name":"JACK_O_LANTERN","type":"org.bukkit.block.BlockType.Typed"},{"static":true,"name":"CAKE","type":"org.bukkit.block.BlockType.Typed"},{"static":true,"name":"REPEATER","type":"org.bukkit.block.BlockType.Typed"},{"static":true,"name":"WHITE_STAINED_GLASS","type":"org.bukkit.block.BlockType.Typed"},{"static":true,"name":"ORANGE_STAINED_GLASS","type":"org.bukkit.block.BlockType.Typed"},{"static":true,"name":"MAGENTA_STAINED_GLASS","type":"org.bukkit.block.BlockType.Typed"},{"static":true,"name":"LIGHT_BLUE_STAINED_GLASS","type":"org.bukkit.block.BlockType.Typed"},{"static":true,"name":"YELLOW_STAINED_GLASS","type":"org.bukkit.block.BlockType.Typed"},{"static":true,"name":"LIME_STAINED_GLASS","type":"org.bukkit.block.BlockType.Typed"},{"static":true,"name":"PINK_STAINED_GLASS","type":"org.bukkit.block.BlockType.Typed"},{"static":true,"name":"GRAY_STAINED_GLASS","type":"org.bukkit.block.BlockType.Typed"},{"static":true,"name":"LIGHT_GRAY_STAINED_GLASS","type":"org.bukkit.block.BlockType.Typed"},{"static":true,"name":"CYAN_STAINED_GLASS","type":"org.bukkit.block.BlockType.Typed"},{"static":true,"name":"PURPLE_STAINED_GLASS","type":"org.bukkit.block.BlockType.Typed"},{"static":true,"name":"BLUE_STAINED_GLASS","type":"org.bukkit.block.BlockType.Typed"},{"static":true,"name":"BROWN_STAINED_GLASS","type":"org.bukkit.block.BlockType.Typed"},{"static":true,"name":"GREEN_STAINED_GLASS","type":"org.bukkit.block.BlockType.Typed"},{"static":true,"name":"RED_STAINED_GLASS","type":"org.bukkit.block.BlockType.Typed"},{"static":true,"name":"BLACK_STAINED_GLASS","type":"org.bukkit.block.BlockType.Typed"},{"static":true,"name":"OAK_TRAPDOOR","type":"org.bukkit.block.BlockType.Typed"},{"static":true,"name":"SPRUCE_TRAPDOOR","type":"org.bukkit.block.BlockType.Typed"},{"static":true,"name":"BIRCH_TRAPDOOR","type":"org.bukkit.block.BlockType.Typed"},{"static":true,"name":"JUNGLE_TRAPDOOR","type":"org.bukkit.block.BlockType.Typed"},{"static":true,"name":"ACACIA_TRAPDOOR","type":"org.bukkit.block.BlockType.Typed"},{"static":true,"name":"CHERRY_TRAPDOOR","type":"org.bukkit.block.BlockType.Typed"},{"static":true,"name":"DARK_OAK_TRAPDOOR","type":"org.bukkit.block.BlockType.Typed"},{"static":true,"name":"MANGROVE_TRAPDOOR","type":"org.bukkit.block.BlockType.Typed"},{"static":true,"name":"BAMBOO_TRAPDOOR","type":"org.bukkit.block.BlockType.Typed"},{"static":true,"name":"STONE_BRICKS","type":"org.bukkit.block.BlockType.Typed"},{"static":true,"name":"MOSSY_STONE_BRICKS","type":"org.bukkit.block.BlockType.Typed"},{"static":true,"name":"CRACKED_STONE_BRICKS","type":"org.bukkit.block.BlockType.Typed"},{"static":true,"name":"CHISELED_STONE_BRICKS","type":"org.bukkit.block.BlockType.Typed"},{"static":true,"name":"PACKED_MUD","type":"org.bukkit.block.BlockType.Typed"},{"static":true,"name":"MUD_BRICKS","type":"org.bukkit.block.BlockType.Typed"},{"static":true,"name":"INFESTED_STONE","type":"org.bukkit.block.BlockType.Typed"},{"static":true,"name":"INFESTED_COBBLESTONE","type":"org.bukkit.block.BlockType.Typed"},{"static":true,"name":"INFESTED_STONE_BRICKS","type":"org.bukkit.block.BlockType.Typed"},{"static":true,"name":"INFESTED_MOSSY_STONE_BRICKS","type":"org.bukkit.block.BlockType.Typed"},{"static":true,"name":"INFESTED_CRACKED_STONE_BRICKS","type":"org.bukkit.block.BlockType.Typed"},{"static":true,"name":"INFESTED_CHISELED_STONE_BRICKS","type":"org.bukkit.block.BlockType.Typed"},{"static":true,"name":"BROWN_MUSHROOM_BLOCK","type":"org.bukkit.block.BlockType.Typed"},{"static":true,"name":"RED_MUSHROOM_BLOCK","type":"org.bukkit.block.BlockType.Typed"},{"static":true,"name":"MUSHROOM_STEM","type":"org.bukkit.block.BlockType.Typed"},{"static":true,"name":"IRON_BARS","type":"org.bukkit.block.BlockType.Typed"},{"static":true,"name":"CHAIN","type":"org.bukkit.block.BlockType.Typed"},{"static":true,"name":"GLASS_PANE","type":"org.bukkit.block.BlockType.Typed"},{"static":true,"name":"PUMPKIN","type":"org.bukkit.block.BlockType.Typed"},{"static":true,"name":"MELON","type":"org.bukkit.block.BlockType.Typed"},{"static":true,"name":"ATTACHED_PUMPKIN_STEM","type":"org.bukkit.block.BlockType.Typed"},{"static":true,"name":"ATTACHED_MELON_STEM","type":"org.bukkit.block.BlockType.Typed"},{"static":true,"name":"PUMPKIN_STEM","type":"org.bukkit.block.BlockType.Typed"},{"static":true,"name":"MELON_STEM","type":"org.bukkit.block.BlockType.Typed"},{"static":true,"name":"VINE","type":"org.bukkit.block.BlockType.Typed"},{"static":true,"name":"GLOW_LICHEN","type":"org.bukkit.block.BlockType.Typed"},{"static":true,"name":"OAK_FENCE_GATE","type":"org.bukkit.block.BlockType.Typed"},{"static":true,"name":"BRICK_STAIRS","type":"org.bukkit.block.BlockType.Typed"},{"static":true,"name":"STONE_BRICK_STAIRS","type":"org.bukkit.block.BlockType.Typed"},{"static":true,"name":"MUD_BRICK_STAIRS","type":"org.bukkit.block.BlockType.Typed"},{"static":true,"name":"MYCELIUM","type":"org.bukkit.block.BlockType.Typed"},{"static":true,"name":"LILY_PAD","type":"org.bukkit.block.BlockType.Typed"},{"static":true,"name":"NETHER_BRICKS","type":"org.bukkit.block.BlockType.Typed"},{"static":true,"name":"NETHER_BRICK_FENCE","type":"org.bukkit.block.BlockType.Typed"},{"static":true,"name":"NETHER_BRICK_STAIRS","type":"org.bukkit.block.BlockType.Typed"},{"static":true,"name":"NETHER_WART","type":"org.bukkit.block.BlockType.Typed"},{"static":true,"name":"ENCHANTING_TABLE","type":"org.bukkit.block.BlockType.Typed"},{"static":true,"name":"BREWING_STAND","type":"org.bukkit.block.BlockType.Typed"},{"static":true,"name":"CAULDRON","type":"org.bukkit.block.BlockType.Typed"},{"static":true,"name":"WATER_CAULDRON","type":"org.bukkit.block.BlockType.Typed"},{"static":true,"name":"LAVA_CAULDRON","type":"org.bukkit.block.BlockType.Typed"},{"static":true,"name":"POWDER_SNOW_CAULDRON","type":"org.bukkit.block.BlockType.Typed"},{"static":true,"name":"END_PORTAL","type":"org.bukkit.block.BlockType.Typed"},{"static":true,"name":"END_PORTAL_FRAME","type":"org.bukkit.block.BlockType.Typed"},{"static":true,"name":"END_STONE","type":"org.bukkit.block.BlockType.Typed"},{"static":true,"name":"DRAGON_EGG","type":"org.bukkit.block.BlockType.Typed"},{"static":true,"name":"REDSTONE_LAMP","type":"org.bukkit.block.BlockType.Typed"},{"static":true,"name":"COCOA","type":"org.bukkit.block.BlockType.Typed"},{"static":true,"name":"SANDSTONE_STAIRS","type":"org.bukkit.block.BlockType.Typed"},{"static":true,"name":"EMERALD_ORE","type":"org.bukkit.block.BlockType.Typed"},{"static":true,"name":"DEEPSLATE_EMERALD_ORE","type":"org.bukkit.block.BlockType.Typed"},{"static":true,"name":"ENDER_CHEST","type":"org.bukkit.block.BlockType.Typed"},{"static":true,"name":"TRIPWIRE_HOOK","type":"org.bukkit.block.BlockType.Typed"},{"static":true,"name":"TRIPWIRE","type":"org.bukkit.block.BlockType.Typed"},{"static":true,"name":"EMERALD_BLOCK","type":"org.bukkit.block.BlockType.Typed"},{"static":true,"name":"SPRUCE_STAIRS","type":"org.bukkit.block.BlockType.Typed"},{"static":true,"name":"BIRCH_STAIRS","type":"org.bukkit.block.BlockType.Typed"},{"static":true,"name":"JUNGLE_STAIRS","type":"org.bukkit.block.BlockType.Typed"},{"static":true,"name":"COMMAND_BLOCK","type":"org.bukkit.block.BlockType.Typed"},{"static":true,"name":"BEACON","type":"org.bukkit.block.BlockType.Typed"},{"static":true,"name":"COBBLESTONE_WALL","type":"org.bukkit.block.BlockType.Typed"},{"static":true,"name":"MOSSY_COBBLESTONE_WALL","type":"org.bukkit.block.BlockType.Typed"},{"static":true,"name":"FLOWER_POT","type":"org.bukkit.block.BlockType.Typed"},{"static":true,"name":"POTTED_TORCHFLOWER","type":"org.bukkit.block.BlockType.Typed"},{"static":true,"name":"POTTED_OAK_SAPLING","type":"org.bukkit.block.BlockType.Typed"},{"static":true,"name":"POTTED_SPRUCE_SAPLING","type":"org.bukkit.block.BlockType.Typed"},{"static":true,"name":"POTTED_BIRCH_SAPLING","type":"org.bukkit.block.BlockType.Typed"},{"static":true,"name":"POTTED_JUNGLE_SAPLING","type":"org.bukkit.block.BlockType.Typed"},{"static":true,"name":"POTTED_ACACIA_SAPLING","type":"org.bukkit.block.BlockType.Typed"},{"static":true,"name":"POTTED_CHERRY_SAPLING","type":"org.bukkit.block.BlockType.Typed"},{"static":true,"name":"POTTED_DARK_OAK_SAPLING","type":"org.bukkit.block.BlockType.Typed"},{"static":true,"name":"POTTED_MANGROVE_PROPAGULE","type":"org.bukkit.block.BlockType.Typed"},{"static":true,"name":"POTTED_FERN","type":"org.bukkit.block.BlockType.Typed"},{"static":true,"name":"POTTED_DANDELION","type":"org.bukkit.block.BlockType.Typed"},{"static":true,"name":"POTTED_POPPY","type":"org.bukkit.block.BlockType.Typed"},{"static":true,"name":"POTTED_BLUE_ORCHID","type":"org.bukkit.block.BlockType.Typed"},{"static":true,"name":"POTTED_ALLIUM","type":"org.bukkit.block.BlockType.Typed"},{"static":true,"name":"POTTED_AZURE_BLUET","type":"org.bukkit.block.BlockType.Typed"},{"static":true,"name":"POTTED_RED_TULIP","type":"org.bukkit.block.BlockType.Typed"},{"static":true,"name":"POTTED_ORANGE_TULIP","type":"org.bukkit.block.BlockType.Typed"},{"static":true,"name":"POTTED_WHITE_TULIP","type":"org.bukkit.block.BlockType.Typed"},{"static":true,"name":"POTTED_PINK_TULIP","type":"org.bukkit.block.BlockType.Typed"},{"static":true,"name":"POTTED_OXEYE_DAISY","type":"org.bukkit.block.BlockType.Typed"},{"static":true,"name":"POTTED_CORNFLOWER","type":"org.bukkit.block.BlockType.Typed"},{"static":true,"name":"POTTED_LILY_OF_THE_VALLEY","type":"org.bukkit.block.BlockType.Typed"},{"static":true,"name":"POTTED_WITHER_ROSE","type":"org.bukkit.block.BlockType.Typed"},{"static":true,"name":"POTTED_RED_MUSHROOM","type":"org.bukkit.block.BlockType.Typed"},{"static":true,"name":"POTTED_BROWN_MUSHROOM","type":"org.bukkit.block.BlockType.Typed"},{"static":true,"name":"POTTED_DEAD_BUSH","type":"org.bukkit.block.BlockType.Typed"},{"static":true,"name":"POTTED_CACTUS","type":"org.bukkit.block.BlockType.Typed"},{"static":true,"name":"CARROTS","type":"org.bukkit.block.BlockType.Typed"},{"static":true,"name":"POTATOES","type":"org.bukkit.block.BlockType.Typed"},{"static":true,"name":"OAK_BUTTON","type":"org.bukkit.block.BlockType.Typed"},{"static":true,"name":"SPRUCE_BUTTON","type":"org.bukkit.block.BlockType.Typed"},{"static":true,"name":"BIRCH_BUTTON","type":"org.bukkit.block.BlockType.Typed"},{"static":true,"name":"JUNGLE_BUTTON","type":"org.bukkit.block.BlockType.Typed"},{"static":true,"name":"ACACIA_BUTTON","type":"org.bukkit.block.BlockType.Typed"},{"static":true,"name":"CHERRY_BUTTON","type":"org.bukkit.block.BlockType.Typed"},{"static":true,"name":"DARK_OAK_BUTTON","type":"org.bukkit.block.BlockType.Typed"},{"static":true,"name":"MANGROVE_BUTTON","type":"org.bukkit.block.BlockType.Typed"},{"static":true,"name":"BAMBOO_BUTTON","type":"org.bukkit.block.BlockType.Typed"},{"static":true,"name":"SKELETON_SKULL","type":"org.bukkit.block.BlockType.Typed"},{"static":true,"name":"SKELETON_WALL_SKULL","type":"org.bukkit.block.BlockType.Typed"},{"static":true,"name":"WITHER_SKELETON_SKULL","type":"org.bukkit.block.BlockType.Typed"},{"static":true,"name":"WITHER_SKELETON_WALL_SKULL","type":"org.bukkit.block.BlockType.Typed"},{"static":true,"name":"ZOMBIE_HEAD","type":"org.bukkit.block.BlockType.Typed"},{"static":true,"name":"ZOMBIE_WALL_HEAD","type":"org.bukkit.block.BlockType.Typed"},{"static":true,"name":"PLAYER_HEAD","type":"org.bukkit.block.BlockType.Typed"},{"static":true,"name":"PLAYER_WALL_HEAD","type":"org.bukkit.block.BlockType.Typed"},{"static":true,"name":"CREEPER_HEAD","type":"org.bukkit.block.BlockType.Typed"},{"static":true,"name":"CREEPER_WALL_HEAD","type":"org.bukkit.block.BlockType.Typed"},{"static":true,"name":"DRAGON_HEAD","type":"org.bukkit.block.BlockType.Typed"},{"static":true,"name":"DRAGON_WALL_HEAD","type":"org.bukkit.block.BlockType.Typed"},{"static":true,"name":"PIGLIN_HEAD","type":"org.bukkit.block.BlockType.Typed"},{"static":true,"name":"PIGLIN_WALL_HEAD","type":"org.bukkit.block.BlockType.Typed"},{"static":true,"name":"ANVIL","type":"org.bukkit.block.BlockType.Typed"},{"static":true,"name":"CHIPPED_ANVIL","type":"org.bukkit.block.BlockType.Typed"},{"static":true,"name":"DAMAGED_ANVIL","type":"org.bukkit.block.BlockType.Typed"},{"static":true,"name":"TRAPPED_CHEST","type":"org.bukkit.block.BlockType.Typed"},{"static":true,"name":"LIGHT_WEIGHTED_PRESSURE_PLATE","type":"org.bukkit.block.BlockType.Typed"},{"static":true,"name":"HEAVY_WEIGHTED_PRESSURE_PLATE","type":"org.bukkit.block.BlockType.Typed"},{"static":true,"name":"COMPARATOR","type":"org.bukkit.block.BlockType.Typed"},{"static":true,"name":"DAYLIGHT_DETECTOR","type":"org.bukkit.block.BlockType.Typed"},{"static":true,"name":"REDSTONE_BLOCK","type":"org.bukkit.block.BlockType.Typed"},{"static":true,"name":"NETHER_QUARTZ_ORE","type":"org.bukkit.block.BlockType.Typed"},{"static":true,"name":"HOPPER","type":"org.bukkit.block.BlockType.Typed"},{"static":true,"name":"QUARTZ_BLOCK","type":"org.bukkit.block.BlockType.Typed"},{"static":true,"name":"CHISELED_QUARTZ_BLOCK","type":"org.bukkit.block.BlockType.Typed"},{"static":true,"name":"QUARTZ_PILLAR","type":"org.bukkit.block.BlockType.Typed"},{"static":true,"name":"QUARTZ_STAIRS","type":"org.bukkit.block.BlockType.Typed"},{"static":true,"name":"ACTIVATOR_RAIL","type":"org.bukkit.block.BlockType.Typed"},{"static":true,"name":"DROPPER","type":"org.bukkit.block.BlockType.Typed"},{"static":true,"name":"WHITE_TERRACOTTA","type":"org.bukkit.block.BlockType.Typed"},{"static":true,"name":"ORANGE_TERRACOTTA","type":"org.bukkit.block.BlockType.Typed"},{"static":true,"name":"MAGENTA_TERRACOTTA","type":"org.bukkit.block.BlockType.Typed"},{"static":true,"name":"LIGHT_BLUE_TERRACOTTA","type":"org.bukkit.block.BlockType.Typed"},{"static":true,"name":"YELLOW_TERRACOTTA","type":"org.bukkit.block.BlockType.Typed"},{"static":true,"name":"LIME_TERRACOTTA","type":"org.bukkit.block.BlockType.Typed"},{"static":true,"name":"PINK_TERRACOTTA","type":"org.bukkit.block.BlockType.Typed"},{"static":true,"name":"GRAY_TERRACOTTA","type":"org.bukkit.block.BlockType.Typed"},{"static":true,"name":"LIGHT_GRAY_TERRACOTTA","type":"org.bukkit.block.BlockType.Typed"},{"static":true,"name":"CYAN_TERRACOTTA","type":"org.bukkit.block.BlockType.Typed"},{"static":true,"name":"PURPLE_TERRACOTTA","type":"org.bukkit.block.BlockType.Typed"},{"static":true,"name":"BLUE_TERRACOTTA","type":"org.bukkit.block.BlockType.Typed"},{"static":true,"name":"BROWN_TERRACOTTA","type":"org.bukkit.block.BlockType.Typed"},{"static":true,"name":"GREEN_TERRACOTTA","type":"org.bukkit.block.BlockType.Typed"},{"static":true,"name":"RED_TERRACOTTA","type":"org.bukkit.block.BlockType.Typed"},{"static":true,"name":"BLACK_TERRACOTTA","type":"org.bukkit.block.BlockType.Typed"},{"static":true,"name":"WHITE_STAINED_GLASS_PANE","type":"org.bukkit.block.BlockType.Typed"},{"static":true,"name":"ORANGE_STAINED_GLASS_PANE","type":"org.bukkit.block.BlockType.Typed"},{"static":true,"name":"MAGENTA_STAINED_GLASS_PANE","type":"org.bukkit.block.BlockType.Typed"},{"static":true,"name":"LIGHT_BLUE_STAINED_GLASS_PANE","type":"org.bukkit.block.BlockType.Typed"},{"static":true,"name":"YELLOW_STAINED_GLASS_PANE","type":"org.bukkit.block.BlockType.Typed"},{"static":true,"name":"LIME_STAINED_GLASS_PANE","type":"org.bukkit.block.BlockType.Typed"},{"static":true,"name":"PINK_STAINED_GLASS_PANE","type":"org.bukkit.block.BlockType.Typed"},{"static":true,"name":"GRAY_STAINED_GLASS_PANE","type":"org.bukkit.block.BlockType.Typed"},{"static":true,"name":"LIGHT_GRAY_STAINED_GLASS_PANE","type":"org.bukkit.block.BlockType.Typed"},{"static":true,"name":"CYAN_STAINED_GLASS_PANE","type":"org.bukkit.block.BlockType.Typed"},{"static":true,"name":"PURPLE_STAINED_GLASS_PANE","type":"org.bukkit.block.BlockType.Typed"},{"static":true,"name":"BLUE_STAINED_GLASS_PANE","type":"org.bukkit.block.BlockType.Typed"},{"static":true,"name":"BROWN_STAINED_GLASS_PANE","type":"org.bukkit.block.BlockType.Typed"},{"static":true,"name":"GREEN_STAINED_GLASS_PANE","type":"org.bukkit.block.BlockType.Typed"},{"static":true,"name":"RED_STAINED_GLASS_PANE","type":"org.bukkit.block.BlockType.Typed"},{"static":true,"name":"BLACK_STAINED_GLASS_PANE","type":"org.bukkit.block.BlockType.Typed"},{"static":true,"name":"ACACIA_STAIRS","type":"org.bukkit.block.BlockType.Typed"},{"static":true,"name":"CHERRY_STAIRS","type":"org.bukkit.block.BlockType.Typed"},{"static":true,"name":"DARK_OAK_STAIRS","type":"org.bukkit.block.BlockType.Typed"},{"static":true,"name":"MANGROVE_STAIRS","type":"org.bukkit.block.BlockType.Typed"},{"static":true,"name":"BAMBOO_STAIRS","type":"org.bukkit.block.BlockType.Typed"},{"static":true,"name":"BAMBOO_MOSAIC_STAIRS","type":"org.bukkit.block.BlockType.Typed"},{"static":true,"name":"SLIME_BLOCK","type":"org.bukkit.block.BlockType.Typed"},{"static":true,"name":"BARRIER","type":"org.bukkit.block.BlockType.Typed"},{"static":true,"name":"LIGHT","type":"org.bukkit.block.BlockType.Typed"},{"static":true,"name":"IRON_TRAPDOOR","type":"org.bukkit.block.BlockType.Typed"},{"static":true,"name":"PRISMARINE","type":"org.bukkit.block.BlockType.Typed"},{"static":true,"name":"PRISMARINE_BRICKS","type":"org.bukkit.block.BlockType.Typed"},{"static":true,"name":"DARK_PRISMARINE","type":"org.bukkit.block.BlockType.Typed"},{"static":true,"name":"PRISMARINE_STAIRS","type":"org.bukkit.block.BlockType.Typed"},{"static":true,"name":"PRISMARINE_BRICK_STAIRS","type":"org.bukkit.block.BlockType.Typed"},{"static":true,"name":"DARK_PRISMARINE_STAIRS","type":"org.bukkit.block.BlockType.Typed"},{"static":true,"name":"PRISMARINE_SLAB","type":"org.bukkit.block.BlockType.Typed"},{"static":true,"name":"PRISMARINE_BRICK_SLAB","type":"org.bukkit.block.BlockType.Typed"},{"static":true,"name":"DARK_PRISMARINE_SLAB","type":"org.bukkit.block.BlockType.Typed"},{"static":true,"name":"SEA_LANTERN","type":"org.bukkit.block.BlockType.Typed"},{"static":true,"name":"HAY_BLOCK","type":"org.bukkit.block.BlockType.Typed"},{"static":true,"name":"WHITE_CARPET","type":"org.bukkit.block.BlockType.Typed"},{"static":true,"name":"ORANGE_CARPET","type":"org.bukkit.block.BlockType.Typed"},{"static":true,"name":"MAGENTA_CARPET","type":"org.bukkit.block.BlockType.Typed"},{"static":true,"name":"LIGHT_BLUE_CARPET","type":"org.bukkit.block.BlockType.Typed"},{"static":true,"name":"YELLOW_CARPET","type":"org.bukkit.block.BlockType.Typed"},{"static":true,"name":"LIME_CARPET","type":"org.bukkit.block.BlockType.Typed"},{"static":true,"name":"PINK_CARPET","type":"org.bukkit.block.BlockType.Typed"},{"static":true,"name":"GRAY_CARPET","type":"org.bukkit.block.BlockType.Typed"},{"static":true,"name":"LIGHT_GRAY_CARPET","type":"org.bukkit.block.BlockType.Typed"},{"static":true,"name":"CYAN_CARPET","type":"org.bukkit.block.BlockType.Typed"},{"static":true,"name":"PURPLE_CARPET","type":"org.bukkit.block.BlockType.Typed"},{"static":true,"name":"BLUE_CARPET","type":"org.bukkit.block.BlockType.Typed"},{"static":true,"name":"BROWN_CARPET","type":"org.bukkit.block.BlockType.Typed"},{"static":true,"name":"GREEN_CARPET","type":"org.bukkit.block.BlockType.Typed"},{"static":true,"name":"RED_CARPET","type":"org.bukkit.block.BlockType.Typed"},{"static":true,"name":"BLACK_CARPET","type":"org.bukkit.block.BlockType.Typed"},{"static":true,"name":"TERRACOTTA","type":"org.bukkit.block.BlockType.Typed"},{"static":true,"name":"COAL_BLOCK","type":"org.bukkit.block.BlockType.Typed"},{"static":true,"name":"PACKED_ICE","type":"org.bukkit.block.BlockType.Typed"},{"static":true,"name":"SUNFLOWER","type":"org.bukkit.block.BlockType.Typed"},{"static":true,"name":"LILAC","type":"org.bukkit.block.BlockType.Typed"},{"static":true,"name":"ROSE_BUSH","type":"org.bukkit.block.BlockType.Typed"},{"static":true,"name":"PEONY","type":"org.bukkit.block.BlockType.Typed"},{"static":true,"name":"TALL_GRASS","type":"org.bukkit.block.BlockType.Typed"},{"static":true,"name":"LARGE_FERN","type":"org.bukkit.block.BlockType.Typed"},{"static":true,"name":"WHITE_BANNER","type":"org.bukkit.block.BlockType.Typed"},{"static":true,"name":"ORANGE_BANNER","type":"org.bukkit.block.BlockType.Typed"},{"static":true,"name":"MAGENTA_BANNER","type":"org.bukkit.block.BlockType.Typed"},{"static":true,"name":"LIGHT_BLUE_BANNER","type":"org.bukkit.block.BlockType.Typed"},{"static":true,"name":"YELLOW_BANNER","type":"org.bukkit.block.BlockType.Typed"},{"static":true,"name":"LIME_BANNER","type":"org.bukkit.block.BlockType.Typed"},{"static":true,"name":"PINK_BANNER","type":"org.bukkit.block.BlockType.Typed"},{"static":true,"name":"GRAY_BANNER","type":"org.bukkit.block.BlockType.Typed"},{"static":true,"name":"LIGHT_GRAY_BANNER","type":"org.bukkit.block.BlockType.Typed"},{"static":true,"name":"CYAN_BANNER","type":"org.bukkit.block.BlockType.Typed"},{"static":true,"name":"PURPLE_BANNER","type":"org.bukkit.block.BlockType.Typed"},{"static":true,"name":"BLUE_BANNER","type":"org.bukkit.block.BlockType.Typed"},{"static":true,"name":"BROWN_BANNER","type":"org.bukkit.block.BlockType.Typed"},{"static":true,"name":"GREEN_BANNER","type":"org.bukkit.block.BlockType.Typed"},{"static":true,"name":"RED_BANNER","type":"org.bukkit.block.BlockType.Typed"},{"static":true,"name":"BLACK_BANNER","type":"org.bukkit.block.BlockType.Typed"},{"static":true,"name":"WHITE_WALL_BANNER","type":"org.bukkit.block.BlockType.Typed"},{"static":true,"name":"ORANGE_WALL_BANNER","type":"org.bukkit.block.BlockType.Typed"},{"static":true,"name":"MAGENTA_WALL_BANNER","type":"org.bukkit.block.BlockType.Typed"},{"static":true,"name":"LIGHT_BLUE_WALL_BANNER","type":"org.bukkit.block.BlockType.Typed"},{"static":true,"name":"YELLOW_WALL_BANNER","type":"org.bukkit.block.BlockType.Typed"},{"static":true,"name":"LIME_WALL_BANNER","type":"org.bukkit.block.BlockType.Typed"},{"static":true,"name":"PINK_WALL_BANNER","type":"org.bukkit.block.BlockType.Typed"},{"static":true,"name":"GRAY_WALL_BANNER","type":"org.bukkit.block.BlockType.Typed"},{"static":true,"name":"LIGHT_GRAY_WALL_BANNER","type":"org.bukkit.block.BlockType.Typed"},{"static":true,"name":"CYAN_WALL_BANNER","type":"org.bukkit.block.BlockType.Typed"},{"static":true,"name":"PURPLE_WALL_BANNER","type":"org.bukkit.block.BlockType.Typed"},{"static":true,"name":"BLUE_WALL_BANNER","type":"org.bukkit.block.BlockType.Typed"},{"static":true,"name":"BROWN_WALL_BANNER","type":"org.bukkit.block.BlockType.Typed"},{"static":true,"name":"GREEN_WALL_BANNER","type":"org.bukkit.block.BlockType.Typed"},{"static":true,"name":"RED_WALL_BANNER","type":"org.bukkit.block.BlockType.Typed"},{"static":true,"name":"BLACK_WALL_BANNER","type":"org.bukkit.block.BlockType.Typed"},{"static":true,"name":"RED_SANDSTONE","type":"org.bukkit.block.BlockType.Typed"},{"static":true,"name":"CHISELED_RED_SANDSTONE","type":"org.bukkit.block.BlockType.Typed"},{"static":true,"name":"CUT_RED_SANDSTONE","type":"org.bukkit.block.BlockType.Typed"},{"static":true,"name":"RED_SANDSTONE_STAIRS","type":"org.bukkit.block.BlockType.Typed"},{"static":true,"name":"OAK_SLAB","type":"org.bukkit.block.BlockType.Typed"},{"static":true,"name":"SPRUCE_SLAB","type":"org.bukkit.block.BlockType.Typed"},{"static":true,"name":"BIRCH_SLAB","type":"org.bukkit.block.BlockType.Typed"},{"static":true,"name":"JUNGLE_SLAB","type":"org.bukkit.block.BlockType.Typed"},{"static":true,"name":"ACACIA_SLAB","type":"org.bukkit.block.BlockType.Typed"},{"static":true,"name":"CHERRY_SLAB","type":"org.bukkit.block.BlockType.Typed"},{"static":true,"name":"DARK_OAK_SLAB","type":"org.bukkit.block.BlockType.Typed"},{"static":true,"name":"MANGROVE_SLAB","type":"org.bukkit.block.BlockType.Typed"},{"static":true,"name":"BAMBOO_SLAB","type":"org.bukkit.block.BlockType.Typed"},{"static":true,"name":"BAMBOO_MOSAIC_SLAB","type":"org.bukkit.block.BlockType.Typed"},{"static":true,"name":"STONE_SLAB","type":"org.bukkit.block.BlockType.Typed"},{"static":true,"name":"SMOOTH_STONE_SLAB","type":"org.bukkit.block.BlockType.Typed"},{"static":true,"name":"SANDSTONE_SLAB","type":"org.bukkit.block.BlockType.Typed"},{"static":true,"name":"CUT_SANDSTONE_SLAB","type":"org.bukkit.block.BlockType.Typed"},{"static":true,"name":"PETRIFIED_OAK_SLAB","type":"org.bukkit.block.BlockType.Typed"},{"static":true,"name":"COBBLESTONE_SLAB","type":"org.bukkit.block.BlockType.Typed"},{"static":true,"name":"BRICK_SLAB","type":"org.bukkit.block.BlockType.Typed"},{"static":true,"name":"STONE_BRICK_SLAB","type":"org.bukkit.block.BlockType.Typed"},{"static":true,"name":"MUD_BRICK_SLAB","type":"org.bukkit.block.BlockType.Typed"},{"static":true,"name":"NETHER_BRICK_SLAB","type":"org.bukkit.block.BlockType.Typed"},{"static":true,"name":"QUARTZ_SLAB","type":"org.bukkit.block.BlockType.Typed"},{"static":true,"name":"RED_SANDSTONE_SLAB","type":"org.bukkit.block.BlockType.Typed"},{"static":true,"name":"CUT_RED_SANDSTONE_SLAB","type":"org.bukkit.block.BlockType.Typed"},{"static":true,"name":"PURPUR_SLAB","type":"org.bukkit.block.BlockType.Typed"},{"static":true,"name":"SMOOTH_STONE","type":"org.bukkit.block.BlockType.Typed"},{"static":true,"name":"SMOOTH_SANDSTONE","type":"org.bukkit.block.BlockType.Typed"},{"static":true,"name":"SMOOTH_QUARTZ","type":"org.bukkit.block.BlockType.Typed"},{"static":true,"name":"SMOOTH_RED_SANDSTONE","type":"org.bukkit.block.BlockType.Typed"},{"static":true,"name":"SPRUCE_FENCE_GATE","type":"org.bukkit.block.BlockType.Typed"},{"static":true,"name":"BIRCH_FENCE_GATE","type":"org.bukkit.block.BlockType.Typed"},{"static":true,"name":"JUNGLE_FENCE_GATE","type":"org.bukkit.block.BlockType.Typed"},{"static":true,"name":"ACACIA_FENCE_GATE","type":"org.bukkit.block.BlockType.Typed"},{"static":true,"name":"CHERRY_FENCE_GATE","type":"org.bukkit.block.BlockType.Typed"},{"static":true,"name":"DARK_OAK_FENCE_GATE","type":"org.bukkit.block.BlockType.Typed"},{"static":true,"name":"MANGROVE_FENCE_GATE","type":"org.bukkit.block.BlockType.Typed"},{"static":true,"name":"BAMBOO_FENCE_GATE","type":"org.bukkit.block.BlockType.Typed"},{"static":true,"name":"SPRUCE_FENCE","type":"org.bukkit.block.BlockType.Typed"},{"static":true,"name":"BIRCH_FENCE","type":"org.bukkit.block.BlockType.Typed"},{"static":true,"name":"JUNGLE_FENCE","type":"org.bukkit.block.BlockType.Typed"},{"static":true,"name":"ACACIA_FENCE","type":"org.bukkit.block.BlockType.Typed"},{"static":true,"name":"CHERRY_FENCE","type":"org.bukkit.block.BlockType.Typed"},{"static":true,"name":"DARK_OAK_FENCE","type":"org.bukkit.block.BlockType.Typed"},{"static":true,"name":"MANGROVE_FENCE","type":"org.bukkit.block.BlockType.Typed"},{"static":true,"name":"BAMBOO_FENCE","type":"org.bukkit.block.BlockType.Typed"},{"static":true,"name":"SPRUCE_DOOR","type":"org.bukkit.block.BlockType.Typed"},{"static":true,"name":"BIRCH_DOOR","type":"org.bukkit.block.BlockType.Typed"},{"static":true,"name":"JUNGLE_DOOR","type":"org.bukkit.block.BlockType.Typed"},{"static":true,"name":"ACACIA_DOOR","type":"org.bukkit.block.BlockType.Typed"},{"static":true,"name":"CHERRY_DOOR","type":"org.bukkit.block.BlockType.Typed"},{"static":true,"name":"DARK_OAK_DOOR","type":"org.bukkit.block.BlockType.Typed"},{"static":true,"name":"MANGROVE_DOOR","type":"org.bukkit.block.BlockType.Typed"},{"static":true,"name":"BAMBOO_DOOR","type":"org.bukkit.block.BlockType.Typed"},{"static":true,"name":"END_ROD","type":"org.bukkit.block.BlockType.Typed"},{"static":true,"name":"CHORUS_PLANT","type":"org.bukkit.block.BlockType.Typed"},{"static":true,"name":"CHORUS_FLOWER","type":"org.bukkit.block.BlockType.Typed"},{"static":true,"name":"PURPUR_BLOCK","type":"org.bukkit.block.BlockType.Typed"},{"static":true,"name":"PURPUR_PILLAR","type":"org.bukkit.block.BlockType.Typed"},{"static":true,"name":"PURPUR_STAIRS","type":"org.bukkit.block.BlockType.Typed"},{"static":true,"name":"END_STONE_BRICKS","type":"org.bukkit.block.BlockType.Typed"},{"static":true,"name":"TORCHFLOWER_CROP","type":"org.bukkit.block.BlockType.Typed"},{"static":true,"name":"PITCHER_CROP","type":"org.bukkit.block.BlockType.Typed"},{"static":true,"name":"PITCHER_PLANT","type":"org.bukkit.block.BlockType.Typed"},{"static":true,"name":"BEETROOTS","type":"org.bukkit.block.BlockType.Typed"},{"static":true,"name":"DIRT_PATH","type":"org.bukkit.block.BlockType.Typed"},{"static":true,"name":"END_GATEWAY","type":"org.bukkit.block.BlockType.Typed"},{"static":true,"name":"REPEATING_COMMAND_BLOCK","type":"org.bukkit.block.BlockType.Typed"},{"static":true,"name":"CHAIN_COMMAND_BLOCK","type":"org.bukkit.block.BlockType.Typed"},{"static":true,"name":"FROSTED_ICE","type":"org.bukkit.block.BlockType.Typed"},{"static":true,"name":"MAGMA_BLOCK","type":"org.bukkit.block.BlockType.Typed"},{"static":true,"name":"NETHER_WART_BLOCK","type":"org.bukkit.block.BlockType.Typed"},{"static":true,"name":"RED_NETHER_BRICKS","type":"org.bukkit.block.BlockType.Typed"},{"static":true,"name":"BONE_BLOCK","type":"org.bukkit.block.BlockType.Typed"},{"static":true,"name":"STRUCTURE_VOID","type":"org.bukkit.block.BlockType.Typed"},{"static":true,"name":"OBSERVER","type":"org.bukkit.block.BlockType.Typed"},{"static":true,"name":"SHULKER_BOX","type":"org.bukkit.block.BlockType.Typed"},{"static":true,"name":"WHITE_SHULKER_BOX","type":"org.bukkit.block.BlockType.Typed"},{"static":true,"name":"ORANGE_SHULKER_BOX","type":"org.bukkit.block.BlockType.Typed"},{"static":true,"name":"MAGENTA_SHULKER_BOX","type":"org.bukkit.block.BlockType.Typed"},{"static":true,"name":"LIGHT_BLUE_SHULKER_BOX","type":"org.bukkit.block.BlockType.Typed"},{"static":true,"name":"YELLOW_SHULKER_BOX","type":"org.bukkit.block.BlockType.Typed"},{"static":true,"name":"LIME_SHULKER_BOX","type":"org.bukkit.block.BlockType.Typed"},{"static":true,"name":"PINK_SHULKER_BOX","type":"org.bukkit.block.BlockType.Typed"},{"static":true,"name":"GRAY_SHULKER_BOX","type":"org.bukkit.block.BlockType.Typed"},{"static":true,"name":"LIGHT_GRAY_SHULKER_BOX","type":"org.bukkit.block.BlockType.Typed"},{"static":true,"name":"CYAN_SHULKER_BOX","type":"org.bukkit.block.BlockType.Typed"},{"static":true,"name":"PURPLE_SHULKER_BOX","type":"org.bukkit.block.BlockType.Typed"},{"static":true,"name":"BLUE_SHULKER_BOX","type":"org.bukkit.block.BlockType.Typed"},{"static":true,"name":"BROWN_SHULKER_BOX","type":"org.bukkit.block.BlockType.Typed"},{"static":true,"name":"GREEN_SHULKER_BOX","type":"org.bukkit.block.BlockType.Typed"},{"static":true,"name":"RED_SHULKER_BOX","type":"org.bukkit.block.BlockType.Typed"},{"static":true,"name":"BLACK_SHULKER_BOX","type":"org.bukkit.block.BlockType.Typed"},{"static":true,"name":"WHITE_GLAZED_TERRACOTTA","type":"org.bukkit.block.BlockType.Typed"},{"static":true,"name":"ORANGE_GLAZED_TERRACOTTA","type":"org.bukkit.block.BlockType.Typed"},{"static":true,"name":"MAGENTA_GLAZED_TERRACOTTA","type":"org.bukkit.block.BlockType.Typed"},{"static":true,"name":"LIGHT_BLUE_GLAZED_TERRACOTTA","type":"org.bukkit.block.BlockType.Typed"},{"static":true,"name":"YELLOW_GLAZED_TERRACOTTA","type":"org.bukkit.block.BlockType.Typed"},{"static":true,"name":"LIME_GLAZED_TERRACOTTA","type":"org.bukkit.block.BlockType.Typed"},{"static":true,"name":"PINK_GLAZED_TERRACOTTA","type":"org.bukkit.block.BlockType.Typed"},{"static":true,"name":"GRAY_GLAZED_TERRACOTTA","type":"org.bukkit.block.BlockType.Typed"},{"static":true,"name":"LIGHT_GRAY_GLAZED_TERRACOTTA","type":"org.bukkit.block.BlockType.Typed"},{"static":true,"name":"CYAN_GLAZED_TERRACOTTA","type":"org.bukkit.block.BlockType.Typed"},{"static":true,"name":"PURPLE_GLAZED_TERRACOTTA","type":"org.bukkit.block.BlockType.Typed"},{"static":true,"name":"BLUE_GLAZED_TERRACOTTA","type":"org.bukkit.block.BlockType.Typed"},{"static":true,"name":"BROWN_GLAZED_TERRACOTTA","type":"org.bukkit.block.BlockType.Typed"},{"static":true,"name":"GREEN_GLAZED_TERRACOTTA","type":"org.bukkit.block.BlockType.Typed"},{"static":true,"name":"RED_GLAZED_TERRACOTTA","type":"org.bukkit.block.BlockType.Typed"},{"static":true,"name":"BLACK_GLAZED_TERRACOTTA","type":"org.bukkit.block.BlockType.Typed"},{"static":true,"name":"WHITE_CONCRETE","type":"org.bukkit.block.BlockType.Typed"},{"static":true,"name":"ORANGE_CONCRETE","type":"org.bukkit.block.BlockType.Typed"},{"static":true,"name":"MAGENTA_CONCRETE","type":"org.bukkit.block.BlockType.Typed"},{"static":true,"name":"LIGHT_BLUE_CONCRETE","type":"org.bukkit.block.BlockType.Typed"},{"static":true,"name":"YELLOW_CONCRETE","type":"org.bukkit.block.BlockType.Typed"},{"static":true,"name":"LIME_CONCRETE","type":"org.bukkit.block.BlockType.Typed"},{"static":true,"name":"PINK_CONCRETE","type":"org.bukkit.block.BlockType.Typed"},{"static":true,"name":"GRAY_CONCRETE","type":"org.bukkit.block.BlockType.Typed"},{"static":true,"name":"LIGHT_GRAY_CONCRETE","type":"org.bukkit.block.BlockType.Typed"},{"static":true,"name":"CYAN_CONCRETE","type":"org.bukkit.block.BlockType.Typed"},{"static":true,"name":"PURPLE_CONCRETE","type":"org.bukkit.block.BlockType.Typed"},{"static":true,"name":"BLUE_CONCRETE","type":"org.bukkit.block.BlockType.Typed"},{"static":true,"name":"BROWN_CONCRETE","type":"org.bukkit.block.BlockType.Typed"},{"static":true,"name":"GREEN_CONCRETE","type":"org.bukkit.block.BlockType.Typed"},{"static":true,"name":"RED_CONCRETE","type":"org.bukkit.block.BlockType.Typed"},{"static":true,"name":"BLACK_CONCRETE","type":"org.bukkit.block.BlockType.Typed"},{"static":true,"name":"WHITE_CONCRETE_POWDER","type":"org.bukkit.block.BlockType.Typed"},{"static":true,"name":"ORANGE_CONCRETE_POWDER","type":"org.bukkit.block.BlockType.Typed"},{"static":true,"name":"MAGENTA_CONCRETE_POWDER","type":"org.bukkit.block.BlockType.Typed"},{"static":true,"name":"LIGHT_BLUE_CONCRETE_POWDER","type":"org.bukkit.block.BlockType.Typed"},{"static":true,"name":"YELLOW_CONCRETE_POWDER","type":"org.bukkit.block.BlockType.Typed"},{"static":true,"name":"LIME_CONCRETE_POWDER","type":"org.bukkit.block.BlockType.Typed"},{"static":true,"name":"PINK_CONCRETE_POWDER","type":"org.bukkit.block.BlockType.Typed"},{"static":true,"name":"GRAY_CONCRETE_POWDER","type":"org.bukkit.block.BlockType.Typed"},{"static":true,"name":"LIGHT_GRAY_CONCRETE_POWDER","type":"org.bukkit.block.BlockType.Typed"},{"static":true,"name":"CYAN_CONCRETE_POWDER","type":"org.bukkit.block.BlockType.Typed"},{"static":true,"name":"PURPLE_CONCRETE_POWDER","type":"org.bukkit.block.BlockType.Typed"},{"static":true,"name":"BLUE_CONCRETE_POWDER","type":"org.bukkit.block.BlockType.Typed"},{"static":true,"name":"BROWN_CONCRETE_POWDER","type":"org.bukkit.block.BlockType.Typed"},{"static":true,"name":"GREEN_CONCRETE_POWDER","type":"org.bukkit.block.BlockType.Typed"},{"static":true,"name":"RED_CONCRETE_POWDER","type":"org.bukkit.block.BlockType.Typed"},{"static":true,"name":"BLACK_CONCRETE_POWDER","type":"org.bukkit.block.BlockType.Typed"},{"static":true,"name":"KELP","type":"org.bukkit.block.BlockType.Typed"},{"static":true,"name":"KELP_PLANT","type":"org.bukkit.block.BlockType.Typed"},{"static":true,"name":"DRIED_KELP_BLOCK","type":"org.bukkit.block.BlockType.Typed"},{"static":true,"name":"TURTLE_EGG","type":"org.bukkit.block.BlockType.Typed"},{"static":true,"name":"SNIFFER_EGG","type":"org.bukkit.block.BlockType.Typed"},{"static":true,"name":"DEAD_TUBE_CORAL_BLOCK","type":"org.bukkit.block.BlockType.Typed"},{"static":true,"name":"DEAD_BRAIN_CORAL_BLOCK","type":"org.bukkit.block.BlockType.Typed"},{"static":true,"name":"DEAD_BUBBLE_CORAL_BLOCK","type":"org.bukkit.block.BlockType.Typed"},{"static":true,"name":"DEAD_FIRE_CORAL_BLOCK","type":"org.bukkit.block.BlockType.Typed"},{"static":true,"name":"DEAD_HORN_CORAL_BLOCK","type":"org.bukkit.block.BlockType.Typed"},{"static":true,"name":"TUBE_CORAL_BLOCK","type":"org.bukkit.block.BlockType.Typed"},{"static":true,"name":"BRAIN_CORAL_BLOCK","type":"org.bukkit.block.BlockType.Typed"},{"static":true,"name":"BUBBLE_CORAL_BLOCK","type":"org.bukkit.block.BlockType.Typed"},{"static":true,"name":"FIRE_CORAL_BLOCK","type":"org.bukkit.block.BlockType.Typed"},{"static":true,"name":"HORN_CORAL_BLOCK","type":"org.bukkit.block.BlockType.Typed"},{"static":true,"name":"DEAD_TUBE_CORAL","type":"org.bukkit.block.BlockType.Typed"},{"static":true,"name":"DEAD_BRAIN_CORAL","type":"org.bukkit.block.BlockType.Typed"},{"static":true,"name":"DEAD_BUBBLE_CORAL","type":"org.bukkit.block.BlockType.Typed"},{"static":true,"name":"DEAD_FIRE_CORAL","type":"org.bukkit.block.BlockType.Typed"},{"static":true,"name":"DEAD_HORN_CORAL","type":"org.bukkit.block.BlockType.Typed"},{"static":true,"name":"TUBE_CORAL","type":"org.bukkit.block.BlockType.Typed"},{"static":true,"name":"BRAIN_CORAL","type":"org.bukkit.block.BlockType.Typed"},{"static":true,"name":"BUBBLE_CORAL","type":"org.bukkit.block.BlockType.Typed"},{"static":true,"name":"FIRE_CORAL","type":"org.bukkit.block.BlockType.Typed"},{"static":true,"name":"HORN_CORAL","type":"org.bukkit.block.BlockType.Typed"},{"static":true,"name":"DEAD_TUBE_CORAL_FAN","type":"org.bukkit.block.BlockType.Typed"},{"static":true,"name":"DEAD_BRAIN_CORAL_FAN","type":"org.bukkit.block.BlockType.Typed"},{"static":true,"name":"DEAD_BUBBLE_CORAL_FAN","type":"org.bukkit.block.BlockType.Typed"},{"static":true,"name":"DEAD_FIRE_CORAL_FAN","type":"org.bukkit.block.BlockType.Typed"},{"static":true,"name":"DEAD_HORN_CORAL_FAN","type":"org.bukkit.block.BlockType.Typed"},{"static":true,"name":"TUBE_CORAL_FAN","type":"org.bukkit.block.BlockType.Typed"},{"static":true,"name":"BRAIN_CORAL_FAN","type":"org.bukkit.block.BlockType.Typed"},{"static":true,"name":"BUBBLE_CORAL_FAN","type":"org.bukkit.block.BlockType.Typed"},{"static":true,"name":"FIRE_CORAL_FAN","type":"org.bukkit.block.BlockType.Typed"},{"static":true,"name":"HORN_CORAL_FAN","type":"org.bukkit.block.BlockType.Typed"},{"static":true,"name":"DEAD_TUBE_CORAL_WALL_FAN","type":"org.bukkit.block.BlockType.Typed"},{"static":true,"name":"DEAD_BRAIN_CORAL_WALL_FAN","type":"org.bukkit.block.BlockType.Typed"},{"static":true,"name":"DEAD_BUBBLE_CORAL_WALL_FAN","type":"org.bukkit.block.BlockType.Typed"},{"static":true,"name":"DEAD_FIRE_CORAL_WALL_FAN","type":"org.bukkit.block.BlockType.Typed"},{"static":true,"name":"DEAD_HORN_CORAL_WALL_FAN","type":"org.bukkit.block.BlockType.Typed"},{"static":true,"name":"TUBE_CORAL_WALL_FAN","type":"org.bukkit.block.BlockType.Typed"},{"static":true,"name":"BRAIN_CORAL_WALL_FAN","type":"org.bukkit.block.BlockType.Typed"},{"static":true,"name":"BUBBLE_CORAL_WALL_FAN","type":"org.bukkit.block.BlockType.Typed"},{"static":true,"name":"FIRE_CORAL_WALL_FAN","type":"org.bukkit.block.BlockType.Typed"},{"static":true,"name":"HORN_CORAL_WALL_FAN","type":"org.bukkit.block.BlockType.Typed"},{"static":true,"name":"SEA_PICKLE","type":"org.bukkit.block.BlockType.Typed"},{"static":true,"name":"BLUE_ICE","type":"org.bukkit.block.BlockType.Typed"},{"static":true,"name":"CONDUIT","type":"org.bukkit.block.BlockType.Typed"},{"static":true,"name":"BAMBOO_SAPLING","type":"org.bukkit.block.BlockType.Typed"},{"static":true,"name":"BAMBOO","type":"org.bukkit.block.BlockType.Typed"},{"static":true,"name":"POTTED_BAMBOO","type":"org.bukkit.block.BlockType.Typed"},{"static":true,"name":"VOID_AIR","type":"org.bukkit.block.BlockType.Typed"},{"static":true,"name":"CAVE_AIR","type":"org.bukkit.block.BlockType.Typed"},{"static":true,"name":"BUBBLE_COLUMN","type":"org.bukkit.block.BlockType.Typed"},{"static":true,"name":"POLISHED_GRANITE_STAIRS","type":"org.bukkit.block.BlockType.Typed"},{"static":true,"name":"SMOOTH_RED_SANDSTONE_STAIRS","type":"org.bukkit.block.BlockType.Typed"},{"static":true,"name":"MOSSY_STONE_BRICK_STAIRS","type":"org.bukkit.block.BlockType.Typed"},{"static":true,"name":"POLISHED_DIORITE_STAIRS","type":"org.bukkit.block.BlockType.Typed"},{"static":true,"name":"MOSSY_COBBLESTONE_STAIRS","type":"org.bukkit.block.BlockType.Typed"},{"static":true,"name":"END_STONE_BRICK_STAIRS","type":"org.bukkit.block.BlockType.Typed"},{"static":true,"name":"STONE_STAIRS","type":"org.bukkit.block.BlockType.Typed"},{"static":true,"name":"SMOOTH_SANDSTONE_STAIRS","type":"org.bukkit.block.BlockType.Typed"},{"static":true,"name":"SMOOTH_QUARTZ_STAIRS","type":"org.bukkit.block.BlockType.Typed"},{"static":true,"name":"GRANITE_STAIRS","type":"org.bukkit.block.BlockType.Typed"},{"static":true,"name":"ANDESITE_STAIRS","type":"org.bukkit.block.BlockType.Typed"},{"static":true,"name":"RED_NETHER_BRICK_STAIRS","type":"org.bukkit.block.BlockType.Typed"},{"static":true,"name":"POLISHED_ANDESITE_STAIRS","type":"org.bukkit.block.BlockType.Typed"},{"static":true,"name":"DIORITE_STAIRS","type":"org.bukkit.block.BlockType.Typed"},{"static":true,"name":"POLISHED_GRANITE_SLAB","type":"org.bukkit.block.BlockType.Typed"},{"static":true,"name":"SMOOTH_RED_SANDSTONE_SLAB","type":"org.bukkit.block.BlockType.Typed"},{"static":true,"name":"MOSSY_STONE_BRICK_SLAB","type":"org.bukkit.block.BlockType.Typed"},{"static":true,"name":"POLISHED_DIORITE_SLAB","type":"org.bukkit.block.BlockType.Typed"},{"static":true,"name":"MOSSY_COBBLESTONE_SLAB","type":"org.bukkit.block.BlockType.Typed"},{"static":true,"name":"END_STONE_BRICK_SLAB","type":"org.bukkit.block.BlockType.Typed"},{"static":true,"name":"SMOOTH_SANDSTONE_SLAB","type":"org.bukkit.block.BlockType.Typed"},{"static":true,"name":"SMOOTH_QUARTZ_SLAB","type":"org.bukkit.block.BlockType.Typed"},{"static":true,"name":"GRANITE_SLAB","type":"org.bukkit.block.BlockType.Typed"},{"static":true,"name":"ANDESITE_SLAB","type":"org.bukkit.block.BlockType.Typed"},{"static":true,"name":"RED_NETHER_BRICK_SLAB","type":"org.bukkit.block.BlockType.Typed"},{"static":true,"name":"POLISHED_ANDESITE_SLAB","type":"org.bukkit.block.BlockType.Typed"},{"static":true,"name":"DIORITE_SLAB","type":"org.bukkit.block.BlockType.Typed"},{"static":true,"name":"BRICK_WALL","type":"org.bukkit.block.BlockType.Typed"},{"static":true,"name":"PRISMARINE_WALL","type":"org.bukkit.block.BlockType.Typed"},{"static":true,"name":"RED_SANDSTONE_WALL","type":"org.bukkit.block.BlockType.Typed"},{"static":true,"name":"MOSSY_STONE_BRICK_WALL","type":"org.bukkit.block.BlockType.Typed"},{"static":true,"name":"GRANITE_WALL","type":"org.bukkit.block.BlockType.Typed"},{"static":true,"name":"STONE_BRICK_WALL","type":"org.bukkit.block.BlockType.Typed"},{"static":true,"name":"MUD_BRICK_WALL","type":"org.bukkit.block.BlockType.Typed"},{"static":true,"name":"NETHER_BRICK_WALL","type":"org.bukkit.block.BlockType.Typed"},{"static":true,"name":"ANDESITE_WALL","type":"org.bukkit.block.BlockType.Typed"},{"static":true,"name":"RED_NETHER_BRICK_WALL","type":"org.bukkit.block.BlockType.Typed"},{"static":true,"name":"SANDSTONE_WALL","type":"org.bukkit.block.BlockType.Typed"},{"static":true,"name":"END_STONE_BRICK_WALL","type":"org.bukkit.block.BlockType.Typed"},{"static":true,"name":"DIORITE_WALL","type":"org.bukkit.block.BlockType.Typed"},{"static":true,"name":"SCAFFOLDING","type":"org.bukkit.block.BlockType.Typed"},{"static":true,"name":"LOOM","type":"org.bukkit.block.BlockType.Typed"},{"static":true,"name":"BARREL","type":"org.bukkit.block.BlockType.Typed"},{"static":true,"name":"SMOKER","type":"org.bukkit.block.BlockType.Typed"},{"static":true,"name":"BLAST_FURNACE","type":"org.bukkit.block.BlockType.Typed"},{"static":true,"name":"CARTOGRAPHY_TABLE","type":"org.bukkit.block.BlockType.Typed"},{"static":true,"name":"FLETCHING_TABLE","type":"org.bukkit.block.BlockType.Typed"},{"static":true,"name":"GRINDSTONE","type":"org.bukkit.block.BlockType.Typed"},{"static":true,"name":"LECTERN","type":"org.bukkit.block.BlockType.Typed"},{"static":true,"name":"SMITHING_TABLE","type":"org.bukkit.block.BlockType.Typed"},{"static":true,"name":"STONECUTTER","type":"org.bukkit.block.BlockType.Typed"},{"static":true,"name":"BELL","type":"org.bukkit.block.BlockType.Typed"},{"static":true,"name":"LANTERN","type":"org.bukkit.block.BlockType.Typed"},{"static":true,"name":"SOUL_LANTERN","type":"org.bukkit.block.BlockType.Typed"},{"static":true,"name":"CAMPFIRE","type":"org.bukkit.block.BlockType.Typed"},{"static":true,"name":"SOUL_CAMPFIRE","type":"org.bukkit.block.BlockType.Typed"},{"static":true,"name":"SWEET_BERRY_BUSH","type":"org.bukkit.block.BlockType.Typed"},{"static":true,"name":"WARPED_STEM","type":"org.bukkit.block.BlockType.Typed"},{"static":true,"name":"STRIPPED_WARPED_STEM","type":"org.bukkit.block.BlockType.Typed"},{"static":true,"name":"WARPED_HYPHAE","type":"org.bukkit.block.BlockType.Typed"},{"static":true,"name":"STRIPPED_WARPED_HYPHAE","type":"org.bukkit.block.BlockType.Typed"},{"static":true,"name":"WARPED_NYLIUM","type":"org.bukkit.block.BlockType.Typed"},{"static":true,"name":"WARPED_FUNGUS","type":"org.bukkit.block.BlockType.Typed"},{"static":true,"name":"WARPED_WART_BLOCK","type":"org.bukkit.block.BlockType.Typed"},{"static":true,"name":"WARPED_ROOTS","type":"org.bukkit.block.BlockType.Typed"},{"static":true,"name":"NETHER_SPROUTS","type":"org.bukkit.block.BlockType.Typed"},{"static":true,"name":"CRIMSON_STEM","type":"org.bukkit.block.BlockType.Typed"},{"static":true,"name":"STRIPPED_CRIMSON_STEM","type":"org.bukkit.block.BlockType.Typed"},{"static":true,"name":"CRIMSON_HYPHAE","type":"org.bukkit.block.BlockType.Typed"},{"static":true,"name":"STRIPPED_CRIMSON_HYPHAE","type":"org.bukkit.block.BlockType.Typed"},{"static":true,"name":"CRIMSON_NYLIUM","type":"org.bukkit.block.BlockType.Typed"},{"static":true,"name":"CRIMSON_FUNGUS","type":"org.bukkit.block.BlockType.Typed"},{"static":true,"name":"SHROOMLIGHT","type":"org.bukkit.block.BlockType.Typed"},{"static":true,"name":"WEEPING_VINES","type":"org.bukkit.block.BlockType.Typed"},{"static":true,"name":"WEEPING_VINES_PLANT","type":"org.bukkit.block.BlockType.Typed"},{"static":true,"name":"TWISTING_VINES","type":"org.bukkit.block.BlockType.Typed"},{"static":true,"name":"TWISTING_VINES_PLANT","type":"org.bukkit.block.BlockType.Typed"},{"static":true,"name":"CRIMSON_ROOTS","type":"org.bukkit.block.BlockType.Typed"},{"static":true,"name":"CRIMSON_PLANKS","type":"org.bukkit.block.BlockType.Typed"},{"static":true,"name":"WARPED_PLANKS","type":"org.bukkit.block.BlockType.Typed"},{"static":true,"name":"CRIMSON_SLAB","type":"org.bukkit.block.BlockType.Typed"},{"static":true,"name":"WARPED_SLAB","type":"org.bukkit.block.BlockType.Typed"},{"static":true,"name":"CRIMSON_PRESSURE_PLATE","type":"org.bukkit.block.BlockType.Typed"},{"static":true,"name":"WARPED_PRESSURE_PLATE","type":"org.bukkit.block.BlockType.Typed"},{"static":true,"name":"CRIMSON_FENCE","type":"org.bukkit.block.BlockType.Typed"},{"static":true,"name":"WARPED_FENCE","type":"org.bukkit.block.BlockType.Typed"},{"static":true,"name":"CRIMSON_TRAPDOOR","type":"org.bukkit.block.BlockType.Typed"},{"static":true,"name":"WARPED_TRAPDOOR","type":"org.bukkit.block.BlockType.Typed"},{"static":true,"name":"CRIMSON_FENCE_GATE","type":"org.bukkit.block.BlockType.Typed"},{"static":true,"name":"WARPED_FENCE_GATE","type":"org.bukkit.block.BlockType.Typed"},{"static":true,"name":"CRIMSON_STAIRS","type":"org.bukkit.block.BlockType.Typed"},{"static":true,"name":"WARPED_STAIRS","type":"org.bukkit.block.BlockType.Typed"},{"static":true,"name":"CRIMSON_BUTTON","type":"org.bukkit.block.BlockType.Typed"},{"static":true,"name":"WARPED_BUTTON","type":"org.bukkit.block.BlockType.Typed"},{"static":true,"name":"CRIMSON_DOOR","type":"org.bukkit.block.BlockType.Typed"},{"static":true,"name":"WARPED_DOOR","type":"org.bukkit.block.BlockType.Typed"},{"static":true,"name":"CRIMSON_SIGN","type":"org.bukkit.block.BlockType.Typed"},{"static":true,"name":"WARPED_SIGN","type":"org.bukkit.block.BlockType.Typed"},{"static":true,"name":"CRIMSON_WALL_SIGN","type":"org.bukkit.block.BlockType.Typed"},{"static":true,"name":"WARPED_WALL_SIGN","type":"org.bukkit.block.BlockType.Typed"},{"static":true,"name":"STRUCTURE_BLOCK","type":"org.bukkit.block.BlockType.Typed"},{"static":true,"name":"JIGSAW","type":"org.bukkit.block.BlockType.Typed"},{"static":true,"name":"COMPOSTER","type":"org.bukkit.block.BlockType.Typed"},{"static":true,"name":"TARGET","type":"org.bukkit.block.BlockType.Typed"},{"static":true,"name":"BEE_NEST","type":"org.bukkit.block.BlockType.Typed"},{"static":true,"name":"BEEHIVE","type":"org.bukkit.block.BlockType.Typed"},{"static":true,"name":"HONEY_BLOCK","type":"org.bukkit.block.BlockType.Typed"},{"static":true,"name":"HONEYCOMB_BLOCK","type":"org.bukkit.block.BlockType.Typed"},{"static":true,"name":"NETHERITE_BLOCK","type":"org.bukkit.block.BlockType.Typed"},{"static":true,"name":"ANCIENT_DEBRIS","type":"org.bukkit.block.BlockType.Typed"},{"static":true,"name":"CRYING_OBSIDIAN","type":"org.bukkit.block.BlockType.Typed"},{"static":true,"name":"RESPAWN_ANCHOR","type":"org.bukkit.block.BlockType.Typed"},{"static":true,"name":"POTTED_CRIMSON_FUNGUS","type":"org.bukkit.block.BlockType.Typed"},{"static":true,"name":"POTTED_WARPED_FUNGUS","type":"org.bukkit.block.BlockType.Typed"},{"static":true,"name":"POTTED_CRIMSON_ROOTS","type":"org.bukkit.block.BlockType.Typed"},{"static":true,"name":"POTTED_WARPED_ROOTS","type":"org.bukkit.block.BlockType.Typed"},{"static":true,"name":"LODESTONE","type":"org.bukkit.block.BlockType.Typed"},{"static":true,"name":"BLACKSTONE","type":"org.bukkit.block.BlockType.Typed"},{"static":true,"name":"BLACKSTONE_STAIRS","type":"org.bukkit.block.BlockType.Typed"},{"static":true,"name":"BLACKSTONE_WALL","type":"org.bukkit.block.BlockType.Typed"},{"static":true,"name":"BLACKSTONE_SLAB","type":"org.bukkit.block.BlockType.Typed"},{"static":true,"name":"POLISHED_BLACKSTONE","type":"org.bukkit.block.BlockType.Typed"},{"static":true,"name":"POLISHED_BLACKSTONE_BRICKS","type":"org.bukkit.block.BlockType.Typed"},{"static":true,"name":"CRACKED_POLISHED_BLACKSTONE_BRICKS","type":"org.bukkit.block.BlockType.Typed"},{"static":true,"name":"CHISELED_POLISHED_BLACKSTONE","type":"org.bukkit.block.BlockType.Typed"},{"static":true,"name":"POLISHED_BLACKSTONE_BRICK_SLAB","type":"org.bukkit.block.BlockType.Typed"},{"static":true,"name":"POLISHED_BLACKSTONE_BRICK_STAIRS","type":"org.bukkit.block.BlockType.Typed"},{"static":true,"name":"POLISHED_BLACKSTONE_BRICK_WALL","type":"org.bukkit.block.BlockType.Typed"},{"static":true,"name":"GILDED_BLACKSTONE","type":"org.bukkit.block.BlockType.Typed"},{"static":true,"name":"POLISHED_BLACKSTONE_STAIRS","type":"org.bukkit.block.BlockType.Typed"},{"static":true,"name":"POLISHED_BLACKSTONE_SLAB","type":"org.bukkit.block.BlockType.Typed"},{"static":true,"name":"POLISHED_BLACKSTONE_PRESSURE_PLATE","type":"org.bukkit.block.BlockType.Typed"},{"static":true,"name":"POLISHED_BLACKSTONE_BUTTON","type":"org.bukkit.block.BlockType.Typed"},{"static":true,"name":"POLISHED_BLACKSTONE_WALL","type":"org.bukkit.block.BlockType.Typed"},{"static":true,"name":"CHISELED_NETHER_BRICKS","type":"org.bukkit.block.BlockType.Typed"},{"static":true,"name":"CRACKED_NETHER_BRICKS","type":"org.bukkit.block.BlockType.Typed"},{"static":true,"name":"QUARTZ_BRICKS","type":"org.bukkit.block.BlockType.Typed"},{"static":true,"name":"CANDLE","type":"org.bukkit.block.BlockType.Typed"},{"static":true,"name":"WHITE_CANDLE","type":"org.bukkit.block.BlockType.Typed"},{"static":true,"name":"ORANGE_CANDLE","type":"org.bukkit.block.BlockType.Typed"},{"static":true,"name":"MAGENTA_CANDLE","type":"org.bukkit.block.BlockType.Typed"},{"static":true,"name":"LIGHT_BLUE_CANDLE","type":"org.bukkit.block.BlockType.Typed"},{"static":true,"name":"YELLOW_CANDLE","type":"org.bukkit.block.BlockType.Typed"},{"static":true,"name":"LIME_CANDLE","type":"org.bukkit.block.BlockType.Typed"},{"static":true,"name":"PINK_CANDLE","type":"org.bukkit.block.BlockType.Typed"},{"static":true,"name":"GRAY_CANDLE","type":"org.bukkit.block.BlockType.Typed"},{"static":true,"name":"LIGHT_GRAY_CANDLE","type":"org.bukkit.block.BlockType.Typed"},{"static":true,"name":"CYAN_CANDLE","type":"org.bukkit.block.BlockType.Typed"},{"static":true,"name":"PURPLE_CANDLE","type":"org.bukkit.block.BlockType.Typed"},{"static":true,"name":"BLUE_CANDLE","type":"org.bukkit.block.BlockType.Typed"},{"static":true,"name":"BROWN_CANDLE","type":"org.bukkit.block.BlockType.Typed"},{"static":true,"name":"GREEN_CANDLE","type":"org.bukkit.block.BlockType.Typed"},{"static":true,"name":"RED_CANDLE","type":"org.bukkit.block.BlockType.Typed"},{"static":true,"name":"BLACK_CANDLE","type":"org.bukkit.block.BlockType.Typed"},{"static":true,"name":"CANDLE_CAKE","type":"org.bukkit.block.BlockType.Typed"},{"static":true,"name":"WHITE_CANDLE_CAKE","type":"org.bukkit.block.BlockType.Typed"},{"static":true,"name":"ORANGE_CANDLE_CAKE","type":"org.bukkit.block.BlockType.Typed"},{"static":true,"name":"MAGENTA_CANDLE_CAKE","type":"org.bukkit.block.BlockType.Typed"},{"static":true,"name":"LIGHT_BLUE_CANDLE_CAKE","type":"org.bukkit.block.BlockType.Typed"},{"static":true,"name":"YELLOW_CANDLE_CAKE","type":"org.bukkit.block.BlockType.Typed"},{"static":true,"name":"LIME_CANDLE_CAKE","type":"org.bukkit.block.BlockType.Typed"},{"static":true,"name":"PINK_CANDLE_CAKE","type":"org.bukkit.block.BlockType.Typed"},{"static":true,"name":"GRAY_CANDLE_CAKE","type":"org.bukkit.block.BlockType.Typed"},{"static":true,"name":"LIGHT_GRAY_CANDLE_CAKE","type":"org.bukkit.block.BlockType.Typed"},{"static":true,"name":"CYAN_CANDLE_CAKE","type":"org.bukkit.block.BlockType.Typed"},{"static":true,"name":"PURPLE_CANDLE_CAKE","type":"org.bukkit.block.BlockType.Typed"},{"static":true,"name":"BLUE_CANDLE_CAKE","type":"org.bukkit.block.BlockType.Typed"},{"static":true,"name":"BROWN_CANDLE_CAKE","type":"org.bukkit.block.BlockType.Typed"},{"static":true,"name":"GREEN_CANDLE_CAKE","type":"org.bukkit.block.BlockType.Typed"},{"static":true,"name":"RED_CANDLE_CAKE","type":"org.bukkit.block.BlockType.Typed"},{"static":true,"name":"BLACK_CANDLE_CAKE","type":"org.bukkit.block.BlockType.Typed"},{"static":true,"name":"AMETHYST_BLOCK","type":"org.bukkit.block.BlockType.Typed"},{"static":true,"name":"BUDDING_AMETHYST","type":"org.bukkit.block.BlockType.Typed"},{"static":true,"name":"AMETHYST_CLUSTER","type":"org.bukkit.block.BlockType.Typed"},{"static":true,"name":"LARGE_AMETHYST_BUD","type":"org.bukkit.block.BlockType.Typed"},{"static":true,"name":"MEDIUM_AMETHYST_BUD","type":"org.bukkit.block.BlockType.Typed"},{"static":true,"name":"SMALL_AMETHYST_BUD","type":"org.bukkit.block.BlockType.Typed"},{"static":true,"name":"TUFF","type":"org.bukkit.block.BlockType.Typed"},{"static":true,"name":"TUFF_SLAB","type":"org.bukkit.block.BlockType.Typed"},{"static":true,"name":"TUFF_STAIRS","type":"org.bukkit.block.BlockType.Typed"},{"static":true,"name":"TUFF_WALL","type":"org.bukkit.block.BlockType.Typed"},{"static":true,"name":"POLISHED_TUFF","type":"org.bukkit.block.BlockType.Typed"},{"static":true,"name":"POLISHED_TUFF_SLAB","type":"org.bukkit.block.BlockType.Typed"},{"static":true,"name":"POLISHED_TUFF_STAIRS","type":"org.bukkit.block.BlockType.Typed"},{"static":true,"name":"POLISHED_TUFF_WALL","type":"org.bukkit.block.BlockType.Typed"},{"static":true,"name":"CHISELED_TUFF","type":"org.bukkit.block.BlockType.Typed"},{"static":true,"name":"TUFF_BRICKS","type":"org.bukkit.block.BlockType.Typed"},{"static":true,"name":"TUFF_BRICK_SLAB","type":"org.bukkit.block.BlockType.Typed"},{"static":true,"name":"TUFF_BRICK_STAIRS","type":"org.bukkit.block.BlockType.Typed"},{"static":true,"name":"TUFF_BRICK_WALL","type":"org.bukkit.block.BlockType.Typed"},{"static":true,"name":"CHISELED_TUFF_BRICKS","type":"org.bukkit.block.BlockType.Typed"},{"static":true,"name":"CALCITE","type":"org.bukkit.block.BlockType.Typed"},{"static":true,"name":"TINTED_GLASS","type":"org.bukkit.block.BlockType.Typed"},{"static":true,"name":"POWDER_SNOW","type":"org.bukkit.block.BlockType.Typed"},{"static":true,"name":"SCULK_SENSOR","type":"org.bukkit.block.BlockType.Typed"},{"static":true,"name":"CALIBRATED_SCULK_SENSOR","type":"org.bukkit.block.BlockType.Typed"},{"static":true,"name":"SCULK","type":"org.bukkit.block.BlockType.Typed"},{"static":true,"name":"SCULK_VEIN","type":"org.bukkit.block.BlockType.Typed"},{"static":true,"name":"SCULK_CATALYST","type":"org.bukkit.block.BlockType.Typed"},{"static":true,"name":"SCULK_SHRIEKER","type":"org.bukkit.block.BlockType.Typed"},{"static":true,"name":"COPPER_BLOCK","type":"org.bukkit.block.BlockType.Typed"},{"static":true,"name":"EXPOSED_COPPER","type":"org.bukkit.block.BlockType.Typed"},{"static":true,"name":"WEATHERED_COPPER","type":"org.bukkit.block.BlockType.Typed"},{"static":true,"name":"OXIDIZED_COPPER","type":"org.bukkit.block.BlockType.Typed"},{"static":true,"name":"COPPER_ORE","type":"org.bukkit.block.BlockType.Typed"},{"static":true,"name":"DEEPSLATE_COPPER_ORE","type":"org.bukkit.block.BlockType.Typed"},{"static":true,"name":"OXIDIZED_CUT_COPPER","type":"org.bukkit.block.BlockType.Typed"},{"static":true,"name":"WEATHERED_CUT_COPPER","type":"org.bukkit.block.BlockType.Typed"},{"static":true,"name":"EXPOSED_CUT_COPPER","type":"org.bukkit.block.BlockType.Typed"},{"static":true,"name":"CUT_COPPER","type":"org.bukkit.block.BlockType.Typed"},{"static":true,"name":"OXIDIZED_CHISELED_COPPER","type":"org.bukkit.block.BlockType.Typed"},{"static":true,"name":"WEATHERED_CHISELED_COPPER","type":"org.bukkit.block.BlockType.Typed"},{"static":true,"name":"EXPOSED_CHISELED_COPPER","type":"org.bukkit.block.BlockType.Typed"},{"static":true,"name":"CHISELED_COPPER","type":"org.bukkit.block.BlockType.Typed"},{"static":true,"name":"WAXED_OXIDIZED_CHISELED_COPPER","type":"org.bukkit.block.BlockType.Typed"},{"static":true,"name":"WAXED_WEATHERED_CHISELED_COPPER","type":"org.bukkit.block.BlockType.Typed"},{"static":true,"name":"WAXED_EXPOSED_CHISELED_COPPER","type":"org.bukkit.block.BlockType.Typed"},{"static":true,"name":"WAXED_CHISELED_COPPER","type":"org.bukkit.block.BlockType.Typed"},{"static":true,"name":"OXIDIZED_CUT_COPPER_STAIRS","type":"org.bukkit.block.BlockType.Typed"},{"static":true,"name":"WEATHERED_CUT_COPPER_STAIRS","type":"org.bukkit.block.BlockType.Typed"},{"static":true,"name":"EXPOSED_CUT_COPPER_STAIRS","type":"org.bukkit.block.BlockType.Typed"},{"static":true,"name":"CUT_COPPER_STAIRS","type":"org.bukkit.block.BlockType.Typed"},{"static":true,"name":"OXIDIZED_CUT_COPPER_SLAB","type":"org.bukkit.block.BlockType.Typed"},{"static":true,"name":"WEATHERED_CUT_COPPER_SLAB","type":"org.bukkit.block.BlockType.Typed"},{"static":true,"name":"EXPOSED_CUT_COPPER_SLAB","type":"org.bukkit.block.BlockType.Typed"},{"static":true,"name":"CUT_COPPER_SLAB","type":"org.bukkit.block.BlockType.Typed"},{"static":true,"name":"WAXED_COPPER_BLOCK","type":"org.bukkit.block.BlockType.Typed"},{"static":true,"name":"WAXED_WEATHERED_COPPER","type":"org.bukkit.block.BlockType.Typed"},{"static":true,"name":"WAXED_EXPOSED_COPPER","type":"org.bukkit.block.BlockType.Typed"},{"static":true,"name":"WAXED_OXIDIZED_COPPER","type":"org.bukkit.block.BlockType.Typed"},{"static":true,"name":"WAXED_OXIDIZED_CUT_COPPER","type":"org.bukkit.block.BlockType.Typed"},{"static":true,"name":"WAXED_WEATHERED_CUT_COPPER","type":"org.bukkit.block.BlockType.Typed"},{"static":true,"name":"WAXED_EXPOSED_CUT_COPPER","type":"org.bukkit.block.BlockType.Typed"},{"static":true,"name":"WAXED_CUT_COPPER","type":"org.bukkit.block.BlockType.Typed"},{"static":true,"name":"WAXED_OXIDIZED_CUT_COPPER_STAIRS","type":"org.bukkit.block.BlockType.Typed"},{"static":true,"name":"WAXED_WEATHERED_CUT_COPPER_STAIRS","type":"org.bukkit.block.BlockType.Typed"},{"static":true,"name":"WAXED_EXPOSED_CUT_COPPER_STAIRS","type":"org.bukkit.block.BlockType.Typed"},{"static":true,"name":"WAXED_CUT_COPPER_STAIRS","type":"org.bukkit.block.BlockType.Typed"},{"static":true,"name":"WAXED_OXIDIZED_CUT_COPPER_SLAB","type":"org.bukkit.block.BlockType.Typed"},{"static":true,"name":"WAXED_WEATHERED_CUT_COPPER_SLAB","type":"org.bukkit.block.BlockType.Typed"},{"static":true,"name":"WAXED_EXPOSED_CUT_COPPER_SLAB","type":"org.bukkit.block.BlockType.Typed"},{"static":true,"name":"WAXED_CUT_COPPER_SLAB","type":"org.bukkit.block.BlockType.Typed"},{"static":true,"name":"COPPER_DOOR","type":"org.bukkit.block.BlockType.Typed"},{"static":true,"name":"EXPOSED_COPPER_DOOR","type":"org.bukkit.block.BlockType.Typed"},{"static":true,"name":"OXIDIZED_COPPER_DOOR","type":"org.bukkit.block.BlockType.Typed"},{"static":true,"name":"WEATHERED_COPPER_DOOR","type":"org.bukkit.block.BlockType.Typed"},{"static":true,"name":"WAXED_COPPER_DOOR","type":"org.bukkit.block.BlockType.Typed"},{"static":true,"name":"WAXED_EXPOSED_COPPER_DOOR","type":"org.bukkit.block.BlockType.Typed"},{"static":true,"name":"WAXED_OXIDIZED_COPPER_DOOR","type":"org.bukkit.block.BlockType.Typed"},{"static":true,"name":"WAXED_WEATHERED_COPPER_DOOR","type":"org.bukkit.block.BlockType.Typed"},{"static":true,"name":"COPPER_TRAPDOOR","type":"org.bukkit.block.BlockType.Typed"},{"static":true,"name":"EXPOSED_COPPER_TRAPDOOR","type":"org.bukkit.block.BlockType.Typed"},{"static":true,"name":"OXIDIZED_COPPER_TRAPDOOR","type":"org.bukkit.block.BlockType.Typed"},{"static":true,"name":"WEATHERED_COPPER_TRAPDOOR","type":"org.bukkit.block.BlockType.Typed"},{"static":true,"name":"WAXED_COPPER_TRAPDOOR","type":"org.bukkit.block.BlockType.Typed"},{"static":true,"name":"WAXED_EXPOSED_COPPER_TRAPDOOR","type":"org.bukkit.block.BlockType.Typed"},{"static":true,"name":"WAXED_OXIDIZED_COPPER_TRAPDOOR","type":"org.bukkit.block.BlockType.Typed"},{"static":true,"name":"WAXED_WEATHERED_COPPER_TRAPDOOR","type":"org.bukkit.block.BlockType.Typed"},{"static":true,"name":"COPPER_GRATE","type":"org.bukkit.block.BlockType.Typed"},{"static":true,"name":"EXPOSED_COPPER_GRATE","type":"org.bukkit.block.BlockType.Typed"},{"static":true,"name":"WEATHERED_COPPER_GRATE","type":"org.bukkit.block.BlockType.Typed"},{"static":true,"name":"OXIDIZED_COPPER_GRATE","type":"org.bukkit.block.BlockType.Typed"},{"static":true,"name":"WAXED_COPPER_GRATE","type":"org.bukkit.block.BlockType.Typed"},{"static":true,"name":"WAXED_EXPOSED_COPPER_GRATE","type":"org.bukkit.block.BlockType.Typed"},{"static":true,"name":"WAXED_WEATHERED_COPPER_GRATE","type":"org.bukkit.block.BlockType.Typed"},{"static":true,"name":"WAXED_OXIDIZED_COPPER_GRATE","type":"org.bukkit.block.BlockType.Typed"},{"static":true,"name":"COPPER_BULB","type":"org.bukkit.block.BlockType.Typed"},{"static":true,"name":"EXPOSED_COPPER_BULB","type":"org.bukkit.block.BlockType.Typed"},{"static":true,"name":"WEATHERED_COPPER_BULB","type":"org.bukkit.block.BlockType.Typed"},{"static":true,"name":"OXIDIZED_COPPER_BULB","type":"org.bukkit.block.BlockType.Typed"},{"static":true,"name":"WAXED_COPPER_BULB","type":"org.bukkit.block.BlockType.Typed"},{"static":true,"name":"WAXED_EXPOSED_COPPER_BULB","type":"org.bukkit.block.BlockType.Typed"},{"static":true,"name":"WAXED_WEATHERED_COPPER_BULB","type":"org.bukkit.block.BlockType.Typed"},{"static":true,"name":"WAXED_OXIDIZED_COPPER_BULB","type":"org.bukkit.block.BlockType.Typed"},{"static":true,"name":"LIGHTNING_ROD","type":"org.bukkit.block.BlockType.Typed"},{"static":true,"name":"POINTED_DRIPSTONE","type":"org.bukkit.block.BlockType.Typed"},{"static":true,"name":"DRIPSTONE_BLOCK","type":"org.bukkit.block.BlockType.Typed"},{"static":true,"name":"CAVE_VINES","type":"org.bukkit.block.BlockType.Typed"},{"static":true,"name":"CAVE_VINES_PLANT","type":"org.bukkit.block.BlockType.Typed"},{"static":true,"name":"SPORE_BLOSSOM","type":"org.bukkit.block.BlockType.Typed"},{"static":true,"name":"AZALEA","type":"org.bukkit.block.BlockType.Typed"},{"static":true,"name":"FLOWERING_AZALEA","type":"org.bukkit.block.BlockType.Typed"},{"static":true,"name":"MOSS_CARPET","type":"org.bukkit.block.BlockType.Typed"},{"static":true,"name":"PINK_PETALS","type":"org.bukkit.block.BlockType.Typed"},{"static":true,"name":"MOSS_BLOCK","type":"org.bukkit.block.BlockType.Typed"},{"static":true,"name":"BIG_DRIPLEAF","type":"org.bukkit.block.BlockType.Typed"},{"static":true,"name":"BIG_DRIPLEAF_STEM","type":"org.bukkit.block.BlockType.Typed"},{"static":true,"name":"SMALL_DRIPLEAF","type":"org.bukkit.block.BlockType.Typed"},{"static":true,"name":"HANGING_ROOTS","type":"org.bukkit.block.BlockType.Typed"},{"static":true,"name":"ROOTED_DIRT","type":"org.bukkit.block.BlockType.Typed"},{"static":true,"name":"MUD","type":"org.bukkit.block.BlockType.Typed"},{"static":true,"name":"DEEPSLATE","type":"org.bukkit.block.BlockType.Typed"},{"static":true,"name":"COBBLED_DEEPSLATE","type":"org.bukkit.block.BlockType.Typed"},{"static":true,"name":"COBBLED_DEEPSLATE_STAIRS","type":"org.bukkit.block.BlockType.Typed"},{"static":true,"name":"COBBLED_DEEPSLATE_SLAB","type":"org.bukkit.block.BlockType.Typed"},{"static":true,"name":"COBBLED_DEEPSLATE_WALL","type":"org.bukkit.block.BlockType.Typed"},{"static":true,"name":"POLISHED_DEEPSLATE","type":"org.bukkit.block.BlockType.Typed"},{"static":true,"name":"POLISHED_DEEPSLATE_STAIRS","type":"org.bukkit.block.BlockType.Typed"},{"static":true,"name":"POLISHED_DEEPSLATE_SLAB","type":"org.bukkit.block.BlockType.Typed"},{"static":true,"name":"POLISHED_DEEPSLATE_WALL","type":"org.bukkit.block.BlockType.Typed"},{"static":true,"name":"DEEPSLATE_TILES","type":"org.bukkit.block.BlockType.Typed"},{"static":true,"name":"DEEPSLATE_TILE_STAIRS","type":"org.bukkit.block.BlockType.Typed"},{"static":true,"name":"DEEPSLATE_TILE_SLAB","type":"org.bukkit.block.BlockType.Typed"},{"static":true,"name":"DEEPSLATE_TILE_WALL","type":"org.bukkit.block.BlockType.Typed"},{"static":true,"name":"DEEPSLATE_BRICKS","type":"org.bukkit.block.BlockType.Typed"},{"static":true,"name":"DEEPSLATE_BRICK_STAIRS","type":"org.bukkit.block.BlockType.Typed"},{"static":true,"name":"DEEPSLATE_BRICK_SLAB","type":"org.bukkit.block.BlockType.Typed"},{"static":true,"name":"DEEPSLATE_BRICK_WALL","type":"org.bukkit.block.BlockType.Typed"},{"static":true,"name":"CHISELED_DEEPSLATE","type":"org.bukkit.block.BlockType.Typed"},{"static":true,"name":"CRACKED_DEEPSLATE_BRICKS","type":"org.bukkit.block.BlockType.Typed"},{"static":true,"name":"CRACKED_DEEPSLATE_TILES","type":"org.bukkit.block.BlockType.Typed"},{"static":true,"name":"INFESTED_DEEPSLATE","type":"org.bukkit.block.BlockType.Typed"},{"static":true,"name":"SMOOTH_BASALT","type":"org.bukkit.block.BlockType.Typed"},{"static":true,"name":"RAW_IRON_BLOCK","type":"org.bukkit.block.BlockType.Typed"},{"static":true,"name":"RAW_COPPER_BLOCK","type":"org.bukkit.block.BlockType.Typed"},{"static":true,"name":"RAW_GOLD_BLOCK","type":"org.bukkit.block.BlockType.Typed"},{"static":true,"name":"POTTED_AZALEA_BUSH","type":"org.bukkit.block.BlockType.Typed"},{"static":true,"name":"POTTED_FLOWERING_AZALEA_BUSH","type":"org.bukkit.block.BlockType.Typed"},{"static":true,"name":"OCHRE_FROGLIGHT","type":"org.bukkit.block.BlockType.Typed"},{"static":true,"name":"VERDANT_FROGLIGHT","type":"org.bukkit.block.BlockType.Typed"},{"static":true,"name":"PEARLESCENT_FROGLIGHT","type":"org.bukkit.block.BlockType.Typed"},{"static":true,"name":"FROGSPAWN","type":"org.bukkit.block.BlockType.Typed"},{"static":true,"name":"REINFORCED_DEEPSLATE","type":"org.bukkit.block.BlockType.Typed"},{"static":true,"name":"DECORATED_POT","type":"org.bukkit.block.BlockType.Typed"},{"static":true,"name":"CRAFTER","type":"org.bukkit.block.BlockType.Typed"},{"static":true,"name":"TRIAL_SPAWNER","type":"org.bukkit.block.BlockType.Typed"}]}