{"package":"org.bukkit.attribute","methods":[{"name":"getClass","return":"java.lang.Class"},{"name":"notify"},{"name":"notifyAll"},{"name":"wait"},{"name":"wait","parameters":[{"name":"arg0","type":"long"}]},{"name":"wait","parameters":[{"name":"arg0","type":"long"},{"name":"arg1","type":"int"}]},{"name":"key","return":"net.kyori.adventure.key.Key"},{"name":"name","return":"java.lang.String"},{"name":"ordinal","return":"int"},{"name":"toString","return":"java.lang.String"},{"name":"equals","parameters":[{"name":"arg0","type":"java.lang.Object"}],"return":"boolean"},{"name":"hashCode","return":"int"},{"name":"compareTo","parameters":[{"name":"arg0","type":"java.lang.Enum"}],"return":"int"},{"name":"getDeclaringClass","return":"java.lang.Class"},{"name":"describeConstable","return":"java.util.Optional"},{"static":true,"name":"valueOf","parameters":[{"name":"arg0","type":"java.lang.Class"},{"name":"arg1","type":"java.lang.String"}],"return":"java.lang.Enum"},{"static":true,"name":"values","return":"org.bukkit.attribute.Attribute[]"},{"static":true,"name":"valueOf","parameters":[{"name":"name","type":"java.lang.String"}],"return":"org.bukkit.attribute.Attribute"},{"name":"getKey","return":"org.bukkit.NamespacedKey"},{"name":"translationKey","return":"java.lang.String"}],"name":"org.bukkit.attribute.Attribute","simple-name":"Attribute","fields":[{"static":true,"name":"GENERIC_MAX_HEALTH","type":"org.bukkit.attribute.Attribute"},{"static":true,"name":"GENERIC_FOLLOW_RANGE","type":"org.bukkit.attribute.Attribute"},{"static":true,"name":"GENERIC_KNOCKBACK_RESISTANCE","type":"org.bukkit.attribute.Attribute"},{"static":true,"name":"GENERIC_MOVEMENT_SPEED","type":"org.bukkit.attribute.Attribute"},{"static":true,"name":"GENERIC_FLYING_SPEED","type":"org.bukkit.attribute.Attribute"},{"static":true,"name":"GENERIC_ATTACK_DAMAGE","type":"org.bukkit.attribute.Attribute"},{"static":true,"name":"GENERIC_ATTACK_KNOCKBACK","type":"org.bukkit.attribute.Attribute"},{"static":true,"name":"GENERIC_ATTACK_SPEED","type":"org.bukkit.attribute.Attribute"},{"static":true,"name":"GENERIC_ARMOR","type":"org.bukkit.attribute.Attribute"},{"static":true,"name":"GENERIC_ARMOR_TOUGHNESS","type":"org.bukkit.attribute.Attribute"},{"static":true,"name":"GENERIC_LUCK","type":"org.bukkit.attribute.Attribute"},{"static":true,"name":"GENERIC_MAX_ABSORPTION","type":"org.bukkit.attribute.Attribute"},{"static":true,"name":"HORSE_JUMP_STRENGTH","type":"org.bukkit.attribute.Attribute"},{"static":true,"name":"ZOMBIE_SPAWN_REINFORCEMENTS","type":"org.bukkit.attribute.Attribute"}]}