{"constructors":[{"name":"<init>","parameters":[{"name":"name","type":"java.lang.String"},{"name":"amount","type":"double"},{"name":"operation","type":"org.bukkit.attribute.AttributeModifier.Operation"}]},{"name":"<init>","parameters":[{"name":"uuid","type":"java.util.UUID"},{"name":"name","type":"java.lang.String"},{"name":"amount","type":"double"},{"name":"operation","type":"org.bukkit.attribute.AttributeModifier.Operation"}]},{"name":"<init>","parameters":[{"name":"uuid","type":"java.util.UUID"},{"name":"name","type":"java.lang.String"},{"name":"amount","type":"double"},{"name":"operation","type":"org.bukkit.attribute.AttributeModifier.Operation"},{"name":"slot","type":"org.bukkit.inventory.EquipmentSlot"}]},{"name":"<init>","parameters":[{"name":"uuid","type":"java.util.UUID"},{"name":"name","type":"java.lang.String"},{"name":"amount","type":"double"},{"name":"operation","type":"org.bukkit.attribute.AttributeModifier.Operation"},{"name":"slot","type":"org.bukkit.inventory.EquipmentSlotGroup"}]},{"name":"<init>","parameters":[{"name":"key","type":"org.bukkit.NamespacedKey"},{"name":"amount","type":"double"},{"name":"operation","type":"org.bukkit.attribute.AttributeModifier.Operation"},{"name":"slot","type":"org.bukkit.inventory.EquipmentSlotGroup"}]}],"package":"org.bukkit.attribute","methods":[{"name":"getClass","return":"java.lang.Class"},{"name":"notify"},{"name":"notifyAll"},{"name":"wait"},{"name":"wait","parameters":[{"name":"arg0","type":"long"}]},{"name":"wait","parameters":[{"name":"arg0","type":"long"},{"name":"arg1","type":"int"}]},{"name":"key","return":"net.kyori.adventure.key.Key"},{"name":"getUniqueId","return":"java.util.UUID"},{"name":"getKey","return":"org.bukkit.NamespacedKey"},{"name":"getName","return":"java.lang.String"},{"name":"getAmount","return":"double"},{"name":"getOperation","return":"org.bukkit.attribute.AttributeModifier.Operation"},{"name":"getSlot","return":"org.bukkit.inventory.EquipmentSlot"},{"name":"getSlotGroup","return":"org.bukkit.inventory.EquipmentSlotGroup"},{"name":"serialize","return":"java.util.Map"},{"name":"equals","parameters":[{"name":"other","type":"java.lang.Object"}],"return":"boolean"},{"name":"hashCode","return":"int"},{"name":"toString","return":"java.lang.String"},{"static":true,"name":"deserialize","parameters":[{"name":"args","type":"java.util.Map"}],"return":"org.bukkit.attribute.AttributeModifier"}],"name":"org.bukkit.attribute.AttributeModifier","simple-name":"AttributeModifier"}