{"package":"org.bukkit.block","methods":[{"name":"getClass","return":"java.lang.Class"},{"name":"hashCode","return":"int"},{"name":"equals","parameters":[{"name":"arg0","type":"java.lang.Object"}],"return":"boolean"},{"name":"toString","return":"java.lang.String"},{"name":"notify"},{"name":"notifyAll"},{"name":"wait"},{"name":"wait","parameters":[{"name":"arg0","type":"long"}]},{"name":"wait","parameters":[{"name":"arg0","type":"long"},{"name":"arg1","type":"int"}]},{"name":"open"},{"name":"close"},{"name":"isOpen","return":"boolean"}],"name":"org.bukkit.block.Lidded","simple-name":"Lidded"}