{"package":"org.bukkit.block","methods":[{"name":"getClass","return":"java.lang.Class"},{"name":"notify"},{"name":"notifyAll"},{"name":"wait"},{"name":"wait","parameters":[{"name":"arg0","type":"long"}]},{"name":"wait","parameters":[{"name":"arg0","type":"long"},{"name":"arg1","type":"int"}]},{"name":"key","return":"net.kyori.adventure.key.Key"},{"name":"name","return":"java.lang.String"},{"name":"ordinal","return":"int"},{"name":"toString","return":"java.lang.String"},{"name":"equals","parameters":[{"name":"arg0","type":"java.lang.Object"}],"return":"boolean"},{"name":"hashCode","return":"int"},{"name":"compareTo","parameters":[{"name":"arg0","type":"java.lang.Enum"}],"return":"int"},{"name":"getDeclaringClass","return":"java.lang.Class"},{"name":"describeConstable","return":"java.util.Optional"},{"static":true,"name":"valueOf","parameters":[{"name":"arg0","type":"java.lang.Class"},{"name":"arg1","type":"java.lang.String"}],"return":"java.lang.Enum"},{"static":true,"name":"values","return":"org.bukkit.block.Biome[]"},{"static":true,"name":"valueOf","parameters":[{"name":"name","type":"java.lang.String"}],"return":"org.bukkit.block.Biome"},{"name":"getKey","return":"org.bukkit.NamespacedKey"},{"name":"translationKey","return":"java.lang.String"}],"name":"org.bukkit.block.Biome","simple-name":"Biome","fields":[{"static":true,"name":"OCEAN","type":"org.bukkit.block.Biome"},{"static":true,"name":"PLAINS","type":"org.bukkit.block.Biome"},{"static":true,"name":"DESERT","type":"org.bukkit.block.Biome"},{"static":true,"name":"WINDSWEPT_HILLS","type":"org.bukkit.block.Biome"},{"static":true,"name":"FOREST","type":"org.bukkit.block.Biome"},{"static":true,"name":"TAIGA","type":"org.bukkit.block.Biome"},{"static":true,"name":"SWAMP","type":"org.bukkit.block.Biome"},{"static":true,"name":"MANGROVE_SWAMP","type":"org.bukkit.block.Biome"},{"static":true,"name":"RIVER","type":"org.bukkit.block.Biome"},{"static":true,"name":"NETHER_WASTES","type":"org.bukkit.block.Biome"},{"static":true,"name":"THE_END","type":"org.bukkit.block.Biome"},{"static":true,"name":"FROZEN_OCEAN","type":"org.bukkit.block.Biome"},{"static":true,"name":"FROZEN_RIVER","type":"org.bukkit.block.Biome"},{"static":true,"name":"SNOWY_PLAINS","type":"org.bukkit.block.Biome"},{"static":true,"name":"MUSHROOM_FIELDS","type":"org.bukkit.block.Biome"},{"static":true,"name":"BEACH","type":"org.bukkit.block.Biome"},{"static":true,"name":"JUNGLE","type":"org.bukkit.block.Biome"},{"static":true,"name":"SPARSE_JUNGLE","type":"org.bukkit.block.Biome"},{"static":true,"name":"DEEP_OCEAN","type":"org.bukkit.block.Biome"},{"static":true,"name":"STONY_SHORE","type":"org.bukkit.block.Biome"},{"static":true,"name":"SNOWY_BEACH","type":"org.bukkit.block.Biome"},{"static":true,"name":"BIRCH_FOREST","type":"org.bukkit.block.Biome"},{"static":true,"name":"DARK_FOREST","type":"org.bukkit.block.Biome"},{"static":true,"name":"SNOWY_TAIGA","type":"org.bukkit.block.Biome"},{"static":true,"name":"OLD_GROWTH_PINE_TAIGA","type":"org.bukkit.block.Biome"},{"static":true,"name":"WINDSWEPT_FOREST","type":"org.bukkit.block.Biome"},{"static":true,"name":"SAVANNA","type":"org.bukkit.block.Biome"},{"static":true,"name":"SAVANNA_PLATEAU","type":"org.bukkit.block.Biome"},{"static":true,"name":"BADLANDS","type":"org.bukkit.block.Biome"},{"static":true,"name":"WOODED_BADLANDS","type":"org.bukkit.block.Biome"},{"static":true,"name":"SMALL_END_ISLANDS","type":"org.bukkit.block.Biome"},{"static":true,"name":"END_MIDLANDS","type":"org.bukkit.block.Biome"},{"static":true,"name":"END_HIGHLANDS","type":"org.bukkit.block.Biome"},{"static":true,"name":"END_BARRENS","type":"org.bukkit.block.Biome"},{"static":true,"name":"WARM_OCEAN","type":"org.bukkit.block.Biome"},{"static":true,"name":"LUKEWARM_OCEAN","type":"org.bukkit.block.Biome"},{"static":true,"name":"COLD_OCEAN","type":"org.bukkit.block.Biome"},{"static":true,"name":"DEEP_LUKEWARM_OCEAN","type":"org.bukkit.block.Biome"},{"static":true,"name":"DEEP_COLD_OCEAN","type":"org.bukkit.block.Biome"},{"static":true,"name":"DEEP_FROZEN_OCEAN","type":"org.bukkit.block.Biome"},{"static":true,"name":"THE_VOID","type":"org.bukkit.block.Biome"},{"static":true,"name":"SUNFLOWER_PLAINS","type":"org.bukkit.block.Biome"},{"static":true,"name":"WINDSWEPT_GRAVELLY_HILLS","type":"org.bukkit.block.Biome"},{"static":true,"name":"FLOWER_FOREST","type":"org.bukkit.block.Biome"},{"static":true,"name":"ICE_SPIKES","type":"org.bukkit.block.Biome"},{"static":true,"name":"OLD_GROWTH_BIRCH_FOREST","type":"org.bukkit.block.Biome"},{"static":true,"name":"OLD_GROWTH_SPRUCE_TAIGA","type":"org.bukkit.block.Biome"},{"static":true,"name":"WINDSWEPT_SAVANNA","type":"org.bukkit.block.Biome"},{"static":true,"name":"ERODED_BADLANDS","type":"org.bukkit.block.Biome"},{"static":true,"name":"BAMBOO_JUNGLE","type":"org.bukkit.block.Biome"},{"static":true,"name":"SOUL_SAND_VALLEY","type":"org.bukkit.block.Biome"},{"static":true,"name":"CRIMSON_FOREST","type":"org.bukkit.block.Biome"},{"static":true,"name":"WARPED_FOREST","type":"org.bukkit.block.Biome"},{"static":true,"name":"BASALT_DELTAS","type":"org.bukkit.block.Biome"},{"static":true,"name":"DRIPSTONE_CAVES","type":"org.bukkit.block.Biome"},{"static":true,"name":"LUSH_CAVES","type":"org.bukkit.block.Biome"},{"static":true,"name":"DEEP_DARK","type":"org.bukkit.block.Biome"},{"static":true,"name":"MEADOW","type":"org.bukkit.block.Biome"},{"static":true,"name":"GROVE","type":"org.bukkit.block.Biome"},{"static":true,"name":"SNOWY_SLOPES","type":"org.bukkit.block.Biome"},{"static":true,"name":"FROZEN_PEAKS","type":"org.bukkit.block.Biome"},{"static":true,"name":"JAGGED_PEAKS","type":"org.bukkit.block.Biome"},{"static":true,"name":"STONY_PEAKS","type":"org.bukkit.block.Biome"},{"static":true,"name":"CHERRY_GROVE","type":"org.bukkit.block.Biome"},{"static":true,"name":"CUSTOM","type":"org.bukkit.block.Biome"}]}