{"package":"net.md_5.bungee.api","methods":[{"name":"getClass","return":"java.lang.Class"},{"name":"notify"},{"name":"notifyAll"},{"name":"wait","parameters":[{"name":"arg0","type":"long"}]},{"name":"wait","parameters":[{"name":"arg0","type":"long"},{"name":"arg1","type":"int"}]},{"name":"wait"},{"name":"hashCode","return":"int"},{"name":"equals","parameters":[{"name":"obj","type":"java.lang.Object"}],"return":"boolean"},{"name":"toString","return":"java.lang.String"},{"static":true,"name":"stripColor","parameters":[{"name":"input","type":"java.lang.String"}],"return":"java.lang.String"},{"static":true,"name":"translateAlternateColorCodes","parameters":[{"name":"altColorChar","type":"char"},{"name":"textToTranslate","type":"java.lang.String"}],"return":"java.lang.String"},{"static":true,"name":"getByChar","parameters":[{"name":"code","type":"char"}],"return":"net.md_5.bungee.api.ChatColor"},{"static":true,"name":"of","parameters":[{"name":"color","type":"java.awt.Color"}],"return":"net.md_5.bungee.api.ChatColor"},{"static":true,"name":"of","parameters":[{"name":"string","type":"java.lang.String"}],"return":"net.md_5.bungee.api.ChatColor"},{"static":true,"name":"valueOf","parameters":[{"name":"name","type":"java.lang.String"}],"return":"net.md_5.bungee.api.ChatColor"},{"static":true,"name":"values","return":"net.md_5.bungee.api.ChatColor[]"},{"name":"name","return":"java.lang.String"},{"name":"ordinal","return":"int"},{"name":"getName","return":"java.lang.String"},{"name":"getColor","return":"java.awt.Color"}],"name":"net.md_5.bungee.api.ChatColor","simple-name":"ChatColor","fields":[{"static":true,"name":"COLOR_CHAR","type":"char"},{"static":true,"name":"ALL_CODES","type":"java.lang.String"},{"static":true,"name":"STRIP_COLOR_PATTERN","type":"java.util.regex.Pattern"},{"static":true,"name":"BLACK","type":"net.md_5.bungee.api.ChatColor"},{"static":true,"name":"DARK_BLUE","type":"net.md_5.bungee.api.ChatColor"},{"static":true,"name":"DARK_GREEN","type":"net.md_5.bungee.api.ChatColor"},{"static":true,"name":"DARK_AQUA","type":"net.md_5.bungee.api.ChatColor"},{"static":true,"name":"DARK_RED","type":"net.md_5.bungee.api.ChatColor"},{"static":true,"name":"DARK_PURPLE","type":"net.md_5.bungee.api.ChatColor"},{"static":true,"name":"GOLD","type":"net.md_5.bungee.api.ChatColor"},{"static":true,"name":"GRAY","type":"net.md_5.bungee.api.ChatColor"},{"static":true,"name":"DARK_GRAY","type":"net.md_5.bungee.api.ChatColor"},{"static":true,"name":"BLUE","type":"net.md_5.bungee.api.ChatColor"},{"static":true,"name":"GREEN","type":"net.md_5.bungee.api.ChatColor"},{"static":true,"name":"AQUA","type":"net.md_5.bungee.api.ChatColor"},{"static":true,"name":"RED","type":"net.md_5.bungee.api.ChatColor"},{"static":true,"name":"LIGHT_PURPLE","type":"net.md_5.bungee.api.ChatColor"},{"static":true,"name":"YELLOW","type":"net.md_5.bungee.api.ChatColor"},{"static":true,"name":"WHITE","type":"net.md_5.bungee.api.ChatColor"},{"static":true,"name":"MAGIC","type":"net.md_5.bungee.api.ChatColor"},{"static":true,"name":"BOLD","type":"net.md_5.bungee.api.ChatColor"},{"static":true,"name":"STRIKETHROUGH","type":"net.md_5.bungee.api.ChatColor"},{"static":true,"name":"UNDERLINE","type":"net.md_5.bungee.api.ChatColor"},{"static":true,"name":"ITALIC","type":"net.md_5.bungee.api.ChatColor"},{"static":true,"name":"RESET","type":"net.md_5.bungee.api.ChatColor"}]}