{"constructors":[{"name":"<init>"}],"package":"net.md_5.bungee.api.chat","methods":[{"name":"getClass","return":"java.lang.Class"},{"name":"hashCode","return":"int"},{"name":"equals","parameters":[{"name":"arg0","type":"java.lang.Object"}],"return":"boolean"},{"name":"toString","return":"java.lang.String"},{"name":"notify"},{"name":"notifyAll"},{"name":"wait","parameters":[{"name":"arg0","type":"long"}]},{"name":"wait","parameters":[{"name":"arg0","type":"long"},{"name":"arg1","type":"int"}]},{"name":"wait"},{"name":"color","parameters":[{"name":"color","type":"net.md_5.bungee.api.ChatColor"}],"return":"net.md_5.bungee.api.chat.ComponentStyleBuilder"},{"name":"font","parameters":[{"name":"font","type":"java.lang.String"}],"return":"net.md_5.bungee.api.chat.ComponentStyleBuilder"},{"name":"bold","parameters":[{"name":"bold","type":"java.lang.Boolean"}],"return":"net.md_5.bungee.api.chat.ComponentStyleBuilder"},{"name":"italic","parameters":[{"name":"italic","type":"java.lang.Boolean"}],"return":"net.md_5.bungee.api.chat.ComponentStyleBuilder"},{"name":"underlined","parameters":[{"name":"underlined","type":"java.lang.Boolean"}],"return":"net.md_5.bungee.api.chat.ComponentStyleBuilder"},{"name":"strikethrough","parameters":[{"name":"strikethrough","type":"java.lang.Boolean"}],"return":"net.md_5.bungee.api.chat.ComponentStyleBuilder"},{"name":"obfuscated","parameters":[{"name":"obfuscated","type":"java.lang.Boolean"}],"return":"net.md_5.bungee.api.chat.ComponentStyleBuilder"},{"name":"build","return":"net.md_5.bungee.api.chat.ComponentStyle"}],"name":"net.md_5.bungee.api.chat.ComponentStyleBuilder","simple-name":"ComponentStyleBuilder"}