{"package":"net.md_5.bungee.api.chat","methods":[{"name":"getClass","return":"java.lang.Class"},{"name":"hashCode","return":"int"},{"name":"equals","parameters":[{"name":"arg0","type":"java.lang.Object"}],"return":"boolean"},{"name":"toString","return":"java.lang.String"},{"name":"notify"},{"name":"notifyAll"},{"name":"wait","parameters":[{"name":"arg0","type":"long"}]},{"name":"wait","parameters":[{"name":"arg0","type":"long"},{"name":"arg1","type":"int"}]},{"name":"wait"}],"name":"net.md_5.bungee.api.chat.Keybinds","simple-name":"Keybinds","fields":[{"static":true,"name":"JUMP","type":"java.lang.String"},{"static":true,"name":"SNEAK","type":"java.lang.String"},{"static":true,"name":"SPRINT","type":"java.lang.String"},{"static":true,"name":"LEFT","type":"java.lang.String"},{"static":true,"name":"RIGHT","type":"java.lang.String"},{"static":true,"name":"BACK","type":"java.lang.String"},{"static":true,"name":"FORWARD","type":"java.lang.String"},{"static":true,"name":"ATTACK","type":"java.lang.String"},{"static":true,"name":"PICK_ITEM","type":"java.lang.String"},{"static":true,"name":"USE","type":"java.lang.String"},{"static":true,"name":"DROP","type":"java.lang.String"},{"static":true,"name":"HOTBAR_1","type":"java.lang.String"},{"static":true,"name":"HOTBAR_2","type":"java.lang.String"},{"static":true,"name":"HOTBAR_3","type":"java.lang.String"},{"static":true,"name":"HOTBAR_4","type":"java.lang.String"},{"static":true,"name":"HOTBAR_5","type":"java.lang.String"},{"static":true,"name":"HOTBAR_6","type":"java.lang.String"},{"static":true,"name":"HOTBAR_7","type":"java.lang.String"},{"static":true,"name":"HOTBAR_8","type":"java.lang.String"},{"static":true,"name":"HOTBAR_9","type":"java.lang.String"},{"static":true,"name":"INVENTORY","type":"java.lang.String"},{"static":true,"name":"SWAP_HANDS","type":"java.lang.String"},{"static":true,"name":"LOAD_TOOLBAR_ACTIVATOR","type":"java.lang.String"},{"static":true,"name":"SAVE_TOOLBAR_ACTIVATOR","type":"java.lang.String"},{"static":true,"name":"PLAYERLIST","type":"java.lang.String"},{"static":true,"name":"CHAT","type":"java.lang.String"},{"static":true,"name":"COMMAND","type":"java.lang.String"},{"static":true,"name":"SOCIAL_INTERACTIONS","type":"java.lang.String"},{"static":true,"name":"ADVANCEMENTS","type":"java.lang.String"},{"static":true,"name":"SPECTATOR_OUTLINES","type":"java.lang.String"},{"static":true,"name":"SCREENSHOT","type":"java.lang.String"},{"static":true,"name":"SMOOTH_CAMERA","type":"java.lang.String"},{"static":true,"name":"FULLSCREEN","type":"java.lang.String"},{"static":true,"name":"TOGGLE_PERSPECTIVE","type":"java.lang.String"}]}