{"constructors":[{"name":"<init>","parameters":[{"name":"original","type":"net.md_5.bungee.api.chat.ComponentBuilder"}]},{"name":"<init>","parameters":[{"name":"text","type":"java.lang.String"}]},{"name":"<init>","parameters":[{"name":"component","type":"net.md_5.bungee.api.chat.BaseComponent"}]},{"name":"<init>"}],"package":"net.md_5.bungee.api.chat","methods":[{"name":"getClass","return":"java.lang.Class"},{"name":"hashCode","return":"int"},{"name":"equals","parameters":[{"name":"arg0","type":"java.lang.Object"}],"return":"boolean"},{"name":"toString","return":"java.lang.String"},{"name":"notify"},{"name":"notifyAll"},{"name":"wait","parameters":[{"name":"arg0","type":"long"}]},{"name":"wait","parameters":[{"name":"arg0","type":"long"},{"name":"arg1","type":"int"}]},{"name":"wait"},{"name":"resetCursor","return":"net.md_5.bungee.api.chat.ComponentBuilder"},{"name":"setCursor","parameters":[{"name":"pos","type":"int"}],"return":"net.md_5.bungee.api.chat.ComponentBuilder"},{"name":"append","parameters":[{"name":"component","type":"net.md_5.bungee.api.chat.BaseComponent"}],"return":"net.md_5.bungee.api.chat.ComponentBuilder"},{"name":"append","parameters":[{"name":"component","type":"net.md_5.bungee.api.chat.BaseComponent"},{"name":"retention","type":"net.md_5.bungee.api.chat.ComponentBuilder.FormatRetention"}],"return":"net.md_5.bungee.api.chat.ComponentBuilder"},{"name":"append","parameters":[{"name":"components","type":"net.md_5.bungee.api.chat.BaseComponent[]"}],"return":"net.md_5.bungee.api.chat.ComponentBuilder"},{"name":"append","parameters":[{"name":"components","type":"net.md_5.bungee.api.chat.BaseComponent[]"},{"name":"retention","type":"net.md_5.bungee.api.chat.ComponentBuilder.FormatRetention"}],"return":"net.md_5.bungee.api.chat.ComponentBuilder"},{"name":"append","parameters":[{"name":"translatable","type":"net.md_5.bungee.api.chat.TranslationProvider"}],"return":"net.md_5.bungee.api.chat.ComponentBuilder"},{"name":"append","parameters":[{"name":"translatable","type":"net.md_5.bungee.api.chat.TranslationProvider"},{"name":"retention","type":"net.md_5.bungee.api.chat.ComponentBuilder.FormatRetention"}],"return":"net.md_5.bungee.api.chat.ComponentBuilder"},{"name":"append","parameters":[{"name":"text","type":"java.lang.String"}],"return":"net.md_5.bungee.api.chat.ComponentBuilder"},{"name":"appendLegacy","parameters":[{"name":"text","type":"java.lang.String"}],"return":"net.md_5.bungee.api.chat.ComponentBuilder"},{"name":"append","parameters":[{"name":"text","type":"java.lang.String"},{"name":"retention","type":"net.md_5.bungee.api.chat.ComponentBuilder.FormatRetention"}],"return":"net.md_5.bungee.api.chat.ComponentBuilder"},{"name":"append","parameters":[{"name":"joiner","type":"net.md_5.bungee.api.chat.ComponentBuilder.Joiner"}],"return":"net.md_5.bungee.api.chat.ComponentBuilder"},{"name":"append","parameters":[{"name":"joiner","type":"net.md_5.bungee.api.chat.ComponentBuilder.Joiner"},{"name":"retention","type":"net.md_5.bungee.api.chat.ComponentBuilder.FormatRetention"}],"return":"net.md_5.bungee.api.chat.ComponentBuilder"},{"name":"removeComponent","parameters":[{"name":"pos","type":"int"}]},{"name":"getComponent","parameters":[{"name":"pos","type":"int"}],"return":"net.md_5.bungee.api.chat.BaseComponent"},{"name":"getCurrentComponent","return":"net.md_5.bungee.api.chat.BaseComponent"},{"name":"color","parameters":[{"name":"color","type":"net.md_5.bungee.api.ChatColor"}],"return":"net.md_5.bungee.api.chat.ComponentBuilder"},{"name":"font","parameters":[{"name":"font","type":"java.lang.String"}],"return":"net.md_5.bungee.api.chat.ComponentBuilder"},{"name":"bold","parameters":[{"name":"bold","type":"boolean"}],"return":"net.md_5.bungee.api.chat.ComponentBuilder"},{"name":"italic","parameters":[{"name":"italic","type":"boolean"}],"return":"net.md_5.bungee.api.chat.ComponentBuilder"},{"name":"underlined","parameters":[{"name":"underlined","type":"boolean"}],"return":"net.md_5.bungee.api.chat.ComponentBuilder"},{"name":"strikethrough","parameters":[{"name":"strikethrough","type":"boolean"}],"return":"net.md_5.bungee.api.chat.ComponentBuilder"},{"name":"obfuscated","parameters":[{"name":"obfuscated","type":"boolean"}],"return":"net.md_5.bungee.api.chat.ComponentBuilder"},{"name":"style","parameters":[{"name":"style","type":"net.md_5.bungee.api.chat.ComponentStyle"}],"return":"net.md_5.bungee.api.chat.ComponentBuilder"},{"name":"insertion","parameters":[{"name":"insertion","type":"java.lang.String"}],"return":"net.md_5.bungee.api.chat.ComponentBuilder"},{"name":"event","parameters":[{"name":"clickEvent","type":"net.md_5.bungee.api.chat.ClickEvent"}],"return":"net.md_5.bungee.api.chat.ComponentBuilder"},{"name":"event","parameters":[{"name":"hoverEvent","type":"net.md_5.bungee.api.chat.HoverEvent"}],"return":"net.md_5.bungee.api.chat.ComponentBuilder"},{"name":"reset","return":"net.md_5.bungee.api.chat.ComponentBuilder"},{"name":"retain","parameters":[{"name":"retention","type":"net.md_5.bungee.api.chat.ComponentBuilder.FormatRetention"}],"return":"net.md_5.bungee.api.chat.ComponentBuilder"},{"name":"build","return":"net.md_5.bungee.api.chat.BaseComponent"},{"name":"create","return":"net.md_5.bungee.api.chat.BaseComponent[]"},{"name":"getCursor","return":"int"},{"name":"getParts","return":"java.util.List"}],"name":"net.md_5.bungee.api.chat.ComponentBuilder","simple-name":"ComponentBuilder"}