{"constructors":[{"name":"<init>","parameters":[{"name":"action","type":"net.md_5.bungee.api.chat.HoverEvent.Action"},{"name":"contents","type":"net.md_5.bungee.api.chat.hover.content.Content[]"}]},{"name":"<init>","parameters":[{"name":"action","type":"net.md_5.bungee.api.chat.HoverEvent.Action"},{"name":"value","type":"net.md_5.bungee.api.chat.BaseComponent[]"}]},{"name":"<init>","parameters":[{"name":"action","type":"net.md_5.bungee.api.chat.HoverEvent.Action"},{"name":"contents","type":"java.util.List"}]}],"package":"net.md_5.bungee.api.chat","methods":[{"name":"getClass","return":"java.lang.Class"},{"name":"notify"},{"name":"notifyAll"},{"name":"wait","parameters":[{"name":"arg0","type":"long"}]},{"name":"wait","parameters":[{"name":"arg0","type":"long"},{"name":"arg1","type":"int"}]},{"name":"wait"},{"name":"getValue","return":"net.md_5.bungee.api.chat.BaseComponent[]"},{"name":"addContent","parameters":[{"name":"content","type":"net.md_5.bungee.api.chat.hover.content.Content"}]},{"static":true,"name":"getClass","parameters":[{"name":"action","type":"net.md_5.bungee.api.chat.HoverEvent.Action"},{"name":"array","type":"boolean"}],"return":"java.lang.Class"},{"name":"getAction","return":"net.md_5.bungee.api.chat.HoverEvent.Action"},{"name":"getContents","return":"java.util.List"},{"name":"isLegacy","return":"boolean"},{"name":"toString","return":"java.lang.String"},{"name":"equals","parameters":[{"name":"o","type":"java.lang.Object"}],"return":"boolean"},{"name":"hashCode","return":"int"},{"name":"setLegacy","parameters":[{"name":"legacy","type":"boolean"}]}],"name":"net.md_5.bungee.api.chat.HoverEvent","simple-name":"HoverEvent"}