{"package":"net.md_5.bungee.api.chat","methods":[{"name":"getClass","return":"java.lang.Class"},{"name":"hashCode","return":"int"},{"name":"equals","parameters":[{"name":"arg0","type":"java.lang.Object"}],"return":"boolean"},{"name":"toString","return":"java.lang.String"},{"name":"notify"},{"name":"notifyAll"},{"name":"wait","parameters":[{"name":"arg0","type":"long"}]},{"name":"wait","parameters":[{"name":"arg0","type":"long"},{"name":"arg1","type":"int"}]},{"name":"wait"},{"name":"getTranslationKey","return":"java.lang.String"},{"name":"asTranslatableComponent","return":"net.md_5.bungee.api.chat.TranslatableComponent"},{"name":"asTranslatableComponent","parameters":[{"name":"with","type":"java.lang.Object[]"}],"return":"net.md_5.bungee.api.chat.TranslatableComponent"}],"name":"net.md_5.bungee.api.chat.TranslationProvider","simple-name":"TranslationProvider"}