{"constructors":[{"name":"<init>","parameters":[{"name":"original","type":"net.md_5.bungee.api.chat.KeybindComponent"}]},{"name":"<init>","parameters":[{"name":"keybind","type":"java.lang.String"}]},{"name":"<init>"}],"package":"net.md_5.bungee.api.chat","methods":[{"name":"getClass","return":"java.lang.Class"},{"name":"notify"},{"name":"notifyAll"},{"name":"wait","parameters":[{"name":"arg0","type":"long"}]},{"name":"wait","parameters":[{"name":"arg0","type":"long"},{"name":"arg1","type":"int"}]},{"name":"wait"},{"name":"copyFormatting","parameters":[{"name":"component","type":"net.md_5.bungee.api.chat.BaseComponent"}]},{"name":"copyFormatting","parameters":[{"name":"component","type":"net.md_5.bungee.api.chat.BaseComponent"},{"name":"replace","type":"boolean"}]},{"name":"copyFormatting","parameters":[{"name":"component","type":"net.md_5.bungee.api.chat.BaseComponent"},{"name":"retention","type":"net.md_5.bungee.api.chat.ComponentBuilder.FormatRetention"},{"name":"replace","type":"boolean"}]},{"name":"retain","parameters":[{"name":"retention","type":"net.md_5.bungee.api.chat.ComponentBuilder.FormatRetention"}]},{"name":"duplicateWithoutFormatting","return":"net.md_5.bungee.api.chat.BaseComponent"},{"static":true,"name":"toLegacyText","parameters":[{"name":"components","type":"net.md_5.bungee.api.chat.BaseComponent[]"}],"return":"java.lang.String"},{"static":true,"name":"toPlainText","parameters":[{"name":"components","type":"net.md_5.bungee.api.chat.BaseComponent[]"}],"return":"java.lang.String"},{"name":"setStyle","parameters":[{"name":"style","type":"net.md_5.bungee.api.chat.ComponentStyle"}]},{"name":"setColor","parameters":[{"name":"color","type":"net.md_5.bungee.api.ChatColor"}]},{"name":"getColor","return":"net.md_5.bungee.api.ChatColor"},{"name":"getColorRaw","return":"net.md_5.bungee.api.ChatColor"},{"name":"setFont","parameters":[{"name":"font","type":"java.lang.String"}]},{"name":"getFont","return":"java.lang.String"},{"name":"getFontRaw","return":"java.lang.String"},{"name":"setBold","parameters":[{"name":"bold","type":"java.lang.Boolean"}]},{"name":"isBold","return":"boolean"},{"name":"isBoldRaw","return":"java.lang.Boolean"},{"name":"setItalic","parameters":[{"name":"italic","type":"java.lang.Boolean"}]},{"name":"isItalic","return":"boolean"},{"name":"isItalicRaw","return":"java.lang.Boolean"},{"name":"setUnderlined","parameters":[{"name":"underlined","type":"java.lang.Boolean"}]},{"name":"isUnderlined","return":"boolean"},{"name":"isUnderlinedRaw","return":"java.lang.Boolean"},{"name":"setStrikethrough","parameters":[{"name":"strikethrough","type":"java.lang.Boolean"}]},{"name":"isStrikethrough","return":"boolean"},{"name":"isStrikethroughRaw","return":"java.lang.Boolean"},{"name":"setObfuscated","parameters":[{"name":"obfuscated","type":"java.lang.Boolean"}]},{"name":"isObfuscated","return":"boolean"},{"name":"isObfuscatedRaw","return":"java.lang.Boolean"},{"name":"applyStyle","parameters":[{"name":"style","type":"net.md_5.bungee.api.chat.ComponentStyle"}]},{"name":"setExtra","parameters":[{"name":"components","type":"java.util.List"}]},{"name":"addExtra","parameters":[{"name":"text","type":"java.lang.String"}]},{"name":"addExtra","parameters":[{"name":"component","type":"net.md_5.bungee.api.chat.BaseComponent"}]},{"name":"hasStyle","return":"boolean"},{"name":"hasFormatting","return":"boolean"},{"name":"toPlainText","return":"java.lang.String"},{"name":"toLegacyText","return":"java.lang.String"},{"name":"setInsertion","parameters":[{"name":"insertion","type":"java.lang.String"}]},{"name":"setClickEvent","parameters":[{"name":"clickEvent","type":"net.md_5.bungee.api.chat.ClickEvent"}]},{"name":"setHoverEvent","parameters":[{"name":"hoverEvent","type":"net.md_5.bungee.api.chat.HoverEvent"}]},{"name":"setReset","parameters":[{"name":"reset","type":"boolean"}]},{"name":"getStyle","return":"net.md_5.bungee.api.chat.ComponentStyle"},{"name":"getInsertion","return":"java.lang.String"},{"name":"getExtra","return":"java.util.List"},{"name":"getClickEvent","return":"net.md_5.bungee.api.chat.ClickEvent"},{"name":"getHoverEvent","return":"net.md_5.bungee.api.chat.HoverEvent"},{"name":"isReset","return":"boolean"},{"name":"duplicate","return":"net.md_5.bungee.api.chat.KeybindComponent"},{"name":"getKeybind","return":"java.lang.String"},{"name":"setKeybind","parameters":[{"name":"keybind","type":"java.lang.String"}]},{"name":"toString","return":"java.lang.String"},{"name":"equals","parameters":[{"name":"o","type":"java.lang.Object"}],"return":"boolean"},{"name":"hashCode","return":"int"}],"name":"net.md_5.bungee.api.chat.KeybindComponent","simple-name":"KeybindComponent"}