{"constructors":[{"name":"<init>","parameters":[{"name":"type","type":"java.lang.String"},{"name":"id","type":"java.lang.String"},{"name":"name","type":"net.md_5.bungee.api.chat.BaseComponent"}]}],"package":"net.md_5.bungee.api.chat.hover.content","methods":[{"name":"getClass","return":"java.lang.Class"},{"name":"notify"},{"name":"notifyAll"},{"name":"wait","parameters":[{"name":"arg0","type":"long"}]},{"name":"wait","parameters":[{"name":"arg0","type":"long"},{"name":"arg1","type":"int"}]},{"name":"wait"},{"name":"assertAction","parameters":[{"name":"input","type":"net.md_5.bungee.api.chat.HoverEvent.Action"}]},{"name":"requiredAction","return":"net.md_5.bungee.api.chat.HoverEvent.Action"},{"name":"getType","return":"java.lang.String"},{"name":"getId","return":"java.lang.String"},{"name":"getName","return":"net.md_5.bungee.api.chat.BaseComponent"},{"name":"setType","parameters":[{"name":"type","type":"java.lang.String"}]},{"name":"setId","parameters":[{"name":"id","type":"java.lang.String"}]},{"name":"setName","parameters":[{"name":"name","type":"net.md_5.bungee.api.chat.BaseComponent"}]},{"name":"toString","return":"java.lang.String"},{"name":"equals","parameters":[{"name":"o","type":"java.lang.Object"}],"return":"boolean"},{"name":"hashCode","return":"int"}],"name":"net.md_5.bungee.api.chat.hover.content.Entity","simple-name":"Entity"}