{"constructors":[{"name":"<init>"}],"package":"net.md_5.bungee.api.chat.hover.content","methods":[{"name":"getClass","return":"java.lang.Class"},{"name":"notify"},{"name":"notifyAll"},{"name":"wait","parameters":[{"name":"arg0","type":"long"}]},{"name":"wait","parameters":[{"name":"arg0","type":"long"},{"name":"arg1","type":"int"}]},{"name":"wait"},{"name":"requiredAction","return":"net.md_5.bungee.api.chat.HoverEvent.Action"},{"name":"assertAction","parameters":[{"name":"input","type":"net.md_5.bungee.api.chat.HoverEvent.Action"}]},{"name":"toString","return":"java.lang.String"},{"name":"equals","parameters":[{"name":"o","type":"java.lang.Object"}],"return":"boolean"},{"name":"hashCode","return":"int"}],"name":"net.md_5.bungee.api.chat.hover.content.Content","simple-name":"Content"}