{"constructors":[{"name":"<init>"}],"package":"net.md_5.bungee.chat","methods":[{"name":"getClass","return":"java.lang.Class"},{"name":"hashCode","return":"int"},{"name":"equals","parameters":[{"name":"arg0","type":"java.lang.Object"}],"return":"boolean"},{"name":"toString","return":"java.lang.String"},{"name":"notify"},{"name":"notifyAll"},{"name":"wait","parameters":[{"name":"arg0","type":"long"}]},{"name":"wait","parameters":[{"name":"arg0","type":"long"},{"name":"arg1","type":"int"}]},{"name":"wait"},{"static":true,"name":"parse","parameters":[{"name":"json","type":"java.lang.String"}],"return":"net.md_5.bungee.api.chat.BaseComponent[]"},{"static":true,"name":"deserialize","parameters":[{"name":"json","type":"java.lang.String"}],"return":"net.md_5.bungee.api.chat.BaseComponent"},{"static":true,"name":"deserialize","parameters":[{"name":"jsonElement","type":"com.google.gson.JsonElement"}],"return":"net.md_5.bungee.api.chat.BaseComponent"},{"static":true,"name":"deserializeStyle","parameters":[{"name":"json","type":"java.lang.String"}],"return":"net.md_5.bungee.api.chat.ComponentStyle"},{"static":true,"name":"deserializeStyle","parameters":[{"name":"jsonElement","type":"com.google.gson.JsonElement"}],"return":"net.md_5.bungee.api.chat.ComponentStyle"},{"static":true,"name":"toJson","parameters":[{"name":"component","type":"net.md_5.bungee.api.chat.BaseComponent"}],"return":"com.google.gson.JsonElement"},{"static":true,"name":"toJson","parameters":[{"name":"style","type":"net.md_5.bungee.api.chat.ComponentStyle"}],"return":"com.google.gson.JsonElement"},{"static":true,"name":"toString","parameters":[{"name":"object","type":"java.lang.Object"}],"return":"java.lang.String"},{"static":true,"name":"toString","parameters":[{"name":"component","type":"net.md_5.bungee.api.chat.BaseComponent"}],"return":"java.lang.String"},{"static":true,"name":"toString","parameters":[{"name":"components","type":"net.md_5.bungee.api.chat.BaseComponent[]"}],"return":"java.lang.String"},{"static":true,"name":"toString","parameters":[{"name":"style","type":"net.md_5.bungee.api.chat.ComponentStyle"}],"return":"java.lang.String"},{"name":"deserialize","parameters":[{"name":"json","type":"com.google.gson.JsonElement"},{"name":"typeOfT","type":"java.lang.reflect.Type"},{"name":"context","type":"com.google.gson.JsonDeserializationContext"}],"return":"net.md_5.bungee.api.chat.BaseComponent"}],"name":"net.md_5.bungee.chat.ComponentSerializer","simple-name":"ComponentSerializer","fields":[{"static":true,"name":"serializedComponents","type":"java.lang.ThreadLocal"}]}