{"package":"net.md_5.bungee.api","methods":[{"name":"getClass","return":"java.lang.Class"},{"name":"notify"},{"name":"notifyAll"},{"name":"wait","parameters":[{"name":"arg0","type":"long"}]},{"name":"wait","parameters":[{"name":"arg0","type":"long"},{"name":"arg1","type":"int"}]},{"name":"wait"},{"name":"name","return":"java.lang.String"},{"name":"ordinal","return":"int"},{"name":"toString","return":"java.lang.String"},{"name":"equals","parameters":[{"name":"arg0","type":"java.lang.Object"}],"return":"boolean"},{"name":"hashCode","return":"int"},{"name":"compareTo","parameters":[{"name":"arg0","type":"java.lang.Enum"}],"return":"int"},{"name":"getDeclaringClass","return":"java.lang.Class"},{"static":true,"name":"valueOf","parameters":[{"name":"arg0","type":"java.lang.Class"},{"name":"arg1","type":"java.lang.String"}],"return":"java.lang.Enum"},{"static":true,"name":"values","return":"net.md_5.bungee.api.ChatMessageType[]"},{"static":true,"name":"valueOf","parameters":[{"name":"name","type":"java.lang.String"}],"return":"net.md_5.bungee.api.ChatMessageType"}],"name":"net.md_5.bungee.api.ChatMessageType","simple-name":"ChatMessageType","fields":[{"static":true,"name":"CHAT","type":"net.md_5.bungee.api.ChatMessageType"},{"static":true,"name":"SYSTEM","type":"net.md_5.bungee.api.ChatMessageType"},{"static":true,"name":"ACTION_BAR","type":"net.md_5.bungee.api.ChatMessageType"}]}