{"constructors":[{"name":"<init>","parameters":[{"name":"color","type":"net.md_5.bungee.api.ChatColor"},{"name":"font","type":"java.lang.String"},{"name":"bold","type":"java.lang.Boolean"},{"name":"italic","type":"java.lang.Boolean"},{"name":"underlined","type":"java.lang.Boolean"},{"name":"strikethrough","type":"java.lang.Boolean"},{"name":"obfuscated","type":"java.lang.Boolean"}]},{"name":"<init>"}],"package":"net.md_5.bungee.api.chat","methods":[{"name":"getClass","return":"java.lang.Class"},{"name":"toString","return":"java.lang.String"},{"name":"notify"},{"name":"notifyAll"},{"name":"wait","parameters":[{"name":"arg0","type":"long"}]},{"name":"wait","parameters":[{"name":"arg0","type":"long"},{"name":"arg1","type":"int"}]},{"name":"wait"},{"name":"getColor","return":"net.md_5.bungee.api.ChatColor"},{"name":"hasColor","return":"boolean"},{"name":"getFont","return":"java.lang.String"},{"name":"hasFont","return":"boolean"},{"name":"isBold","return":"boolean"},{"name":"isBoldRaw","return":"java.lang.Boolean"},{"name":"isItalic","return":"boolean"},{"name":"isItalicRaw","return":"java.lang.Boolean"},{"name":"isUnderlined","return":"boolean"},{"name":"isUnderlinedRaw","return":"java.lang.Boolean"},{"name":"isStrikethrough","return":"boolean"},{"name":"isStrikethroughRaw","return":"java.lang.Boolean"},{"name":"isObfuscated","return":"boolean"},{"name":"isObfuscatedRaw","return":"java.lang.Boolean"},{"name":"isEmpty","return":"boolean"},{"name":"clone","return":"net.md_5.bungee.api.chat.ComponentStyle"},{"static":true,"name":"builder","return":"net.md_5.bungee.api.chat.ComponentStyleBuilder"},{"static":true,"name":"builder","parameters":[{"name":"other","type":"net.md_5.bungee.api.chat.ComponentStyle"}],"return":"net.md_5.bungee.api.chat.ComponentStyleBuilder"},{"name":"setColor","parameters":[{"name":"color","type":"net.md_5.bungee.api.ChatColor"}]},{"name":"setFont","parameters":[{"name":"font","type":"java.lang.String"}]},{"name":"setBold","parameters":[{"name":"bold","type":"java.lang.Boolean"}]},{"name":"setItalic","parameters":[{"name":"italic","type":"java.lang.Boolean"}]},{"name":"setUnderlined","parameters":[{"name":"underlined","type":"java.lang.Boolean"}]},{"name":"setStrikethrough","parameters":[{"name":"strikethrough","type":"java.lang.Boolean"}]},{"name":"setObfuscated","parameters":[{"name":"obfuscated","type":"java.lang.Boolean"}]},{"name":"equals","parameters":[{"name":"o","type":"java.lang.Object"}],"return":"boolean"},{"name":"hashCode","return":"int"}],"name":"net.md_5.bungee.api.chat.ComponentStyle","simple-name":"ComponentStyle"}