{"constructors":[{"name":"<init>"}],"package":"net.md_5.bungee.api.chat.hover.content","methods":[{"name":"getClass","return":"java.lang.Class"},{"name":"hashCode","return":"int"},{"name":"equals","parameters":[{"name":"arg0","type":"java.lang.Object"}],"return":"boolean"},{"name":"toString","return":"java.lang.String"},{"name":"notify"},{"name":"notifyAll"},{"name":"wait","parameters":[{"name":"arg0","type":"long"}]},{"name":"wait","parameters":[{"name":"arg0","type":"long"},{"name":"arg1","type":"int"}]},{"name":"wait"},{"name":"deserialize","parameters":[{"name":"element","type":"com.google.gson.JsonElement"},{"name":"type","type":"java.lang.reflect.Type"},{"name":"context","type":"com.google.gson.JsonDeserializationContext"}],"return":"net.md_5.bungee.api.chat.hover.content.Text"},{"name":"serialize","parameters":[{"name":"content","type":"net.md_5.bungee.api.chat.hover.content.Text"},{"name":"type","type":"java.lang.reflect.Type"},{"name":"context","type":"com.google.gson.JsonSerializationContext"}],"return":"com.google.gson.JsonElement"}],"name":"net.md_5.bungee.api.chat.hover.content.TextSerializer","simple-name":"TextSerializer"}