{"constructors":[{"name":"<init>","parameters":[{"name":"id","type":"java.lang.String"},{"name":"count","type":"int"},{"name":"tag","type":"net.md_5.bungee.api.chat.ItemTag"}]}],"package":"net.md_5.bungee.api.chat.hover.content","methods":[{"name":"getClass","return":"java.lang.Class"},{"name":"notify"},{"name":"notifyAll"},{"name":"wait","parameters":[{"name":"arg0","type":"long"}]},{"name":"wait","parameters":[{"name":"arg0","type":"long"},{"name":"arg1","type":"int"}]},{"name":"wait"},{"name":"assertAction","parameters":[{"name":"input","type":"net.md_5.bungee.api.chat.HoverEvent.Action"}]},{"name":"requiredAction","return":"net.md_5.bungee.api.chat.HoverEvent.Action"},{"name":"getId","return":"java.lang.String"},{"name":"getCount","return":"int"},{"name":"getTag","return":"net.md_5.bungee.api.chat.ItemTag"},{"name":"setId","parameters":[{"name":"id","type":"java.lang.String"}]},{"name":"setCount","parameters":[{"name":"count","type":"int"}]},{"name":"setTag","parameters":[{"name":"tag","type":"net.md_5.bungee.api.chat.ItemTag"}]},{"name":"toString","return":"java.lang.String"},{"name":"equals","parameters":[{"name":"o","type":"java.lang.Object"}],"return":"boolean"},{"name":"hashCode","return":"int"}],"name":"net.md_5.bungee.api.chat.hover.content.Item","simple-name":"Item"}