{"constructors":[{"name":"<init>","parameters":[{"name":"value","type":"net.md_5.bungee.api.chat.BaseComponent[]"}]},{"name":"<init>","parameters":[{"name":"value","type":"net.md_5.bungee.api.chat.BaseComponent"}]},{"name":"<init>","parameters":[{"name":"value","type":"java.lang.String"}]}],"package":"net.md_5.bungee.api.chat.hover.content","methods":[{"name":"getClass","return":"java.lang.Class"},{"name":"notify"},{"name":"notifyAll"},{"name":"wait","parameters":[{"name":"arg0","type":"long"}]},{"name":"wait","parameters":[{"name":"arg0","type":"long"},{"name":"arg1","type":"int"}]},{"name":"wait"},{"name":"assertAction","parameters":[{"name":"input","type":"net.md_5.bungee.api.chat.HoverEvent.Action"}]},{"name":"requiredAction","return":"net.md_5.bungee.api.chat.HoverEvent.Action"},{"name":"equals","parameters":[{"name":"o","type":"java.lang.Object"}],"return":"boolean"},{"name":"hashCode","return":"int"},{"name":"getValue","return":"java.lang.Object"},{"name":"toString","return":"java.lang.String"}],"name":"net.md_5.bungee.api.chat.hover.content.Text","simple-name":"Text"}