{"constructors":[{"name":"<init>","parameters":[{"name":"action","type":"net.md_5.bungee.api.chat.ClickEvent.Action"},{"name":"value","type":"java.lang.String"}]}],"package":"net.md_5.bungee.api.chat","methods":[{"name":"getClass","return":"java.lang.Class"},{"name":"notify"},{"name":"notifyAll"},{"name":"wait","parameters":[{"name":"arg0","type":"long"}]},{"name":"wait","parameters":[{"name":"arg0","type":"long"},{"name":"arg1","type":"int"}]},{"name":"wait"},{"name":"getAction","return":"net.md_5.bungee.api.chat.ClickEvent.Action"},{"name":"getValue","return":"java.lang.String"},{"name":"toString","return":"java.lang.String"},{"name":"equals","parameters":[{"name":"o","type":"java.lang.Object"}],"return":"boolean"},{"name":"hashCode","return":"int"}],"name":"net.md_5.bungee.api.chat.ClickEvent","simple-name":"ClickEvent"}