{"package":"net.md_5.bungee.chat","methods":[{"name":"getClass","return":"java.lang.Class"},{"name":"notify"},{"name":"notifyAll"},{"name":"wait","parameters":[{"name":"arg0","type":"long"}]},{"name":"wait","parameters":[{"name":"arg0","type":"long"},{"name":"arg1","type":"int"}]},{"name":"wait"},{"name":"translate","parameters":[{"name":"s","type":"java.lang.String"}],"return":"java.lang.String"},{"name":"getProviders","return":"java.util.List"},{"name":"equals","parameters":[{"name":"o","type":"java.lang.Object"}],"return":"boolean"},{"name":"hashCode","return":"int"},{"name":"toString","return":"java.lang.String"}],"name":"net.md_5.bungee.chat.TranslationRegistry","simple-name":"TranslationRegistry","fields":[{"static":true,"name":"INSTANCE","type":"net.md_5.bungee.chat.TranslationRegistry"}]}