{"package":"net.md_5.bungee.api.chat","methods":[{"name":"getClass","return":"java.lang.Class"},{"name":"notify"},{"name":"notifyAll"},{"name":"wait","parameters":[{"name":"arg0","type":"long"}]},{"name":"wait","parameters":[{"name":"arg0","type":"long"},{"name":"arg1","type":"int"}]},{"name":"wait"},{"static":true,"name":"ofNbt","parameters":[{"name":"nbt","type":"java.lang.String"}],"return":"net.md_5.bungee.api.chat.ItemTag"},{"name":"toString","return":"java.lang.String"},{"name":"equals","parameters":[{"name":"o","type":"java.lang.Object"}],"return":"boolean"},{"name":"hashCode","return":"int"},{"name":"getNbt","return":"java.lang.String"}],"name":"net.md_5.bungee.api.chat.ItemTag","simple-name":"ItemTag"}