{"package":"java.lang.invoke","methods":[{"name":"getClass","return":"java.lang.Class"},{"name":"hashCode","return":"int"},{"name":"equals","parameters":[{"name":"obj","type":"java.lang.Object"}],"return":"boolean"},{"name":"notify"},{"name":"notifyAll"},{"name":"wait"},{"name":"wait","parameters":[{"name":"timeoutMillis","type":"long"}]},{"name":"wait","parameters":[{"name":"timeoutMillis","type":"long"},{"name":"nanos","type":"int"}]},{"name":"hasInvokeExactBehavior","return":"boolean"},{"name":"get","parameters":[{"name":"args","type":"java.lang.Object[]"}],"return":"java.lang.Object"},{"name":"set","parameters":[{"name":"args","type":"java.lang.Object[]"}]},{"name":"getVolatile","parameters":[{"name":"args","type":"java.lang.Object[]"}],"return":"java.lang.Object"},{"name":"setVolatile","parameters":[{"name":"args","type":"java.lang.Object[]"}]},{"name":"getOpaque","parameters":[{"name":"args","type":"java.lang.Object[]"}],"return":"java.lang.Object"},{"name":"setOpaque","parameters":[{"name":"args","type":"java.lang.Object[]"}]},{"name":"getAcquire","parameters":[{"name":"args","type":"java.lang.Object[]"}],"return":"java.lang.Object"},{"name":"setRelease","parameters":[{"name":"args","type":"java.lang.Object[]"}]},{"name":"compareAndSet","parameters":[{"name":"args","type":"java.lang.Object[]"}],"return":"boolean"},{"name":"compareAndExchange","parameters":[{"name":"args","type":"java.lang.Object[]"}],"return":"java.lang.Object"},{"name":"compareAndExchangeAcquire","parameters":[{"name":"args","type":"java.lang.Object[]"}],"return":"java.lang.Object"},{"name":"compareAndExchangeRelease","parameters":[{"name":"args","type":"java.lang.Object[]"}],"return":"java.lang.Object"},{"name":"weakCompareAndSetPlain","parameters":[{"name":"args","type":"java.lang.Object[]"}],"return":"boolean"},{"name":"weakCompareAndSet","parameters":[{"name":"args","type":"java.lang.Object[]"}],"return":"boolean"},{"name":"weakCompareAndSetAcquire","parameters":[{"name":"args","type":"java.lang.Object[]"}],"return":"boolean"},{"name":"weakCompareAndSetRelease","parameters":[{"name":"args","type":"java.lang.Object[]"}],"return":"boolean"},{"name":"getAndSet","parameters":[{"name":"args","type":"java.lang.Object[]"}],"return":"java.lang.Object"},{"name":"getAndSetAcquire","parameters":[{"name":"args","type":"java.lang.Object[]"}],"return":"java.lang.Object"},{"name":"getAndSetRelease","parameters":[{"name":"args","type":"java.lang.Object[]"}],"return":"java.lang.Object"},{"name":"getAndAdd","parameters":[{"name":"args","type":"java.lang.Object[]"}],"return":"java.lang.Object"},{"name":"getAndAddAcquire","parameters":[{"name":"args","type":"java.lang.Object[]"}],"return":"java.lang.Object"},{"name":"getAndAddRelease","parameters":[{"name":"args","type":"java.lang.Object[]"}],"return":"java.lang.Object"},{"name":"getAndBitwiseOr","parameters":[{"name":"args","type":"java.lang.Object[]"}],"return":"java.lang.Object"},{"name":"getAndBitwiseOrAcquire","parameters":[{"name":"args","type":"java.lang.Object[]"}],"return":"java.lang.Object"},{"name":"getAndBitwiseOrRelease","parameters":[{"name":"args","type":"java.lang.Object[]"}],"return":"java.lang.Object"},{"name":"getAndBitwiseAnd","parameters":[{"name":"args","type":"java.lang.Object[]"}],"return":"java.lang.Object"},{"name":"getAndBitwiseAndAcquire","parameters":[{"name":"args","type":"java.lang.Object[]"}],"return":"java.lang.Object"},{"name":"getAndBitwiseAndRelease","parameters":[{"name":"args","type":"java.lang.Object[]"}],"return":"java.lang.Object"},{"name":"getAndBitwiseXor","parameters":[{"name":"args","type":"java.lang.Object[]"}],"return":"java.lang.Object"},{"name":"getAndBitwiseXorAcquire","parameters":[{"name":"args","type":"java.lang.Object[]"}],"return":"java.lang.Object"},{"name":"getAndBitwiseXorRelease","parameters":[{"name":"args","type":"java.lang.Object[]"}],"return":"java.lang.Object"},{"name":"withInvokeExactBehavior","return":"java.lang.invoke.VarHandle"},{"name":"withInvokeBehavior","return":"java.lang.invoke.VarHandle"},{"name":"toString","return":"java.lang.String"},{"name":"varType","return":"java.lang.Class"},{"name":"coordinateTypes","return":"java.util.List"},{"name":"accessModeType","parameters":[{"name":"accessMode","type":"java.lang.invoke.VarHandle.AccessMode"}],"return":"java.lang.invoke.MethodType"},{"name":"isAccessModeSupported","parameters":[{"name":"accessMode","type":"java.lang.invoke.VarHandle.AccessMode"}],"return":"boolean"},{"name":"toMethodHandle","parameters":[{"name":"accessMode","type":"java.lang.invoke.VarHandle.AccessMode"}],"return":"java.lang.invoke.MethodHandle"},{"name":"describeConstable","return":"java.util.Optional"},{"static":true,"name":"fullFence"},{"static":true,"name":"acquireFence"},{"static":true,"name":"releaseFence"},{"static":true,"name":"loadLoadFence"},{"static":true,"name":"storeStoreFence"}],"name":"java.lang.invoke.VarHandle","simple-name":"VarHandle"}