{"constructors":[{"name":"<init>"},{"name":"<init>","parameters":[{"name":"store","type":"java.net.CookieStore"},{"name":"cookiePolicy","type":"java.net.CookiePolicy"}]}],"package":"java.net","methods":[{"name":"getClass","return":"java.lang.Class"},{"name":"hashCode","return":"int"},{"name":"equals","parameters":[{"name":"obj","type":"java.lang.Object"}],"return":"boolean"},{"name":"toString","return":"java.lang.String"},{"name":"notify"},{"name":"notifyAll"},{"name":"wait"},{"name":"wait","parameters":[{"name":"timeoutMillis","type":"long"}]},{"name":"wait","parameters":[{"name":"timeoutMillis","type":"long"},{"name":"nanos","type":"int"}]},{"static":true,"name":"getDefault","return":"java.net.CookieHandler"},{"static":true,"name":"setDefault","parameters":[{"name":"cHandler","type":"java.net.CookieHandler"}]},{"name":"setCookiePolicy","parameters":[{"name":"cookiePolicy","type":"java.net.CookiePolicy"}]},{"name":"getCookieStore","return":"java.net.CookieStore"},{"name":"get","parameters":[{"name":"uri","type":"java.net.URI"},{"name":"requestHeaders","type":"java.util.Map"}],"return":"java.util.Map"},{"name":"put","parameters":[{"name":"uri","type":"java.net.URI"},{"name":"responseHeaders","type":"java.util.Map"}]}],"name":"java.net.CookieManager","simple-name":"CookieManager"}