{"package":"java.net.http","methods":[{"name":"getClass","return":"java.lang.Class"},{"name":"notify"},{"name":"notifyAll"},{"name":"wait"},{"name":"wait","parameters":[{"name":"timeoutMillis","type":"long"}]},{"name":"wait","parameters":[{"name":"timeoutMillis","type":"long"},{"name":"nanos","type":"int"}]},{"name":"firstValue","parameters":[{"name":"name","type":"java.lang.String"}],"return":"java.util.Optional"},{"name":"firstValueAsLong","parameters":[{"name":"name","type":"java.lang.String"}],"return":"java.util.OptionalLong"},{"name":"allValues","parameters":[{"name":"name","type":"java.lang.String"}],"return":"java.util.List"},{"name":"map","return":"java.util.Map"},{"name":"equals","parameters":[{"name":"obj","type":"java.lang.Object"}],"return":"boolean"},{"name":"hashCode","return":"int"},{"name":"toString","return":"java.lang.String"},{"static":true,"name":"of","parameters":[{"name":"headerMap","type":"java.util.Map"},{"name":"filter","type":"java.util.function.BiPredicate"}],"return":"java.net.http.HttpHeaders"}],"name":"java.net.http.HttpHeaders","simple-name":"HttpHeaders"}