{"package":"java.math","methods":[{"name":"getClass","return":"java.lang.Class"},{"name":"notify"},{"name":"notifyAll"},{"name":"wait"},{"name":"wait","parameters":[{"name":"timeoutMillis","type":"long"}]},{"name":"wait","parameters":[{"name":"timeoutMillis","type":"long"},{"name":"nanos","type":"int"}]},{"name":"name","return":"java.lang.String"},{"name":"ordinal","return":"int"},{"name":"toString","return":"java.lang.String"},{"name":"equals","parameters":[{"name":"other","type":"java.lang.Object"}],"return":"boolean"},{"name":"hashCode","return":"int"},{"name":"compareTo","parameters":[{"name":"o","type":"java.lang.Enum"}],"return":"int"},{"name":"getDeclaringClass","return":"java.lang.Class"},{"name":"describeConstable","return":"java.util.Optional"},{"static":true,"name":"valueOf","parameters":[{"name":"enumClass","type":"java.lang.Class"},{"name":"name","type":"java.lang.String"}],"return":"java.lang.Enum"},{"static":true,"name":"values","return":"java.math.RoundingMode[]"},{"static":true,"name":"valueOf","parameters":[{"name":"name","type":"java.lang.String"}],"return":"java.math.RoundingMode"},{"static":true,"name":"valueOf","parameters":[{"name":"rm","type":"int"}],"return":"java.math.RoundingMode"}],"name":"java.math.RoundingMode","simple-name":"RoundingMode","fields":[{"static":true,"name":"UP","type":"java.math.RoundingMode"},{"static":true,"name":"DOWN","type":"java.math.RoundingMode"},{"static":true,"name":"CEILING","type":"java.math.RoundingMode"},{"static":true,"name":"FLOOR","type":"java.math.RoundingMode"},{"static":true,"name":"HALF_UP","type":"java.math.RoundingMode"},{"static":true,"name":"HALF_DOWN","type":"java.math.RoundingMode"},{"static":true,"name":"HALF_EVEN","type":"java.math.RoundingMode"},{"static":true,"name":"UNNECESSARY","type":"java.math.RoundingMode"}]}