{"package":"java.lang","methods":[{"name":"getClass","return":"java.lang.Class"},{"name":"hashCode","return":"int"},{"name":"equals","parameters":[{"name":"obj","type":"java.lang.Object"}],"return":"boolean"},{"name":"toString","return":"java.lang.String"},{"name":"notify"},{"name":"notifyAll"},{"name":"wait"},{"name":"wait","parameters":[{"name":"timeoutMillis","type":"long"}]},{"name":"wait","parameters":[{"name":"timeoutMillis","type":"long"},{"name":"nanos","type":"int"}]},{"name":"layer","return":"java.lang.ModuleLayer"},{"name":"addReads","parameters":[{"name":"source","type":"java.lang.Module"},{"name":"target","type":"java.lang.Module"}],"return":"java.lang.ModuleLayer.Controller"},{"name":"addExports","parameters":[{"name":"source","type":"java.lang.Module"},{"name":"pn","type":"java.lang.String"},{"name":"target","type":"java.lang.Module"}],"return":"java.lang.ModuleLayer.Controller"},{"name":"addOpens","parameters":[{"name":"source","type":"java.lang.Module"},{"name":"pn","type":"java.lang.String"},{"name":"target","type":"java.lang.Module"}],"return":"java.lang.ModuleLayer.Controller"}],"name":"java.lang.ModuleLayer.Controller","simple-name":"Controller"}