{"package":"java.net","methods":[{"name":"getClass","return":"java.lang.Class"},{"name":"hashCode","return":"int"},{"name":"equals","parameters":[{"name":"obj","type":"java.lang.Object"}],"return":"boolean"},{"name":"toString","return":"java.lang.String"},{"name":"notify"},{"name":"notifyAll"},{"name":"wait"},{"name":"wait","parameters":[{"name":"timeoutMillis","type":"long"}]},{"name":"wait","parameters":[{"name":"timeoutMillis","type":"long"},{"name":"nanos","type":"int"}]},{"static":true,"name":"toASCII","parameters":[{"name":"input","type":"java.lang.String"},{"name":"flag","type":"int"}],"return":"java.lang.String"},{"static":true,"name":"toASCII","parameters":[{"name":"input","type":"java.lang.String"}],"return":"java.lang.String"},{"static":true,"name":"toUnicode","parameters":[{"name":"input","type":"java.lang.String"},{"name":"flag","type":"int"}],"return":"java.lang.String"},{"static":true,"name":"toUnicode","parameters":[{"name":"input","type":"java.lang.String"}],"return":"java.lang.String"}],"name":"java.net.IDN","simple-name":"IDN","fields":[{"static":true,"name":"ALLOW_UNASSIGNED","type":"int"},{"static":true,"name":"USE_STD3_ASCII_RULES","type":"int"}]}