{"constructors":[{"name":"<init>","parameters":[{"name":"str","type":"java.lang.String"}]},{"name":"<init>","parameters":[{"name":"scheme","type":"java.lang.String"},{"name":"userInfo","type":"java.lang.String"},{"name":"host","type":"java.lang.String"},{"name":"port","type":"int"},{"name":"path","type":"java.lang.String"},{"name":"query","type":"java.lang.String"},{"name":"fragment","type":"java.lang.String"}]},{"name":"<init>","parameters":[{"name":"scheme","type":"java.lang.String"},{"name":"authority","type":"java.lang.String"},{"name":"path","type":"java.lang.String"},{"name":"query","type":"java.lang.String"},{"name":"fragment","type":"java.lang.String"}]},{"name":"<init>","parameters":[{"name":"scheme","type":"java.lang.String"},{"name":"host","type":"java.lang.String"},{"name":"path","type":"java.lang.String"},{"name":"fragment","type":"java.lang.String"}]},{"name":"<init>","parameters":[{"name":"scheme","type":"java.lang.String"},{"name":"ssp","type":"java.lang.String"},{"name":"fragment","type":"java.lang.String"}]}],"package":"java.net","methods":[{"name":"getClass","return":"java.lang.Class"},{"name":"notify"},{"name":"notifyAll"},{"name":"wait"},{"name":"wait","parameters":[{"name":"timeoutMillis","type":"long"}]},{"name":"wait","parameters":[{"name":"timeoutMillis","type":"long"},{"name":"nanos","type":"int"}]},{"static":true,"name":"create","parameters":[{"name":"str","type":"java.lang.String"}],"return":"java.net.URI"},{"name":"parseServerAuthority","return":"java.net.URI"},{"name":"normalize","return":"java.net.URI"},{"name":"resolve","parameters":[{"name":"uri","type":"java.net.URI"}],"return":"java.net.URI"},{"name":"resolve","parameters":[{"name":"str","type":"java.lang.String"}],"return":"java.net.URI"},{"name":"relativize","parameters":[{"name":"uri","type":"java.net.URI"}],"return":"java.net.URI"},{"name":"toURL","return":"java.net.URL"},{"name":"getScheme","return":"java.lang.String"},{"name":"isAbsolute","return":"boolean"},{"name":"isOpaque","return":"boolean"},{"name":"getRawSchemeSpecificPart","return":"java.lang.String"},{"name":"getSchemeSpecificPart","return":"java.lang.String"},{"name":"getRawAuthority","return":"java.lang.String"},{"name":"getAuthority","return":"java.lang.String"},{"name":"getRawUserInfo","return":"java.lang.String"},{"name":"getUserInfo","return":"java.lang.String"},{"name":"getHost","return":"java.lang.String"},{"name":"getPort","return":"int"},{"name":"getRawPath","return":"java.lang.String"},{"name":"getPath","return":"java.lang.String"},{"name":"getRawQuery","return":"java.lang.String"},{"name":"getQuery","return":"java.lang.String"},{"name":"getRawFragment","return":"java.lang.String"},{"name":"getFragment","return":"java.lang.String"},{"name":"equals","parameters":[{"name":"ob","type":"java.lang.Object"}],"return":"boolean"},{"name":"hashCode","return":"int"},{"name":"compareTo","parameters":[{"name":"that","type":"java.net.URI"}],"return":"int"},{"name":"toString","return":"java.lang.String"},{"name":"toASCIIString","return":"java.lang.String"}],"name":"java.net.URI","simple-name":"URI"}