{"package":"java.lang","methods":[{"name":"getClass","return":"java.lang.Class"},{"name":"equals","parameters":[{"name":"obj","type":"java.lang.Object"}],"return":"boolean"},{"name":"notify"},{"name":"notifyAll"},{"name":"wait"},{"name":"wait","parameters":[{"name":"timeoutMillis","type":"long"}]},{"name":"wait","parameters":[{"name":"timeoutMillis","type":"long"},{"name":"nanos","type":"int"}]},{"name":"getName","return":"java.lang.String"},{"name":"getSpecificationTitle","return":"java.lang.String"},{"name":"getSpecificationVersion","return":"java.lang.String"},{"name":"getSpecificationVendor","return":"java.lang.String"},{"name":"getImplementationTitle","return":"java.lang.String"},{"name":"getImplementationVersion","return":"java.lang.String"},{"name":"getImplementationVendor","return":"java.lang.String"},{"name":"isSealed","return":"boolean"},{"name":"isSealed","parameters":[{"name":"url","type":"java.net.URL"}],"return":"boolean"},{"name":"isCompatibleWith","parameters":[{"name":"desired","type":"java.lang.String"}],"return":"boolean"},{"static":true,"name":"getPackage","parameters":[{"name":"name","type":"java.lang.String"}],"return":"java.lang.Package"},{"static":true,"name":"getPackages","return":"java.lang.Package[]"},{"name":"hashCode","return":"int"},{"name":"toString","return":"java.lang.String"},{"name":"getAnnotation","parameters":[{"name":"annotationClass","type":"java.lang.Class"}],"return":"java.lang.annotation.Annotation"},{"name":"isAnnotationPresent","parameters":[{"name":"annotationClass","type":"java.lang.Class"}],"return":"boolean"},{"name":"getAnnotationsByType","parameters":[{"name":"annotationClass","type":"java.lang.Class"}],"return":"java.lang.annotation.Annotation[]"},{"name":"getAnnotations","return":"java.lang.annotation.Annotation[]"},{"name":"getDeclaredAnnotation","parameters":[{"name":"annotationClass","type":"java.lang.Class"}],"return":"java.lang.annotation.Annotation"},{"name":"getDeclaredAnnotationsByType","parameters":[{"name":"annotationClass","type":"java.lang.Class"}],"return":"java.lang.annotation.Annotation[]"},{"name":"getDeclaredAnnotations","return":"java.lang.annotation.Annotation[]"}],"name":"java.lang.Package","simple-name":"Package"}