{"package":"java.nio.channels","methods":[{"name":"getClass","return":"java.lang.Class"},{"name":"hashCode","return":"int"},{"name":"equals","parameters":[{"name":"obj","type":"java.lang.Object"}],"return":"boolean"},{"name":"toString","return":"java.lang.String"},{"name":"notify"},{"name":"notifyAll"},{"name":"wait"},{"name":"wait","parameters":[{"name":"timeoutMillis","type":"long"}]},{"name":"wait","parameters":[{"name":"timeoutMillis","type":"long"},{"name":"nanos","type":"int"}]},{"name":"isOpen","return":"boolean"},{"name":"getOption","parameters":[{"name":"name","type":"java.net.SocketOption"}],"return":"java.lang.Object"},{"name":"supportedOptions","return":"java.util.Set"},{"name":"close"},{"name":"provider","return":"java.nio.channels.spi.AsynchronousChannelProvider"},{"static":true,"name":"open","parameters":[{"name":"group","type":"java.nio.channels.AsynchronousChannelGroup"}],"return":"java.nio.channels.AsynchronousServerSocketChannel"},{"static":true,"name":"open","return":"java.nio.channels.AsynchronousServerSocketChannel"},{"name":"bind","parameters":[{"name":"local","type":"java.net.SocketAddress"}],"return":"java.nio.channels.AsynchronousServerSocketChannel"},{"name":"bind","parameters":[{"name":"local","type":"java.net.SocketAddress"},{"name":"backlog","type":"int"}],"return":"java.nio.channels.AsynchronousServerSocketChannel"},{"name":"setOption","parameters":[{"name":"name","type":"java.net.SocketOption"},{"name":"value","type":"java.lang.Object"}],"return":"java.nio.channels.AsynchronousServerSocketChannel"},{"name":"accept","parameters":[{"name":"attachment","type":"java.lang.Object"},{"name":"handler","type":"java.nio.channels.CompletionHandler"}]},{"name":"accept","return":"java.util.concurrent.Future"},{"name":"getLocalAddress","return":"java.net.SocketAddress"}],"name":"java.nio.channels.AsynchronousServerSocketChannel","simple-name":"AsynchronousServerSocketChannel"}