{"constructors":[{"name":"<init>"},{"name":"<init>","parameters":[{"name":"original","type":"java.lang.String"}]},{"name":"<init>","parameters":[{"name":"value","type":"char[]"}]},{"name":"<init>","parameters":[{"name":"value","type":"char[]"},{"name":"offset","type":"int"},{"name":"count","type":"int"}]},{"name":"<init>","parameters":[{"name":"codePoints","type":"int[]"},{"name":"offset","type":"int"},{"name":"count","type":"int"}]},{"name":"<init>","parameters":[{"name":"ascii","type":"byte[]"},{"name":"hibyte","type":"int"},{"name":"offset","type":"int"},{"name":"count","type":"int"}]},{"name":"<init>","parameters":[{"name":"ascii","type":"byte[]"},{"name":"hibyte","type":"int"}]},{"name":"<init>","parameters":[{"name":"bytes","type":"byte[]"},{"name":"offset","type":"int"},{"name":"length","type":"int"},{"name":"charsetName","type":"java.lang.String"}]},{"name":"<init>","parameters":[{"name":"bytes","type":"byte[]"},{"name":"offset","type":"int"},{"name":"length","type":"int"},{"name":"charset","type":"java.nio.charset.Charset"}]},{"name":"<init>","parameters":[{"name":"bytes","type":"byte[]"},{"name":"charsetName","type":"java.lang.String"}]},{"name":"<init>","parameters":[{"name":"bytes","type":"byte[]"},{"name":"charset","type":"java.nio.charset.Charset"}]},{"name":"<init>","parameters":[{"name":"bytes","type":"byte[]"},{"name":"offset","type":"int"},{"name":"length","type":"int"}]},{"name":"<init>","parameters":[{"name":"bytes","type":"byte[]"}]},{"name":"<init>","parameters":[{"name":"buffer","type":"java.lang.StringBuffer"}]},{"name":"<init>","parameters":[{"name":"builder","type":"java.lang.StringBuilder"}]}],"package":"java.lang","methods":[{"name":"getClass","return":"java.lang.Class"},{"name":"notify"},{"name":"notifyAll"},{"name":"wait"},{"name":"wait","parameters":[{"name":"timeoutMillis","type":"long"}]},{"name":"wait","parameters":[{"name":"timeoutMillis","type":"long"},{"name":"nanos","type":"int"}]},{"name":"length","return":"int"},{"name":"isEmpty","return":"boolean"},{"name":"charAt","parameters":[{"name":"index","type":"int"}],"return":"char"},{"name":"codePointAt","parameters":[{"name":"index","type":"int"}],"return":"int"},{"name":"codePointBefore","parameters":[{"name":"index","type":"int"}],"return":"int"},{"name":"codePointCount","parameters":[{"name":"beginIndex","type":"int"},{"name":"endIndex","type":"int"}],"return":"int"},{"name":"offsetByCodePoints","parameters":[{"name":"index","type":"int"},{"name":"codePointOffset","type":"int"}],"return":"int"},{"name":"getChars","parameters":[{"name":"srcBegin","type":"int"},{"name":"srcEnd","type":"int"},{"name":"dst","type":"char[]"},{"name":"dstBegin","type":"int"}]},{"name":"getBytes","parameters":[{"name":"srcBegin","type":"int"},{"name":"srcEnd","type":"int"},{"name":"dst","type":"byte[]"},{"name":"dstBegin","type":"int"}]},{"name":"getBytes","parameters":[{"name":"charsetName","type":"java.lang.String"}],"return":"byte[]"},{"name":"getBytes","parameters":[{"name":"charset","type":"java.nio.charset.Charset"}],"return":"byte[]"},{"name":"getBytes","return":"byte[]"},{"name":"equals","parameters":[{"name":"anObject","type":"java.lang.Object"}],"return":"boolean"},{"name":"contentEquals","parameters":[{"name":"sb","type":"java.lang.StringBuffer"}],"return":"boolean"},{"name":"contentEquals","parameters":[{"name":"cs","type":"java.lang.CharSequence"}],"return":"boolean"},{"name":"equalsIgnoreCase","parameters":[{"name":"anotherString","type":"java.lang.String"}],"return":"boolean"},{"name":"compareTo","parameters":[{"name":"anotherString","type":"java.lang.String"}],"return":"int"},{"name":"compareToIgnoreCase","parameters":[{"name":"str","type":"java.lang.String"}],"return":"int"},{"name":"regionMatches","parameters":[{"name":"toffset","type":"int"},{"name":"other","type":"java.lang.String"},{"name":"ooffset","type":"int"},{"name":"len","type":"int"}],"return":"boolean"},{"name":"regionMatches","parameters":[{"name":"ignoreCase","type":"boolean"},{"name":"toffset","type":"int"},{"name":"other","type":"java.lang.String"},{"name":"ooffset","type":"int"},{"name":"len","type":"int"}],"return":"boolean"},{"name":"startsWith","parameters":[{"name":"prefix","type":"java.lang.String"},{"name":"toffset","type":"int"}],"return":"boolean"},{"name":"startsWith","parameters":[{"name":"prefix","type":"java.lang.String"}],"return":"boolean"},{"name":"endsWith","parameters":[{"name":"suffix","type":"java.lang.String"}],"return":"boolean"},{"name":"hashCode","return":"int"},{"name":"indexOf","parameters":[{"name":"ch","type":"int"}],"return":"int"},{"name":"indexOf","parameters":[{"name":"ch","type":"int"},{"name":"fromIndex","type":"int"}],"return":"int"},{"name":"lastIndexOf","parameters":[{"name":"ch","type":"int"}],"return":"int"},{"name":"lastIndexOf","parameters":[{"name":"ch","type":"int"},{"name":"fromIndex","type":"int"}],"return":"int"},{"name":"indexOf","parameters":[{"name":"str","type":"java.lang.String"}],"return":"int"},{"name":"indexOf","parameters":[{"name":"str","type":"java.lang.String"},{"name":"fromIndex","type":"int"}],"return":"int"},{"name":"lastIndexOf","parameters":[{"name":"str","type":"java.lang.String"}],"return":"int"},{"name":"lastIndexOf","parameters":[{"name":"str","type":"java.lang.String"},{"name":"fromIndex","type":"int"}],"return":"int"},{"name":"substring","parameters":[{"name":"beginIndex","type":"int"}],"return":"java.lang.String"},{"name":"substring","parameters":[{"name":"beginIndex","type":"int"},{"name":"endIndex","type":"int"}],"return":"java.lang.String"},{"name":"subSequence","parameters":[{"name":"beginIndex","type":"int"},{"name":"endIndex","type":"int"}],"return":"java.lang.CharSequence"},{"name":"concat","parameters":[{"name":"str","type":"java.lang.String"}],"return":"java.lang.String"},{"name":"replace","parameters":[{"name":"oldChar","type":"char"},{"name":"newChar","type":"char"}],"return":"java.lang.String"},{"name":"matches","parameters":[{"name":"regex","type":"java.lang.String"}],"return":"boolean"},{"name":"contains","parameters":[{"name":"s","type":"java.lang.CharSequence"}],"return":"boolean"},{"name":"replaceFirst","parameters":[{"name":"regex","type":"java.lang.String"},{"name":"replacement","type":"java.lang.String"}],"return":"java.lang.String"},{"name":"replaceAll","parameters":[{"name":"regex","type":"java.lang.String"},{"name":"replacement","type":"java.lang.String"}],"return":"java.lang.String"},{"name":"replace","parameters":[{"name":"target","type":"java.lang.CharSequence"},{"name":"replacement","type":"java.lang.CharSequence"}],"return":"java.lang.String"},{"name":"split","parameters":[{"name":"regex","type":"java.lang.String"},{"name":"limit","type":"int"}],"return":"java.lang.String[]"},{"name":"split","parameters":[{"name":"regex","type":"java.lang.String"}],"return":"java.lang.String[]"},{"static":true,"name":"join","parameters":[{"name":"delimiter","type":"java.lang.CharSequence"},{"name":"elements","type":"java.lang.CharSequence[]"}],"return":"java.lang.String"},{"static":true,"name":"join","parameters":[{"name":"delimiter","type":"java.lang.CharSequence"},{"name":"elements","type":"java.lang.Iterable"}],"return":"java.lang.String"},{"name":"toLowerCase","parameters":[{"name":"locale","type":"java.util.Locale"}],"return":"java.lang.String"},{"name":"toLowerCase","return":"java.lang.String"},{"name":"toUpperCase","parameters":[{"name":"locale","type":"java.util.Locale"}],"return":"java.lang.String"},{"name":"toUpperCase","return":"java.lang.String"},{"name":"trim","return":"java.lang.String"},{"name":"strip","return":"java.lang.String"},{"name":"stripLeading","return":"java.lang.String"},{"name":"stripTrailing","return":"java.lang.String"},{"name":"isBlank","return":"boolean"},{"name":"lines","return":"java.util.stream.Stream"},{"name":"indent","parameters":[{"name":"n","type":"int"}],"return":"java.lang.String"},{"name":"stripIndent","return":"java.lang.String"},{"name":"translateEscapes","return":"java.lang.String"},{"name":"transform","parameters":[{"name":"f","type":"java.util.function.Function"}],"return":"java.lang.Object"},{"name":"toString","return":"java.lang.String"},{"name":"chars","return":"java.util.stream.IntStream"},{"name":"codePoints","return":"java.util.stream.IntStream"},{"name":"toCharArray","return":"char[]"},{"static":true,"name":"format","parameters":[{"name":"format","type":"java.lang.String"},{"name":"args","type":"java.lang.Object[]"}],"return":"java.lang.String"},{"static":true,"name":"format","parameters":[{"name":"l","type":"java.util.Locale"},{"name":"format","type":"java.lang.String"},{"name":"args","type":"java.lang.Object[]"}],"return":"java.lang.String"},{"name":"formatted","parameters":[{"name":"args","type":"java.lang.Object[]"}],"return":"java.lang.String"},{"static":true,"name":"valueOf","parameters":[{"name":"obj","type":"java.lang.Object"}],"return":"java.lang.String"},{"static":true,"name":"valueOf","parameters":[{"name":"data","type":"char[]"}],"return":"java.lang.String"},{"static":true,"name":"valueOf","parameters":[{"name":"data","type":"char[]"},{"name":"offset","type":"int"},{"name":"count","type":"int"}],"return":"java.lang.String"},{"static":true,"name":"copyValueOf","parameters":[{"name":"data","type":"char[]"},{"name":"offset","type":"int"},{"name":"count","type":"int"}],"return":"java.lang.String"},{"static":true,"name":"copyValueOf","parameters":[{"name":"data","type":"char[]"}],"return":"java.lang.String"},{"static":true,"name":"valueOf","parameters":[{"name":"b","type":"boolean"}],"return":"java.lang.String"},{"static":true,"name":"valueOf","parameters":[{"name":"c","type":"char"}],"return":"java.lang.String"},{"static":true,"name":"valueOf","parameters":[{"name":"i","type":"int"}],"return":"java.lang.String"},{"static":true,"name":"valueOf","parameters":[{"name":"l","type":"long"}],"return":"java.lang.String"},{"static":true,"name":"valueOf","parameters":[{"name":"f","type":"float"}],"return":"java.lang.String"},{"static":true,"name":"valueOf","parameters":[{"name":"d","type":"double"}],"return":"java.lang.String"},{"name":"intern","return":"java.lang.String"},{"name":"repeat","parameters":[{"name":"count","type":"int"}],"return":"java.lang.String"},{"name":"describeConstable","return":"java.util.Optional"},{"name":"resolveConstantDesc","parameters":[{"name":"lookup","type":"java.lang.invoke.MethodHandles.Lookup"}],"return":"java.lang.String"}],"name":"java.lang.String","simple-name":"String","fields":[{"static":true,"name":"CASE_INSENSITIVE_ORDER","type":"java.util.Comparator"}]}