{"package":"java.nio.file.attribute","methods":[{"name":"getClass","return":"java.lang.Class"},{"name":"hashCode","return":"int"},{"name":"equals","parameters":[{"name":"obj","type":"java.lang.Object"}],"return":"boolean"},{"name":"toString","return":"java.lang.String"},{"name":"notify"},{"name":"notifyAll"},{"name":"wait"},{"name":"wait","parameters":[{"name":"timeoutMillis","type":"long"}]},{"name":"wait","parameters":[{"name":"timeoutMillis","type":"long"},{"name":"nanos","type":"int"}]},{"name":"build","return":"java.nio.file.attribute.AclEntry"},{"name":"setType","parameters":[{"name":"type","type":"java.nio.file.attribute.AclEntryType"}],"return":"java.nio.file.attribute.AclEntry.Builder"},{"name":"setPrincipal","parameters":[{"name":"who","type":"java.nio.file.attribute.UserPrincipal"}],"return":"java.nio.file.attribute.AclEntry.Builder"},{"name":"setPermissions","parameters":[{"name":"perms","type":"java.util.Set"}],"return":"java.nio.file.attribute.AclEntry.Builder"},{"name":"setPermissions","parameters":[{"name":"perms","type":"java.nio.file.attribute.AclEntryPermission[]"}],"return":"java.nio.file.attribute.AclEntry.Builder"},{"name":"setFlags","parameters":[{"name":"flags","type":"java.util.Set"}],"return":"java.nio.file.attribute.AclEntry.Builder"},{"name":"setFlags","parameters":[{"name":"flags","type":"java.nio.file.attribute.AclEntryFlag[]"}],"return":"java.nio.file.attribute.AclEntry.Builder"}],"name":"java.nio.file.attribute.AclEntry.Builder","simple-name":"Builder"}