{"package":"java.lang.invoke","methods":[{"name":"getClass","return":"java.lang.Class"},{"name":"notify"},{"name":"notifyAll"},{"name":"wait"},{"name":"wait","parameters":[{"name":"timeoutMillis","type":"long"}]},{"name":"wait","parameters":[{"name":"timeoutMillis","type":"long"},{"name":"nanos","type":"int"}]},{"name":"name","return":"java.lang.String"},{"name":"ordinal","return":"int"},{"name":"toString","return":"java.lang.String"},{"name":"equals","parameters":[{"name":"other","type":"java.lang.Object"}],"return":"boolean"},{"name":"hashCode","return":"int"},{"name":"compareTo","parameters":[{"name":"o","type":"java.lang.Enum"}],"return":"int"},{"name":"getDeclaringClass","return":"java.lang.Class"},{"name":"describeConstable","return":"java.util.Optional"},{"static":true,"name":"valueOf","parameters":[{"name":"enumClass","type":"java.lang.Class"},{"name":"name","type":"java.lang.String"}],"return":"java.lang.Enum"},{"static":true,"name":"values","return":"java.lang.invoke.VarHandle.AccessMode[]"},{"static":true,"name":"valueOf","parameters":[{"name":"name","type":"java.lang.String"}],"return":"java.lang.invoke.VarHandle.AccessMode"},{"name":"methodName","return":"java.lang.String"},{"static":true,"name":"valueFromMethodName","parameters":[{"name":"methodName","type":"java.lang.String"}],"return":"java.lang.invoke.VarHandle.AccessMode"}],"name":"java.lang.invoke.VarHandle.AccessMode","simple-name":"AccessMode","fields":[{"static":true,"name":"GET","type":"java.lang.invoke.VarHandle.AccessMode"},{"static":true,"name":"SET","type":"java.lang.invoke.VarHandle.AccessMode"},{"static":true,"name":"GET_VOLATILE","type":"java.lang.invoke.VarHandle.AccessMode"},{"static":true,"name":"SET_VOLATILE","type":"java.lang.invoke.VarHandle.AccessMode"},{"static":true,"name":"GET_ACQUIRE","type":"java.lang.invoke.VarHandle.AccessMode"},{"static":true,"name":"SET_RELEASE","type":"java.lang.invoke.VarHandle.AccessMode"},{"static":true,"name":"GET_OPAQUE","type":"java.lang.invoke.VarHandle.AccessMode"},{"static":true,"name":"SET_OPAQUE","type":"java.lang.invoke.VarHandle.AccessMode"},{"static":true,"name":"COMPARE_AND_SET","type":"java.lang.invoke.VarHandle.AccessMode"},{"static":true,"name":"COMPARE_AND_EXCHANGE","type":"java.lang.invoke.VarHandle.AccessMode"},{"static":true,"name":"COMPARE_AND_EXCHANGE_ACQUIRE","type":"java.lang.invoke.VarHandle.AccessMode"},{"static":true,"name":"COMPARE_AND_EXCHANGE_RELEASE","type":"java.lang.invoke.VarHandle.AccessMode"},{"static":true,"name":"WEAK_COMPARE_AND_SET_PLAIN","type":"java.lang.invoke.VarHandle.AccessMode"},{"static":true,"name":"WEAK_COMPARE_AND_SET","type":"java.lang.invoke.VarHandle.AccessMode"},{"static":true,"name":"WEAK_COMPARE_AND_SET_ACQUIRE","type":"java.lang.invoke.VarHandle.AccessMode"},{"static":true,"name":"WEAK_COMPARE_AND_SET_RELEASE","type":"java.lang.invoke.VarHandle.AccessMode"},{"static":true,"name":"GET_AND_SET","type":"java.lang.invoke.VarHandle.AccessMode"},{"static":true,"name":"GET_AND_SET_ACQUIRE","type":"java.lang.invoke.VarHandle.AccessMode"},{"static":true,"name":"GET_AND_SET_RELEASE","type":"java.lang.invoke.VarHandle.AccessMode"},{"static":true,"name":"GET_AND_ADD","type":"java.lang.invoke.VarHandle.AccessMode"},{"static":true,"name":"GET_AND_ADD_ACQUIRE","type":"java.lang.invoke.VarHandle.AccessMode"},{"static":true,"name":"GET_AND_ADD_RELEASE","type":"java.lang.invoke.VarHandle.AccessMode"},{"static":true,"name":"GET_AND_BITWISE_OR","type":"java.lang.invoke.VarHandle.AccessMode"},{"static":true,"name":"GET_AND_BITWISE_OR_RELEASE","type":"java.lang.invoke.VarHandle.AccessMode"},{"static":true,"name":"GET_AND_BITWISE_OR_ACQUIRE","type":"java.lang.invoke.VarHandle.AccessMode"},{"static":true,"name":"GET_AND_BITWISE_AND","type":"java.lang.invoke.VarHandle.AccessMode"},{"static":true,"name":"GET_AND_BITWISE_AND_RELEASE","type":"java.lang.invoke.VarHandle.AccessMode"},{"static":true,"name":"GET_AND_BITWISE_AND_ACQUIRE","type":"java.lang.invoke.VarHandle.AccessMode"},{"static":true,"name":"GET_AND_BITWISE_XOR","type":"java.lang.invoke.VarHandle.AccessMode"},{"static":true,"name":"GET_AND_BITWISE_XOR_RELEASE","type":"java.lang.invoke.VarHandle.AccessMode"},{"static":true,"name":"GET_AND_BITWISE_XOR_ACQUIRE","type":"java.lang.invoke.VarHandle.AccessMode"}]}