{"package":"java.lang.invoke","methods":[{"name":"getClass","return":"java.lang.Class"},{"name":"hashCode","return":"int"},{"name":"equals","parameters":[{"name":"obj","type":"java.lang.Object"}],"return":"boolean"},{"name":"toString","return":"java.lang.String"},{"name":"notify"},{"name":"notifyAll"},{"name":"wait"},{"name":"wait","parameters":[{"name":"timeoutMillis","type":"long"}]},{"name":"wait","parameters":[{"name":"timeoutMillis","type":"long"},{"name":"nanos","type":"int"}]},{"name":"descriptorString","return":"java.lang.String"},{"name":"parameterCount","return":"int"},{"name":"parameterType","parameters":[{"name":"i","type":"int"}],"return":"java.lang.invoke.TypeDescriptor.OfField"},{"name":"returnType","return":"java.lang.invoke.TypeDescriptor.OfField"},{"name":"parameterArray","return":"java.lang.invoke.TypeDescriptor.OfField[]"},{"name":"parameterList","return":"java.util.List"},{"name":"changeReturnType","parameters":[{"name":"newReturn","type":"java.lang.invoke.TypeDescriptor.OfField"}],"return":"java.lang.invoke.TypeDescriptor.OfMethod"},{"name":"changeParameterType","parameters":[{"name":"index","type":"int"},{"name":"paramType","type":"java.lang.invoke.TypeDescriptor.OfField"}],"return":"java.lang.invoke.TypeDescriptor.OfMethod"},{"name":"dropParameterTypes","parameters":[{"name":"start","type":"int"},{"name":"end","type":"int"}],"return":"java.lang.invoke.TypeDescriptor.OfMethod"},{"name":"insertParameterTypes","parameters":[{"name":"pos","type":"int"},{"name":"paramTypes","type":"java.lang.invoke.TypeDescriptor.OfField[]"}],"return":"java.lang.invoke.TypeDescriptor.OfMethod"}],"name":"java.lang.invoke.TypeDescriptor.OfMethod","simple-name":"OfMethod"}