{"constructors":[{"name":"<init>","parameters":[{"name":"urls","type":"java.net.URL[]"},{"name":"parent","type":"java.lang.ClassLoader"}]},{"name":"<init>","parameters":[{"name":"urls","type":"java.net.URL[]"}]},{"name":"<init>","parameters":[{"name":"urls","type":"java.net.URL[]"},{"name":"parent","type":"java.lang.ClassLoader"},{"name":"factory","type":"java.net.URLStreamHandlerFactory"}]},{"name":"<init>","parameters":[{"name":"name","type":"java.lang.String"},{"name":"urls","type":"java.net.URL[]"},{"name":"parent","type":"java.lang.ClassLoader"}]},{"name":"<init>","parameters":[{"name":"name","type":"java.lang.String"},{"name":"urls","type":"java.net.URL[]"},{"name":"parent","type":"java.lang.ClassLoader"},{"name":"factory","type":"java.net.URLStreamHandlerFactory"}]}],"package":"java.net","methods":[{"name":"getClass","return":"java.lang.Class"},{"name":"hashCode","return":"int"},{"name":"equals","parameters":[{"name":"obj","type":"java.lang.Object"}],"return":"boolean"},{"name":"toString","return":"java.lang.String"},{"name":"notify"},{"name":"notifyAll"},{"name":"wait"},{"name":"wait","parameters":[{"name":"timeoutMillis","type":"long"}]},{"name":"wait","parameters":[{"name":"timeoutMillis","type":"long"},{"name":"nanos","type":"int"}]},{"name":"getName","return":"java.lang.String"},{"name":"loadClass","parameters":[{"name":"name","type":"java.lang.String"}],"return":"java.lang.Class"},{"name":"getResource","parameters":[{"name":"name","type":"java.lang.String"}],"return":"java.net.URL"},{"name":"getResources","parameters":[{"name":"name","type":"java.lang.String"}],"return":"java.util.Enumeration"},{"name":"resources","parameters":[{"name":"name","type":"java.lang.String"}],"return":"java.util.stream.Stream"},{"name":"isRegisteredAsParallelCapable","return":"boolean"},{"static":true,"name":"getSystemResource","parameters":[{"name":"name","type":"java.lang.String"}],"return":"java.net.URL"},{"static":true,"name":"getSystemResources","parameters":[{"name":"name","type":"java.lang.String"}],"return":"java.util.Enumeration"},{"static":true,"name":"getSystemResourceAsStream","parameters":[{"name":"name","type":"java.lang.String"}],"return":"java.io.InputStream"},{"name":"getParent","return":"java.lang.ClassLoader"},{"name":"getUnnamedModule","return":"java.lang.Module"},{"static":true,"name":"getPlatformClassLoader","return":"java.lang.ClassLoader"},{"static":true,"name":"getSystemClassLoader","return":"java.lang.ClassLoader"},{"name":"getDefinedPackage","parameters":[{"name":"name","type":"java.lang.String"}],"return":"java.lang.Package"},{"name":"getDefinedPackages","return":"java.lang.Package[]"},{"name":"setDefaultAssertionStatus","parameters":[{"name":"enabled","type":"boolean"}]},{"name":"setPackageAssertionStatus","parameters":[{"name":"packageName","type":"java.lang.String"},{"name":"enabled","type":"boolean"}]},{"name":"setClassAssertionStatus","parameters":[{"name":"className","type":"java.lang.String"},{"name":"enabled","type":"boolean"}]},{"name":"clearAssertionStatus"},{"name":"getResourceAsStream","parameters":[{"name":"name","type":"java.lang.String"}],"return":"java.io.InputStream"},{"name":"close"},{"name":"getURLs","return":"java.net.URL[]"},{"name":"findResource","parameters":[{"name":"name","type":"java.lang.String"}],"return":"java.net.URL"},{"name":"findResources","parameters":[{"name":"name","type":"java.lang.String"}],"return":"java.util.Enumeration"},{"static":true,"name":"newInstance","parameters":[{"name":"urls","type":"java.net.URL[]"},{"name":"parent","type":"java.lang.ClassLoader"}],"return":"java.net.URLClassLoader"},{"static":true,"name":"newInstance","parameters":[{"name":"urls","type":"java.net.URL[]"}],"return":"java.net.URLClassLoader"}],"name":"java.net.URLClassLoader","simple-name":"URLClassLoader"}