{"package":"java.nio","methods":[{"name":"getClass","return":"java.lang.Class"},{"name":"notify"},{"name":"notifyAll"},{"name":"wait"},{"name":"wait","parameters":[{"name":"timeoutMillis","type":"long"}]},{"name":"wait","parameters":[{"name":"timeoutMillis","type":"long"},{"name":"nanos","type":"int"}]},{"name":"codePoints","return":"java.util.stream.IntStream"},{"name":"capacity","return":"int"},{"name":"position","return":"int"},{"name":"limit","return":"int"},{"name":"remaining","return":"int"},{"name":"hasRemaining","return":"boolean"},{"name":"isReadOnly","return":"boolean"},{"static":true,"name":"allocate","parameters":[{"name":"capacity","type":"int"}],"return":"java.nio.CharBuffer"},{"static":true,"name":"wrap","parameters":[{"name":"array","type":"char[]"},{"name":"offset","type":"int"},{"name":"length","type":"int"}],"return":"java.nio.CharBuffer"},{"static":true,"name":"wrap","parameters":[{"name":"array","type":"char[]"}],"return":"java.nio.CharBuffer"},{"name":"read","parameters":[{"name":"target","type":"java.nio.CharBuffer"}],"return":"int"},{"static":true,"name":"wrap","parameters":[{"name":"csq","type":"java.lang.CharSequence"},{"name":"start","type":"int"},{"name":"end","type":"int"}],"return":"java.nio.CharBuffer"},{"static":true,"name":"wrap","parameters":[{"name":"csq","type":"java.lang.CharSequence"}],"return":"java.nio.CharBuffer"},{"name":"slice","return":"java.nio.CharBuffer"},{"name":"slice","parameters":[{"name":"index","type":"int"},{"name":"length","type":"int"}],"return":"java.nio.CharBuffer"},{"name":"duplicate","return":"java.nio.CharBuffer"},{"name":"asReadOnlyBuffer","return":"java.nio.CharBuffer"},{"name":"get","return":"char"},{"name":"put","parameters":[{"name":"c","type":"char"}],"return":"java.nio.CharBuffer"},{"name":"get","parameters":[{"name":"index","type":"int"}],"return":"char"},{"name":"put","parameters":[{"name":"index","type":"int"},{"name":"c","type":"char"}],"return":"java.nio.CharBuffer"},{"name":"get","parameters":[{"name":"dst","type":"char[]"},{"name":"offset","type":"int"},{"name":"length","type":"int"}],"return":"java.nio.CharBuffer"},{"name":"get","parameters":[{"name":"dst","type":"char[]"}],"return":"java.nio.CharBuffer"},{"name":"get","parameters":[{"name":"index","type":"int"},{"name":"dst","type":"char[]"},{"name":"offset","type":"int"},{"name":"length","type":"int"}],"return":"java.nio.CharBuffer"},{"name":"get","parameters":[{"name":"index","type":"int"},{"name":"dst","type":"char[]"}],"return":"java.nio.CharBuffer"},{"name":"put","parameters":[{"name":"src","type":"java.nio.CharBuffer"}],"return":"java.nio.CharBuffer"},{"name":"put","parameters":[{"name":"index","type":"int"},{"name":"src","type":"java.nio.CharBuffer"},{"name":"offset","type":"int"},{"name":"length","type":"int"}],"return":"java.nio.CharBuffer"},{"name":"put","parameters":[{"name":"src","type":"char[]"},{"name":"offset","type":"int"},{"name":"length","type":"int"}],"return":"java.nio.CharBuffer"},{"name":"put","parameters":[{"name":"src","type":"char[]"}],"return":"java.nio.CharBuffer"},{"name":"put","parameters":[{"name":"index","type":"int"},{"name":"src","type":"char[]"},{"name":"offset","type":"int"},{"name":"length","type":"int"}],"return":"java.nio.CharBuffer"},{"name":"put","parameters":[{"name":"index","type":"int"},{"name":"src","type":"char[]"}],"return":"java.nio.CharBuffer"},{"name":"put","parameters":[{"name":"src","type":"java.lang.String"},{"name":"start","type":"int"},{"name":"end","type":"int"}],"return":"java.nio.CharBuffer"},{"name":"put","parameters":[{"name":"src","type":"java.lang.String"}],"return":"java.nio.CharBuffer"},{"name":"hasArray","return":"boolean"},{"name":"array","return":"char[]"},{"name":"arrayOffset","return":"int"},{"name":"position","parameters":[{"name":"newPosition","type":"int"}],"return":"java.nio.CharBuffer"},{"name":"limit","parameters":[{"name":"newLimit","type":"int"}],"return":"java.nio.CharBuffer"},{"name":"mark","return":"java.nio.CharBuffer"},{"name":"reset","return":"java.nio.CharBuffer"},{"name":"clear","return":"java.nio.CharBuffer"},{"name":"flip","return":"java.nio.CharBuffer"},{"name":"rewind","return":"java.nio.CharBuffer"},{"name":"compact","return":"java.nio.CharBuffer"},{"name":"isDirect","return":"boolean"},{"name":"hashCode","return":"int"},{"name":"equals","parameters":[{"name":"ob","type":"java.lang.Object"}],"return":"boolean"},{"name":"compareTo","parameters":[{"name":"that","type":"java.nio.CharBuffer"}],"return":"int"},{"name":"mismatch","parameters":[{"name":"that","type":"java.nio.CharBuffer"}],"return":"int"},{"name":"toString","return":"java.lang.String"},{"name":"length","return":"int"},{"name":"isEmpty","return":"boolean"},{"name":"charAt","parameters":[{"name":"index","type":"int"}],"return":"char"},{"name":"subSequence","parameters":[{"name":"start","type":"int"},{"name":"end","type":"int"}],"return":"java.nio.CharBuffer"},{"name":"append","parameters":[{"name":"csq","type":"java.lang.CharSequence"}],"return":"java.nio.CharBuffer"},{"name":"append","parameters":[{"name":"csq","type":"java.lang.CharSequence"},{"name":"start","type":"int"},{"name":"end","type":"int"}],"return":"java.nio.CharBuffer"},{"name":"append","parameters":[{"name":"c","type":"char"}],"return":"java.nio.CharBuffer"},{"name":"order","return":"java.nio.ByteOrder"},{"name":"chars","return":"java.util.stream.IntStream"}],"name":"java.nio.CharBuffer","simple-name":"CharBuffer"}