{"constructors":[{"name":"<init>","parameters":[{"name":"value","type":"byte"}]},{"name":"<init>","parameters":[{"name":"s","type":"java.lang.String"}]}],"package":"java.lang","methods":[{"name":"getClass","return":"java.lang.Class"},{"name":"notify"},{"name":"notifyAll"},{"name":"wait"},{"name":"wait","parameters":[{"name":"timeoutMillis","type":"long"}]},{"name":"wait","parameters":[{"name":"timeoutMillis","type":"long"},{"name":"nanos","type":"int"}]},{"static":true,"name":"toString","parameters":[{"name":"b","type":"byte"}],"return":"java.lang.String"},{"name":"describeConstable","return":"java.util.Optional"},{"static":true,"name":"valueOf","parameters":[{"name":"b","type":"byte"}],"return":"java.lang.Byte"},{"static":true,"name":"parseByte","parameters":[{"name":"s","type":"java.lang.String"},{"name":"radix","type":"int"}],"return":"byte"},{"static":true,"name":"parseByte","parameters":[{"name":"s","type":"java.lang.String"}],"return":"byte"},{"static":true,"name":"valueOf","parameters":[{"name":"s","type":"java.lang.String"},{"name":"radix","type":"int"}],"return":"java.lang.Byte"},{"static":true,"name":"valueOf","parameters":[{"name":"s","type":"java.lang.String"}],"return":"java.lang.Byte"},{"static":true,"name":"decode","parameters":[{"name":"nm","type":"java.lang.String"}],"return":"java.lang.Byte"},{"name":"byteValue","return":"byte"},{"name":"shortValue","return":"short"},{"name":"intValue","return":"int"},{"name":"longValue","return":"long"},{"name":"floatValue","return":"float"},{"name":"doubleValue","return":"double"},{"name":"toString","return":"java.lang.String"},{"name":"hashCode","return":"int"},{"static":true,"name":"hashCode","parameters":[{"name":"value","type":"byte"}],"return":"int"},{"name":"equals","parameters":[{"name":"obj","type":"java.lang.Object"}],"return":"boolean"},{"name":"compareTo","parameters":[{"name":"anotherByte","type":"java.lang.Byte"}],"return":"int"},{"static":true,"name":"compare","parameters":[{"name":"x","type":"byte"},{"name":"y","type":"byte"}],"return":"int"},{"static":true,"name":"compareUnsigned","parameters":[{"name":"x","type":"byte"},{"name":"y","type":"byte"}],"return":"int"},{"static":true,"name":"toUnsignedInt","parameters":[{"name":"x","type":"byte"}],"return":"int"},{"static":true,"name":"toUnsignedLong","parameters":[{"name":"x","type":"byte"}],"return":"long"}],"name":"java.lang.Byte","simple-name":"Byte","fields":[{"static":true,"name":"MIN_VALUE","type":"byte"},{"static":true,"name":"MAX_VALUE","type":"byte"},{"static":true,"name":"TYPE","type":"java.lang.Class"},{"static":true,"name":"SIZE","type":"int"},{"static":true,"name":"BYTES","type":"int"}]}