{"package":"java.net.http","methods":[{"name":"getClass","return":"java.lang.Class"},{"name":"hashCode","return":"int"},{"name":"equals","parameters":[{"name":"obj","type":"java.lang.Object"}],"return":"boolean"},{"name":"toString","return":"java.lang.String"},{"name":"notify"},{"name":"notifyAll"},{"name":"wait"},{"name":"wait","parameters":[{"name":"timeoutMillis","type":"long"}]},{"name":"wait","parameters":[{"name":"timeoutMillis","type":"long"},{"name":"nanos","type":"int"}]},{"name":"sendText","parameters":[{"name":"data","type":"java.lang.CharSequence"},{"name":"last","type":"boolean"}],"return":"java.util.concurrent.CompletableFuture"},{"name":"sendBinary","parameters":[{"name":"data","type":"java.nio.ByteBuffer"},{"name":"last","type":"boolean"}],"return":"java.util.concurrent.CompletableFuture"},{"name":"sendPing","parameters":[{"name":"message","type":"java.nio.ByteBuffer"}],"return":"java.util.concurrent.CompletableFuture"},{"name":"sendPong","parameters":[{"name":"message","type":"java.nio.ByteBuffer"}],"return":"java.util.concurrent.CompletableFuture"},{"name":"sendClose","parameters":[{"name":"statusCode","type":"int"},{"name":"reason","type":"java.lang.String"}],"return":"java.util.concurrent.CompletableFuture"},{"name":"request","parameters":[{"name":"n","type":"long"}]},{"name":"getSubprotocol","return":"java.lang.String"},{"name":"isOutputClosed","return":"boolean"},{"name":"isInputClosed","return":"boolean"},{"name":"abort"}],"name":"java.net.http.WebSocket","simple-name":"WebSocket","fields":[{"static":true,"name":"NORMAL_CLOSURE","type":"int"}]}