{"constructors":[{"name":"<init>","parameters":[{"name":"name","type":"java.lang.String"},{"name":"type","type":"java.lang.Class"}]},{"name":"<init>","parameters":[{"name":"name","type":"java.lang.String"},{"name":"type","type":"java.lang.Class"},{"name":"unshared","type":"boolean"}]}],"package":"java.io","methods":[{"name":"getClass","return":"java.lang.Class"},{"name":"hashCode","return":"int"},{"name":"equals","parameters":[{"name":"obj","type":"java.lang.Object"}],"return":"boolean"},{"name":"notify"},{"name":"notifyAll"},{"name":"wait"},{"name":"wait","parameters":[{"name":"timeoutMillis","type":"long"}]},{"name":"wait","parameters":[{"name":"timeoutMillis","type":"long"},{"name":"nanos","type":"int"}]},{"name":"getName","return":"java.lang.String"},{"name":"getType","return":"java.lang.Class"},{"name":"getTypeCode","return":"char"},{"name":"getTypeString","return":"java.lang.String"},{"name":"getOffset","return":"int"},{"name":"isPrimitive","return":"boolean"},{"name":"isUnshared","return":"boolean"},{"name":"compareTo","parameters":[{"name":"obj","type":"java.lang.Object"}],"return":"int"},{"name":"toString","return":"java.lang.String"}],"name":"java.io.ObjectStreamField","simple-name":"ObjectStreamField"}