{"package":"java.lang.module","methods":[{"name":"getClass","return":"java.lang.Class"},{"name":"hashCode","return":"int"},{"name":"equals","parameters":[{"name":"obj","type":"java.lang.Object"}],"return":"boolean"},{"name":"notify"},{"name":"notifyAll"},{"name":"wait"},{"name":"wait","parameters":[{"name":"timeoutMillis","type":"long"}]},{"name":"wait","parameters":[{"name":"timeoutMillis","type":"long"},{"name":"nanos","type":"int"}]},{"name":"resolve","parameters":[{"name":"before","type":"java.lang.module.ModuleFinder"},{"name":"after","type":"java.lang.module.ModuleFinder"},{"name":"roots","type":"java.util.Collection"}],"return":"java.lang.module.Configuration"},{"name":"resolveAndBind","parameters":[{"name":"before","type":"java.lang.module.ModuleFinder"},{"name":"after","type":"java.lang.module.ModuleFinder"},{"name":"roots","type":"java.util.Collection"}],"return":"java.lang.module.Configuration"},{"static":true,"name":"resolve","parameters":[{"name":"before","type":"java.lang.module.ModuleFinder"},{"name":"parents","type":"java.util.List"},{"name":"after","type":"java.lang.module.ModuleFinder"},{"name":"roots","type":"java.util.Collection"}],"return":"java.lang.module.Configuration"},{"static":true,"name":"resolveAndBind","parameters":[{"name":"before","type":"java.lang.module.ModuleFinder"},{"name":"parents","type":"java.util.List"},{"name":"after","type":"java.lang.module.ModuleFinder"},{"name":"roots","type":"java.util.Collection"}],"return":"java.lang.module.Configuration"},{"static":true,"name":"empty","return":"java.lang.module.Configuration"},{"name":"parents","return":"java.util.List"},{"name":"modules","return":"java.util.Set"},{"name":"findModule","parameters":[{"name":"name","type":"java.lang.String"}],"return":"java.util.Optional"},{"name":"toString","return":"java.lang.String"}],"name":"java.lang.module.Configuration","simple-name":"Configuration"}