{"constructors":[{"name":"<init>"}],"package":"java.lang","methods":[{"name":"getClass","return":"java.lang.Class"},{"name":"hashCode","return":"int"},{"name":"equals","parameters":[{"name":"obj","type":"java.lang.Object"}],"return":"boolean"},{"name":"toString","return":"java.lang.String"},{"name":"notify"},{"name":"notifyAll"},{"name":"wait"},{"name":"wait","parameters":[{"name":"timeoutMillis","type":"long"}]},{"name":"wait","parameters":[{"name":"timeoutMillis","type":"long"},{"name":"nanos","type":"int"}]},{"static":true,"name":"withInitial","parameters":[{"name":"supplier","type":"java.util.function.Supplier"}],"return":"java.lang.ThreadLocal"},{"name":"get","return":"java.lang.Object"},{"name":"set","parameters":[{"name":"value","type":"java.lang.Object"}]},{"name":"remove"}],"name":"java.lang.InheritableThreadLocal","simple-name":"InheritableThreadLocal"}