{"package":"java.net.http","methods":[{"name":"getClass","return":"java.lang.Class"},{"name":"hashCode","return":"int"},{"name":"equals","parameters":[{"name":"obj","type":"java.lang.Object"}],"return":"boolean"},{"name":"toString","return":"java.lang.String"},{"name":"notify"},{"name":"notifyAll"},{"name":"wait"},{"name":"wait","parameters":[{"name":"timeoutMillis","type":"long"}]},{"name":"wait","parameters":[{"name":"timeoutMillis","type":"long"},{"name":"nanos","type":"int"}]},{"name":"statusCode","return":"int"},{"name":"headers","return":"java.net.http.HttpHeaders"},{"name":"version","return":"java.net.http.HttpClient.Version"}],"name":"java.net.http.HttpResponse.ResponseInfo","simple-name":"ResponseInfo"}