{"package":"java.nio.charset.spi","methods":[{"name":"getClass","return":"java.lang.Class"},{"name":"hashCode","return":"int"},{"name":"equals","parameters":[{"name":"obj","type":"java.lang.Object"}],"return":"boolean"},{"name":"toString","return":"java.lang.String"},{"name":"notify"},{"name":"notifyAll"},{"name":"wait"},{"name":"wait","parameters":[{"name":"timeoutMillis","type":"long"}]},{"name":"wait","parameters":[{"name":"timeoutMillis","type":"long"},{"name":"nanos","type":"int"}]},{"name":"charsets","return":"java.util.Iterator"},{"name":"charsetForName","parameters":[{"name":"charsetName","type":"java.lang.String"}],"return":"java.nio.charset.Charset"}],"name":"java.nio.charset.spi.CharsetProvider","simple-name":"CharsetProvider"}