{"package":"java.nio.channels","methods":[{"name":"getClass","return":"java.lang.Class"},{"name":"hashCode","return":"int"},{"name":"equals","parameters":[{"name":"obj","type":"java.lang.Object"}],"return":"boolean"},{"name":"toString","return":"java.lang.String"},{"name":"notify"},{"name":"notifyAll"},{"name":"wait"},{"name":"wait","parameters":[{"name":"timeoutMillis","type":"long"}]},{"name":"wait","parameters":[{"name":"timeoutMillis","type":"long"},{"name":"nanos","type":"int"}]},{"name":"isOpen","return":"boolean"},{"name":"close"},{"name":"read","parameters":[{"name":"dst","type":"java.nio.ByteBuffer"}],"return":"int"},{"name":"read","parameters":[{"name":"dsts","type":"java.nio.ByteBuffer[]"},{"name":"offset","type":"int"},{"name":"length","type":"int"}],"return":"long"},{"name":"read","parameters":[{"name":"dsts","type":"java.nio.ByteBuffer[]"}],"return":"long"}],"name":"java.nio.channels.ScatteringByteChannel","simple-name":"ScatteringByteChannel"}