{"package":"java.net.http","methods":[{"name":"getClass","return":"java.lang.Class"},{"name":"hashCode","return":"int"},{"name":"equals","parameters":[{"name":"obj","type":"java.lang.Object"}],"return":"boolean"},{"name":"toString","return":"java.lang.String"},{"name":"notify"},{"name":"notifyAll"},{"name":"wait"},{"name":"wait","parameters":[{"name":"timeoutMillis","type":"long"}]},{"name":"wait","parameters":[{"name":"timeoutMillis","type":"long"},{"name":"nanos","type":"int"}]},{"name":"cookieHandler","parameters":[{"name":"cookieHandler","type":"java.net.CookieHandler"}],"return":"java.net.http.HttpClient.Builder"},{"name":"connectTimeout","parameters":[{"name":"duration","type":"java.time.Duration"}],"return":"java.net.http.HttpClient.Builder"},{"name":"sslContext","parameters":[{"name":"sslContext","type":"javax.net.ssl.SSLContext"}],"return":"java.net.http.HttpClient.Builder"},{"name":"sslParameters","parameters":[{"name":"sslParameters","type":"javax.net.ssl.SSLParameters"}],"return":"java.net.http.HttpClient.Builder"},{"name":"executor","parameters":[{"name":"executor","type":"java.util.concurrent.Executor"}],"return":"java.net.http.HttpClient.Builder"},{"name":"followRedirects","parameters":[{"name":"policy","type":"java.net.http.HttpClient.Redirect"}],"return":"java.net.http.HttpClient.Builder"},{"name":"version","parameters":[{"name":"version","type":"java.net.http.HttpClient.Version"}],"return":"java.net.http.HttpClient.Builder"},{"name":"priority","parameters":[{"name":"priority","type":"int"}],"return":"java.net.http.HttpClient.Builder"},{"name":"proxy","parameters":[{"name":"proxySelector","type":"java.net.ProxySelector"}],"return":"java.net.http.HttpClient.Builder"},{"name":"authenticator","parameters":[{"name":"authenticator","type":"java.net.Authenticator"}],"return":"java.net.http.HttpClient.Builder"},{"name":"build","return":"java.net.http.HttpClient"}],"name":"java.net.http.HttpClient.Builder","simple-name":"Builder","fields":[{"static":true,"name":"NO_PROXY","type":"java.net.ProxySelector"}]}