{"constructors":[{"name":"<init>","parameters":[{"name":"protocol","type":"java.lang.String"},{"name":"host","type":"java.lang.String"},{"name":"port","type":"int"},{"name":"file","type":"java.lang.String"}]},{"name":"<init>","parameters":[{"name":"protocol","type":"java.lang.String"},{"name":"host","type":"java.lang.String"},{"name":"file","type":"java.lang.String"}]},{"name":"<init>","parameters":[{"name":"protocol","type":"java.lang.String"},{"name":"host","type":"java.lang.String"},{"name":"port","type":"int"},{"name":"file","type":"java.lang.String"},{"name":"handler","type":"java.net.URLStreamHandler"}]},{"name":"<init>","parameters":[{"name":"spec","type":"java.lang.String"}]},{"name":"<init>","parameters":[{"name":"context","type":"java.net.URL"},{"name":"spec","type":"java.lang.String"}]},{"name":"<init>","parameters":[{"name":"context","type":"java.net.URL"},{"name":"spec","type":"java.lang.String"},{"name":"handler","type":"java.net.URLStreamHandler"}]}],"package":"java.net","methods":[{"name":"getClass","return":"java.lang.Class"},{"name":"notify"},{"name":"notifyAll"},{"name":"wait"},{"name":"wait","parameters":[{"name":"timeoutMillis","type":"long"}]},{"name":"wait","parameters":[{"name":"timeoutMillis","type":"long"},{"name":"nanos","type":"int"}]},{"name":"getQuery","return":"java.lang.String"},{"name":"getPath","return":"java.lang.String"},{"name":"getUserInfo","return":"java.lang.String"},{"name":"getAuthority","return":"java.lang.String"},{"name":"getPort","return":"int"},{"name":"getDefaultPort","return":"int"},{"name":"getProtocol","return":"java.lang.String"},{"name":"getHost","return":"java.lang.String"},{"name":"getFile","return":"java.lang.String"},{"name":"getRef","return":"java.lang.String"},{"name":"equals","parameters":[{"name":"obj","type":"java.lang.Object"}],"return":"boolean"},{"name":"hashCode","return":"int"},{"name":"sameFile","parameters":[{"name":"other","type":"java.net.URL"}],"return":"boolean"},{"name":"toString","return":"java.lang.String"},{"name":"toExternalForm","return":"java.lang.String"},{"name":"toURI","return":"java.net.URI"},{"name":"openConnection","return":"java.net.URLConnection"},{"name":"openConnection","parameters":[{"name":"proxy","type":"java.net.Proxy"}],"return":"java.net.URLConnection"},{"name":"openStream","return":"java.io.InputStream"},{"name":"getContent","return":"java.lang.Object"},{"name":"getContent","parameters":[{"name":"classes","type":"java.lang.Class[]"}],"return":"java.lang.Object"},{"static":true,"name":"setURLStreamHandlerFactory","parameters":[{"name":"fac","type":"java.net.URLStreamHandlerFactory"}]}],"name":"java.net.URL","simple-name":"URL"}