{"package":"java.nio.channels","methods":[{"name":"getClass","return":"java.lang.Class"},{"name":"hashCode","return":"int"},{"name":"equals","parameters":[{"name":"obj","type":"java.lang.Object"}],"return":"boolean"},{"name":"toString","return":"java.lang.String"},{"name":"notify"},{"name":"notifyAll"},{"name":"wait"},{"name":"wait","parameters":[{"name":"timeoutMillis","type":"long"}]},{"name":"wait","parameters":[{"name":"timeoutMillis","type":"long"},{"name":"nanos","type":"int"}]},{"name":"close"},{"name":"isOpen","return":"boolean"},{"static":true,"name":"open","parameters":[{"name":"path","type":"java.nio.file.Path"},{"name":"options","type":"java.util.Set"},{"name":"attrs","type":"java.nio.file.attribute.FileAttribute[]"}],"return":"java.nio.channels.FileChannel"},{"static":true,"name":"open","parameters":[{"name":"path","type":"java.nio.file.Path"},{"name":"options","type":"java.nio.file.OpenOption[]"}],"return":"java.nio.channels.FileChannel"},{"name":"read","parameters":[{"name":"dst","type":"java.nio.ByteBuffer"}],"return":"int"},{"name":"read","parameters":[{"name":"dsts","type":"java.nio.ByteBuffer[]"},{"name":"offset","type":"int"},{"name":"length","type":"int"}],"return":"long"},{"name":"read","parameters":[{"name":"dsts","type":"java.nio.ByteBuffer[]"}],"return":"long"},{"name":"write","parameters":[{"name":"src","type":"java.nio.ByteBuffer"}],"return":"int"},{"name":"write","parameters":[{"name":"srcs","type":"java.nio.ByteBuffer[]"},{"name":"offset","type":"int"},{"name":"length","type":"int"}],"return":"long"},{"name":"write","parameters":[{"name":"srcs","type":"java.nio.ByteBuffer[]"}],"return":"long"},{"name":"position","return":"long"},{"name":"position","parameters":[{"name":"newPosition","type":"long"}],"return":"java.nio.channels.FileChannel"},{"name":"size","return":"long"},{"name":"truncate","parameters":[{"name":"size","type":"long"}],"return":"java.nio.channels.FileChannel"},{"name":"force","parameters":[{"name":"metaData","type":"boolean"}]},{"name":"transferTo","parameters":[{"name":"position","type":"long"},{"name":"count","type":"long"},{"name":"target","type":"java.nio.channels.WritableByteChannel"}],"return":"long"},{"name":"transferFrom","parameters":[{"name":"src","type":"java.nio.channels.ReadableByteChannel"},{"name":"position","type":"long"},{"name":"count","type":"long"}],"return":"long"},{"name":"read","parameters":[{"name":"dst","type":"java.nio.ByteBuffer"},{"name":"position","type":"long"}],"return":"int"},{"name":"write","parameters":[{"name":"src","type":"java.nio.ByteBuffer"},{"name":"position","type":"long"}],"return":"int"},{"name":"map","parameters":[{"name":"mode","type":"java.nio.channels.FileChannel.MapMode"},{"name":"position","type":"long"},{"name":"size","type":"long"}],"return":"java.nio.MappedByteBuffer"},{"name":"lock","parameters":[{"name":"position","type":"long"},{"name":"size","type":"long"},{"name":"shared","type":"boolean"}],"return":"java.nio.channels.FileLock"},{"name":"lock","return":"java.nio.channels.FileLock"},{"name":"tryLock","parameters":[{"name":"position","type":"long"},{"name":"size","type":"long"},{"name":"shared","type":"boolean"}],"return":"java.nio.channels.FileLock"},{"name":"tryLock","return":"java.nio.channels.FileLock"}],"name":"java.nio.channels.FileChannel","simple-name":"FileChannel"}