{"package":"java.lang.constant","methods":[{"name":"getClass","return":"java.lang.Class"},{"name":"hashCode","return":"int"},{"name":"toString","return":"java.lang.String"},{"name":"notify"},{"name":"notifyAll"},{"name":"wait"},{"name":"wait","parameters":[{"name":"timeoutMillis","type":"long"}]},{"name":"wait","parameters":[{"name":"timeoutMillis","type":"long"},{"name":"nanos","type":"int"}]},{"name":"resolveConstantDesc","parameters":[{"name":"lookup","type":"java.lang.invoke.MethodHandles.Lookup"}],"return":"java.lang.Object"},{"static":true,"name":"of","parameters":[{"name":"name","type":"java.lang.String"}],"return":"java.lang.constant.ClassDesc"},{"static":true,"name":"of","parameters":[{"name":"packageName","type":"java.lang.String"},{"name":"className","type":"java.lang.String"}],"return":"java.lang.constant.ClassDesc"},{"static":true,"name":"ofDescriptor","parameters":[{"name":"descriptor","type":"java.lang.String"}],"return":"java.lang.constant.ClassDesc"},{"name":"arrayType","return":"java.lang.constant.ClassDesc"},{"name":"arrayType","parameters":[{"name":"rank","type":"int"}],"return":"java.lang.constant.ClassDesc"},{"name":"nested","parameters":[{"name":"nestedName","type":"java.lang.String"}],"return":"java.lang.constant.ClassDesc"},{"name":"nested","parameters":[{"name":"firstNestedName","type":"java.lang.String"},{"name":"moreNestedNames","type":"java.lang.String[]"}],"return":"java.lang.constant.ClassDesc"},{"name":"isArray","return":"boolean"},{"name":"isPrimitive","return":"boolean"},{"name":"isClassOrInterface","return":"boolean"},{"name":"componentType","return":"java.lang.constant.ClassDesc"},{"name":"packageName","return":"java.lang.String"},{"name":"displayName","return":"java.lang.String"},{"name":"descriptorString","return":"java.lang.String"},{"name":"equals","parameters":[{"name":"o","type":"java.lang.Object"}],"return":"boolean"}],"name":"java.lang.constant.ClassDesc","simple-name":"ClassDesc"}