{"constructors":[{"name":"<init>","parameters":[{"name":"fileName","type":"java.lang.String"}]},{"name":"<init>","parameters":[{"name":"file","type":"java.io.File"}]},{"name":"<init>","parameters":[{"name":"fd","type":"java.io.FileDescriptor"}]},{"name":"<init>","parameters":[{"name":"fileName","type":"java.lang.String"},{"name":"charset","type":"java.nio.charset.Charset"}]},{"name":"<init>","parameters":[{"name":"file","type":"java.io.File"},{"name":"charset","type":"java.nio.charset.Charset"}]}],"package":"java.io","methods":[{"name":"getClass","return":"java.lang.Class"},{"name":"hashCode","return":"int"},{"name":"equals","parameters":[{"name":"obj","type":"java.lang.Object"}],"return":"boolean"},{"name":"toString","return":"java.lang.String"},{"name":"notify"},{"name":"notifyAll"},{"name":"wait"},{"name":"wait","parameters":[{"name":"timeoutMillis","type":"long"}]},{"name":"wait","parameters":[{"name":"timeoutMillis","type":"long"},{"name":"nanos","type":"int"}]},{"static":true,"name":"nullReader","return":"java.io.Reader"},{"name":"read","parameters":[{"name":"cbuf","type":"char[]"}],"return":"int"},{"name":"skip","parameters":[{"name":"n","type":"long"}],"return":"long"},{"name":"markSupported","return":"boolean"},{"name":"mark","parameters":[{"name":"readAheadLimit","type":"int"}]},{"name":"reset"},{"name":"transferTo","parameters":[{"name":"out","type":"java.io.Writer"}],"return":"long"},{"name":"getEncoding","return":"java.lang.String"},{"name":"read","parameters":[{"name":"target","type":"java.nio.CharBuffer"}],"return":"int"},{"name":"read","return":"int"},{"name":"read","parameters":[{"name":"cbuf","type":"char[]"},{"name":"off","type":"int"},{"name":"len","type":"int"}],"return":"int"},{"name":"ready","return":"boolean"},{"name":"close"}],"name":"java.io.FileReader","simple-name":"FileReader"}