{"package":"java.lang.invoke","methods":[{"name":"getClass","return":"java.lang.Class"},{"name":"hashCode","return":"int"},{"name":"equals","parameters":[{"name":"obj","type":"java.lang.Object"}],"return":"boolean"},{"name":"toString","return":"java.lang.String"},{"name":"notify"},{"name":"notifyAll"},{"name":"wait"},{"name":"wait","parameters":[{"name":"timeoutMillis","type":"long"}]},{"name":"wait","parameters":[{"name":"timeoutMillis","type":"long"},{"name":"nanos","type":"int"}]},{"static":true,"name":"makeConcat","parameters":[{"name":"lookup","type":"java.lang.invoke.MethodHandles.Lookup"},{"name":"name","type":"java.lang.String"},{"name":"concatType","type":"java.lang.invoke.MethodType"}],"return":"java.lang.invoke.CallSite"},{"static":true,"name":"makeConcatWithConstants","parameters":[{"name":"lookup","type":"java.lang.invoke.MethodHandles.Lookup"},{"name":"name","type":"java.lang.String"},{"name":"concatType","type":"java.lang.invoke.MethodType"},{"name":"recipe","type":"java.lang.String"},{"name":"constants","type":"java.lang.Object[]"}],"return":"java.lang.invoke.CallSite"}],"name":"java.lang.invoke.StringConcatFactory","simple-name":"StringConcatFactory"}