{"package":"java.io","methods":[{"name":"getClass","return":"java.lang.Class"},{"name":"hashCode","return":"int"},{"name":"equals","parameters":[{"name":"obj","type":"java.lang.Object"}],"return":"boolean"},{"name":"toString","return":"java.lang.String"},{"name":"notify"},{"name":"notifyAll"},{"name":"wait"},{"name":"wait","parameters":[{"name":"timeoutMillis","type":"long"}]},{"name":"wait","parameters":[{"name":"timeoutMillis","type":"long"},{"name":"nanos","type":"int"}]},{"name":"readFully","parameters":[{"name":"b","type":"byte[]"}]},{"name":"readFully","parameters":[{"name":"b","type":"byte[]"},{"name":"off","type":"int"},{"name":"len","type":"int"}]},{"name":"skipBytes","parameters":[{"name":"n","type":"int"}],"return":"int"},{"name":"readBoolean","return":"boolean"},{"name":"readByte","return":"byte"},{"name":"readUnsignedByte","return":"int"},{"name":"readShort","return":"short"},{"name":"readUnsignedShort","return":"int"},{"name":"readChar","return":"char"},{"name":"readInt","return":"int"},{"name":"readLong","return":"long"},{"name":"readFloat","return":"float"},{"name":"readDouble","return":"double"},{"name":"readLine","return":"java.lang.String"},{"name":"readUTF","return":"java.lang.String"}],"name":"java.io.DataInput","simple-name":"DataInput"}