{"package":"java.lang","methods":[{"name":"getClass","return":"java.lang.Class"},{"name":"notify"},{"name":"notifyAll"},{"name":"wait"},{"name":"wait","parameters":[{"name":"timeoutMillis","type":"long"}]},{"name":"wait","parameters":[{"name":"timeoutMillis","type":"long"},{"name":"nanos","type":"int"}]},{"static":true,"name":"parse","parameters":[{"name":"s","type":"java.lang.String"}],"return":"java.lang.Runtime.Version"},{"name":"feature","return":"int"},{"name":"interim","return":"int"},{"name":"update","return":"int"},{"name":"patch","return":"int"},{"name":"major","return":"int"},{"name":"minor","return":"int"},{"name":"security","return":"int"},{"name":"version","return":"java.util.List"},{"name":"pre","return":"java.util.Optional"},{"name":"build","return":"java.util.Optional"},{"name":"optional","return":"java.util.Optional"},{"name":"compareTo","parameters":[{"name":"obj","type":"java.lang.Runtime.Version"}],"return":"int"},{"name":"compareToIgnoreOptional","parameters":[{"name":"obj","type":"java.lang.Runtime.Version"}],"return":"int"},{"name":"toString","return":"java.lang.String"},{"name":"equals","parameters":[{"name":"obj","type":"java.lang.Object"}],"return":"boolean"},{"name":"equalsIgnoreOptional","parameters":[{"name":"obj","type":"java.lang.Object"}],"return":"boolean"},{"name":"hashCode","return":"int"}],"name":"java.lang.Runtime.Version","simple-name":"Version"}