{"package":"java.lang.constant","methods":[{"name":"getClass","return":"java.lang.Class"},{"name":"hashCode","return":"int"},{"name":"toString","return":"java.lang.String"},{"name":"notify"},{"name":"notifyAll"},{"name":"wait"},{"name":"wait","parameters":[{"name":"timeoutMillis","type":"long"}]},{"name":"wait","parameters":[{"name":"timeoutMillis","type":"long"},{"name":"nanos","type":"int"}]},{"name":"resolveConstantDesc","parameters":[{"name":"lookup","type":"java.lang.invoke.MethodHandles.Lookup"}],"return":"java.lang.Object"},{"name":"asType","parameters":[{"name":"type","type":"java.lang.constant.MethodTypeDesc"}],"return":"java.lang.constant.MethodHandleDesc"},{"name":"invocationType","return":"java.lang.constant.MethodTypeDesc"},{"name":"equals","parameters":[{"name":"o","type":"java.lang.Object"}],"return":"boolean"},{"name":"kind","return":"java.lang.constant.DirectMethodHandleDesc.Kind"},{"name":"refKind","return":"int"},{"name":"isOwnerInterface","return":"boolean"},{"name":"owner","return":"java.lang.constant.ClassDesc"},{"name":"methodName","return":"java.lang.String"},{"name":"lookupDescriptor","return":"java.lang.String"}],"name":"java.lang.constant.DirectMethodHandleDesc","simple-name":"DirectMethodHandleDesc"}