{"package":"java.lang.invoke","methods":[{"name":"getClass","return":"java.lang.Class"},{"name":"hashCode","return":"int"},{"name":"equals","parameters":[{"name":"obj","type":"java.lang.Object"}],"return":"boolean"},{"name":"toString","return":"java.lang.String"},{"name":"notify"},{"name":"notifyAll"},{"name":"wait"},{"name":"wait","parameters":[{"name":"timeoutMillis","type":"long"}]},{"name":"wait","parameters":[{"name":"timeoutMillis","type":"long"},{"name":"nanos","type":"int"}]},{"static":true,"name":"lookup","return":"java.lang.invoke.MethodHandles.Lookup"},{"static":true,"name":"publicLookup","return":"java.lang.invoke.MethodHandles.Lookup"},{"static":true,"name":"privateLookupIn","parameters":[{"name":"targetClass","type":"java.lang.Class"},{"name":"caller","type":"java.lang.invoke.MethodHandles.Lookup"}],"return":"java.lang.invoke.MethodHandles.Lookup"},{"static":true,"name":"classData","parameters":[{"name":"caller","type":"java.lang.invoke.MethodHandles.Lookup"},{"name":"name","type":"java.lang.String"},{"name":"type","type":"java.lang.Class"}],"return":"java.lang.Object"},{"static":true,"name":"classDataAt","parameters":[{"name":"caller","type":"java.lang.invoke.MethodHandles.Lookup"},{"name":"name","type":"java.lang.String"},{"name":"type","type":"java.lang.Class"},{"name":"index","type":"int"}],"return":"java.lang.Object"},{"static":true,"name":"reflectAs","parameters":[{"name":"expected","type":"java.lang.Class"},{"name":"target","type":"java.lang.invoke.MethodHandle"}],"return":"java.lang.reflect.Member"},{"static":true,"name":"arrayConstructor","parameters":[{"name":"arrayClass","type":"java.lang.Class"}],"return":"java.lang.invoke.MethodHandle"},{"static":true,"name":"arrayLength","parameters":[{"name":"arrayClass","type":"java.lang.Class"}],"return":"java.lang.invoke.MethodHandle"},{"static":true,"name":"arrayElementGetter","parameters":[{"name":"arrayClass","type":"java.lang.Class"}],"return":"java.lang.invoke.MethodHandle"},{"static":true,"name":"arrayElementSetter","parameters":[{"name":"arrayClass","type":"java.lang.Class"}],"return":"java.lang.invoke.MethodHandle"},{"static":true,"name":"arrayElementVarHandle","parameters":[{"name":"arrayClass","type":"java.lang.Class"}],"return":"java.lang.invoke.VarHandle"},{"static":true,"name":"byteArrayViewVarHandle","parameters":[{"name":"viewArrayClass","type":"java.lang.Class"},{"name":"byteOrder","type":"java.nio.ByteOrder"}],"return":"java.lang.invoke.VarHandle"},{"static":true,"name":"byteBufferViewVarHandle","parameters":[{"name":"viewArrayClass","type":"java.lang.Class"},{"name":"byteOrder","type":"java.nio.ByteOrder"}],"return":"java.lang.invoke.VarHandle"},{"static":true,"name":"spreadInvoker","parameters":[{"name":"type","type":"java.lang.invoke.MethodType"},{"name":"leadingArgCount","type":"int"}],"return":"java.lang.invoke.MethodHandle"},{"static":true,"name":"exactInvoker","parameters":[{"name":"type","type":"java.lang.invoke.MethodType"}],"return":"java.lang.invoke.MethodHandle"},{"static":true,"name":"invoker","parameters":[{"name":"type","type":"java.lang.invoke.MethodType"}],"return":"java.lang.invoke.MethodHandle"},{"static":true,"name":"varHandleExactInvoker","parameters":[{"name":"accessMode","type":"java.lang.invoke.VarHandle.AccessMode"},{"name":"type","type":"java.lang.invoke.MethodType"}],"return":"java.lang.invoke.MethodHandle"},{"static":true,"name":"varHandleInvoker","parameters":[{"name":"accessMode","type":"java.lang.invoke.VarHandle.AccessMode"},{"name":"type","type":"java.lang.invoke.MethodType"}],"return":"java.lang.invoke.MethodHandle"},{"static":true,"name":"explicitCastArguments","parameters":[{"name":"target","type":"java.lang.invoke.MethodHandle"},{"name":"newType","type":"java.lang.invoke.MethodType"}],"return":"java.lang.invoke.MethodHandle"},{"static":true,"name":"permuteArguments","parameters":[{"name":"target","type":"java.lang.invoke.MethodHandle"},{"name":"newType","type":"java.lang.invoke.MethodType"},{"name":"reorder","type":"int[]"}],"return":"java.lang.invoke.MethodHandle"},{"static":true,"name":"constant","parameters":[{"name":"type","type":"java.lang.Class"},{"name":"value","type":"java.lang.Object"}],"return":"java.lang.invoke.MethodHandle"},{"static":true,"name":"identity","parameters":[{"name":"type","type":"java.lang.Class"}],"return":"java.lang.invoke.MethodHandle"},{"static":true,"name":"zero","parameters":[{"name":"type","type":"java.lang.Class"}],"return":"java.lang.invoke.MethodHandle"},{"static":true,"name":"empty","parameters":[{"name":"type","type":"java.lang.invoke.MethodType"}],"return":"java.lang.invoke.MethodHandle"},{"static":true,"name":"insertArguments","parameters":[{"name":"target","type":"java.lang.invoke.MethodHandle"},{"name":"pos","type":"int"},{"name":"values","type":"java.lang.Object[]"}],"return":"java.lang.invoke.MethodHandle"},{"static":true,"name":"dropArguments","parameters":[{"name":"target","type":"java.lang.invoke.MethodHandle"},{"name":"pos","type":"int"},{"name":"valueTypes","type":"java.util.List"}],"return":"java.lang.invoke.MethodHandle"},{"static":true,"name":"dropArguments","parameters":[{"name":"target","type":"java.lang.invoke.MethodHandle"},{"name":"pos","type":"int"},{"name":"valueTypes","type":"java.lang.Class[]"}],"return":"java.lang.invoke.MethodHandle"},{"static":true,"name":"dropArgumentsToMatch","parameters":[{"name":"target","type":"java.lang.invoke.MethodHandle"},{"name":"skip","type":"int"},{"name":"newTypes","type":"java.util.List"},{"name":"pos","type":"int"}],"return":"java.lang.invoke.MethodHandle"},{"static":true,"name":"dropReturn","parameters":[{"name":"target","type":"java.lang.invoke.MethodHandle"}],"return":"java.lang.invoke.MethodHandle"},{"static":true,"name":"filterArguments","parameters":[{"name":"target","type":"java.lang.invoke.MethodHandle"},{"name":"pos","type":"int"},{"name":"filters","type":"java.lang.invoke.MethodHandle[]"}],"return":"java.lang.invoke.MethodHandle"},{"static":true,"name":"collectArguments","parameters":[{"name":"target","type":"java.lang.invoke.MethodHandle"},{"name":"pos","type":"int"},{"name":"filter","type":"java.lang.invoke.MethodHandle"}],"return":"java.lang.invoke.MethodHandle"},{"static":true,"name":"filterReturnValue","parameters":[{"name":"target","type":"java.lang.invoke.MethodHandle"},{"name":"filter","type":"java.lang.invoke.MethodHandle"}],"return":"java.lang.invoke.MethodHandle"},{"static":true,"name":"foldArguments","parameters":[{"name":"target","type":"java.lang.invoke.MethodHandle"},{"name":"combiner","type":"java.lang.invoke.MethodHandle"}],"return":"java.lang.invoke.MethodHandle"},{"static":true,"name":"foldArguments","parameters":[{"name":"target","type":"java.lang.invoke.MethodHandle"},{"name":"pos","type":"int"},{"name":"combiner","type":"java.lang.invoke.MethodHandle"}],"return":"java.lang.invoke.MethodHandle"},{"static":true,"name":"guardWithTest","parameters":[{"name":"test","type":"java.lang.invoke.MethodHandle"},{"name":"target","type":"java.lang.invoke.MethodHandle"},{"name":"fallback","type":"java.lang.invoke.MethodHandle"}],"return":"java.lang.invoke.MethodHandle"},{"static":true,"name":"catchException","parameters":[{"name":"target","type":"java.lang.invoke.MethodHandle"},{"name":"exType","type":"java.lang.Class"},{"name":"handler","type":"java.lang.invoke.MethodHandle"}],"return":"java.lang.invoke.MethodHandle"},{"static":true,"name":"throwException","parameters":[{"name":"returnType","type":"java.lang.Class"},{"name":"exType","type":"java.lang.Class"}],"return":"java.lang.invoke.MethodHandle"},{"static":true,"name":"loop","parameters":[{"name":"clauses","type":"java.lang.invoke.MethodHandle[][]"}],"return":"java.lang.invoke.MethodHandle"},{"static":true,"name":"whileLoop","parameters":[{"name":"init","type":"java.lang.invoke.MethodHandle"},{"name":"pred","type":"java.lang.invoke.MethodHandle"},{"name":"body","type":"java.lang.invoke.MethodHandle"}],"return":"java.lang.invoke.MethodHandle"},{"static":true,"name":"doWhileLoop","parameters":[{"name":"init","type":"java.lang.invoke.MethodHandle"},{"name":"body","type":"java.lang.invoke.MethodHandle"},{"name":"pred","type":"java.lang.invoke.MethodHandle"}],"return":"java.lang.invoke.MethodHandle"},{"static":true,"name":"countedLoop","parameters":[{"name":"iterations","type":"java.lang.invoke.MethodHandle"},{"name":"init","type":"java.lang.invoke.MethodHandle"},{"name":"body","type":"java.lang.invoke.MethodHandle"}],"return":"java.lang.invoke.MethodHandle"},{"static":true,"name":"countedLoop","parameters":[{"name":"start","type":"java.lang.invoke.MethodHandle"},{"name":"end","type":"java.lang.invoke.MethodHandle"},{"name":"init","type":"java.lang.invoke.MethodHandle"},{"name":"body","type":"java.lang.invoke.MethodHandle"}],"return":"java.lang.invoke.MethodHandle"},{"static":true,"name":"iteratedLoop","parameters":[{"name":"iterator","type":"java.lang.invoke.MethodHandle"},{"name":"init","type":"java.lang.invoke.MethodHandle"},{"name":"body","type":"java.lang.invoke.MethodHandle"}],"return":"java.lang.invoke.MethodHandle"},{"static":true,"name":"tryFinally","parameters":[{"name":"target","type":"java.lang.invoke.MethodHandle"},{"name":"cleanup","type":"java.lang.invoke.MethodHandle"}],"return":"java.lang.invoke.MethodHandle"},{"static":true,"name":"tableSwitch","parameters":[{"name":"fallback","type":"java.lang.invoke.MethodHandle"},{"name":"targets","type":"java.lang.invoke.MethodHandle[]"}],"return":"java.lang.invoke.MethodHandle"}],"name":"java.lang.invoke.MethodHandles","simple-name":"MethodHandles"}