{"package":"java.lang","methods":[{"name":"getClass","return":"java.lang.Class"},{"name":"hashCode","return":"int"},{"name":"equals","parameters":[{"name":"obj","type":"java.lang.Object"}],"return":"boolean"},{"name":"toString","return":"java.lang.String"},{"name":"notify"},{"name":"notifyAll"},{"name":"wait"},{"name":"wait","parameters":[{"name":"timeoutMillis","type":"long"}]},{"name":"wait","parameters":[{"name":"timeoutMillis","type":"long"},{"name":"nanos","type":"int"}]},{"name":"uncaughtException","parameters":[{"name":"t","type":"java.lang.Thread"},{"name":"e","type":"java.lang.Throwable"}]}],"name":"java.lang.Thread.UncaughtExceptionHandler","simple-name":"UncaughtExceptionHandler"}