{"package":"java.nio.channels","methods":[{"name":"getClass","return":"java.lang.Class"},{"name":"hashCode","return":"int"},{"name":"equals","parameters":[{"name":"obj","type":"java.lang.Object"}],"return":"boolean"},{"name":"toString","return":"java.lang.String"},{"name":"notify"},{"name":"notifyAll"},{"name":"wait"},{"name":"wait","parameters":[{"name":"timeoutMillis","type":"long"}]},{"name":"wait","parameters":[{"name":"timeoutMillis","type":"long"},{"name":"nanos","type":"int"}]},{"name":"isOpen","return":"boolean"},{"name":"close"},{"name":"read","parameters":[{"name":"dst","type":"java.nio.ByteBuffer"}],"return":"int"},{"name":"write","parameters":[{"name":"src","type":"java.nio.ByteBuffer"}],"return":"int"},{"name":"position","return":"long"},{"name":"position","parameters":[{"name":"newPosition","type":"long"}],"return":"java.nio.channels.SeekableByteChannel"},{"name":"size","return":"long"},{"name":"truncate","parameters":[{"name":"size","type":"long"}],"return":"java.nio.channels.SeekableByteChannel"}],"name":"java.nio.channels.SeekableByteChannel","simple-name":"SeekableByteChannel"}