{"package":"java.lang","methods":[{"name":"getClass","return":"java.lang.Class"},{"name":"hashCode","return":"int"},{"name":"equals","parameters":[{"name":"obj","type":"java.lang.Object"}],"return":"boolean"},{"name":"toString","return":"java.lang.String"},{"name":"notify"},{"name":"notifyAll"},{"name":"wait"},{"name":"wait","parameters":[{"name":"timeoutMillis","type":"long"}]},{"name":"wait","parameters":[{"name":"timeoutMillis","type":"long"},{"name":"nanos","type":"int"}]},{"name":"iterator","return":"java.util.Iterator"},{"name":"forEach","parameters":[{"name":"action","type":"java.util.function.Consumer"}]},{"name":"spliterator","return":"java.util.Spliterator"}],"name":"java.lang.Iterable","simple-name":"Iterable"}