{"constructors":[{"name":"<init>","parameters":[{"name":"buf","type":"byte[]"},{"name":"offset","type":"int"},{"name":"length","type":"int"}]},{"name":"<init>","parameters":[{"name":"buf","type":"byte[]"},{"name":"length","type":"int"}]},{"name":"<init>","parameters":[{"name":"buf","type":"byte[]"},{"name":"offset","type":"int"},{"name":"length","type":"int"},{"name":"address","type":"java.net.InetAddress"},{"name":"port","type":"int"}]},{"name":"<init>","parameters":[{"name":"buf","type":"byte[]"},{"name":"offset","type":"int"},{"name":"length","type":"int"},{"name":"address","type":"java.net.SocketAddress"}]},{"name":"<init>","parameters":[{"name":"buf","type":"byte[]"},{"name":"length","type":"int"},{"name":"address","type":"java.net.InetAddress"},{"name":"port","type":"int"}]},{"name":"<init>","parameters":[{"name":"buf","type":"byte[]"},{"name":"length","type":"int"},{"name":"address","type":"java.net.SocketAddress"}]}],"package":"java.net","methods":[{"name":"getClass","return":"java.lang.Class"},{"name":"hashCode","return":"int"},{"name":"equals","parameters":[{"name":"obj","type":"java.lang.Object"}],"return":"boolean"},{"name":"toString","return":"java.lang.String"},{"name":"notify"},{"name":"notifyAll"},{"name":"wait"},{"name":"wait","parameters":[{"name":"timeoutMillis","type":"long"}]},{"name":"wait","parameters":[{"name":"timeoutMillis","type":"long"},{"name":"nanos","type":"int"}]},{"name":"getAddress","return":"java.net.InetAddress"},{"name":"getPort","return":"int"},{"name":"getData","return":"byte[]"},{"name":"getOffset","return":"int"},{"name":"getLength","return":"int"},{"name":"setData","parameters":[{"name":"buf","type":"byte[]"},{"name":"offset","type":"int"},{"name":"length","type":"int"}]},{"name":"setAddress","parameters":[{"name":"iaddr","type":"java.net.InetAddress"}]},{"name":"setPort","parameters":[{"name":"iport","type":"int"}]},{"name":"setSocketAddress","parameters":[{"name":"address","type":"java.net.SocketAddress"}]},{"name":"getSocketAddress","return":"java.net.SocketAddress"},{"name":"setData","parameters":[{"name":"buf","type":"byte[]"}]},{"name":"setLength","parameters":[{"name":"length","type":"int"}]}],"name":"java.net.DatagramPacket","simple-name":"DatagramPacket"}