{"package":"java.nio.channels.spi","methods":[{"name":"getClass","return":"java.lang.Class"},{"name":"hashCode","return":"int"},{"name":"equals","parameters":[{"name":"obj","type":"java.lang.Object"}],"return":"boolean"},{"name":"toString","return":"java.lang.String"},{"name":"notify"},{"name":"notifyAll"},{"name":"wait"},{"name":"wait","parameters":[{"name":"timeoutMillis","type":"long"}]},{"name":"wait","parameters":[{"name":"timeoutMillis","type":"long"},{"name":"nanos","type":"int"}]},{"static":true,"name":"open","return":"java.nio.channels.Selector"},{"name":"keys","return":"java.util.Set"},{"name":"selectedKeys","return":"java.util.Set"},{"name":"selectNow","return":"int"},{"name":"select","parameters":[{"name":"timeout","type":"long"}],"return":"int"},{"name":"select","return":"int"},{"name":"select","parameters":[{"name":"action","type":"java.util.function.Consumer"},{"name":"timeout","type":"long"}],"return":"int"},{"name":"select","parameters":[{"name":"action","type":"java.util.function.Consumer"}],"return":"int"},{"name":"selectNow","parameters":[{"name":"action","type":"java.util.function.Consumer"}],"return":"int"},{"name":"wakeup","return":"java.nio.channels.Selector"},{"name":"close"},{"name":"isOpen","return":"boolean"},{"name":"provider","return":"java.nio.channels.spi.SelectorProvider"}],"name":"java.nio.channels.spi.AbstractSelector","simple-name":"AbstractSelector"}