{"package":"java.lang","methods":[{"name":"getClass","return":"java.lang.Class"},{"name":"notify"},{"name":"notifyAll"},{"name":"wait"},{"name":"wait","parameters":[{"name":"timeoutMillis","type":"long"}]},{"name":"wait","parameters":[{"name":"timeoutMillis","type":"long"},{"name":"nanos","type":"int"}]},{"static":true,"name":"ofCanonical","parameters":[{"name":"bootstrapMethod","type":"java.lang.constant.DirectMethodHandleDesc"},{"name":"constantName","type":"java.lang.String"},{"name":"constantType","type":"java.lang.constant.ClassDesc"},{"name":"bootstrapArgs","type":"java.lang.constant.ConstantDesc[]"}],"return":"java.lang.constant.ConstantDesc"},{"static":true,"name":"ofNamed","parameters":[{"name":"bootstrapMethod","type":"java.lang.constant.DirectMethodHandleDesc"},{"name":"constantName","type":"java.lang.String"},{"name":"constantType","type":"java.lang.constant.ClassDesc"},{"name":"bootstrapArgs","type":"java.lang.constant.ConstantDesc[]"}],"return":"java.lang.constant.DynamicConstantDesc"},{"static":true,"name":"of","parameters":[{"name":"bootstrapMethod","type":"java.lang.constant.DirectMethodHandleDesc"},{"name":"bootstrapArgs","type":"java.lang.constant.ConstantDesc[]"}],"return":"java.lang.constant.DynamicConstantDesc"},{"static":true,"name":"of","parameters":[{"name":"bootstrapMethod","type":"java.lang.constant.DirectMethodHandleDesc"}],"return":"java.lang.constant.DynamicConstantDesc"},{"name":"constantName","return":"java.lang.String"},{"name":"constantType","return":"java.lang.constant.ClassDesc"},{"name":"bootstrapMethod","return":"java.lang.constant.DirectMethodHandleDesc"},{"name":"bootstrapArgs","return":"java.lang.constant.ConstantDesc[]"},{"name":"bootstrapArgsList","return":"java.util.List"},{"name":"equals","parameters":[{"name":"o","type":"java.lang.Object"}],"return":"boolean"},{"name":"hashCode","return":"int"},{"static":true,"name":"of","parameters":[{"name":"enumClass","type":"java.lang.constant.ClassDesc"},{"name":"constantName","type":"java.lang.String"}],"return":"java.lang.Enum.EnumDesc"},{"name":"resolveConstantDesc","parameters":[{"name":"lookup","type":"java.lang.invoke.MethodHandles.Lookup"}],"return":"java.lang.Enum"},{"name":"toString","return":"java.lang.String"}],"name":"java.lang.Enum.EnumDesc","simple-name":"EnumDesc"}