{"constructors":[{"name":"<init>"}],"package":"java.lang.ref","methods":[{"name":"getClass","return":"java.lang.Class"},{"name":"hashCode","return":"int"},{"name":"equals","parameters":[{"name":"obj","type":"java.lang.Object"}],"return":"boolean"},{"name":"toString","return":"java.lang.String"},{"name":"notify"},{"name":"notifyAll"},{"name":"wait"},{"name":"wait","parameters":[{"name":"timeoutMillis","type":"long"}]},{"name":"wait","parameters":[{"name":"timeoutMillis","type":"long"},{"name":"nanos","type":"int"}]},{"name":"poll","return":"java.lang.ref.Reference"},{"name":"remove","parameters":[{"name":"timeout","type":"long"}],"return":"java.lang.ref.Reference"},{"name":"remove","return":"java.lang.ref.Reference"}],"name":"java.lang.ref.ReferenceQueue","simple-name":"ReferenceQueue"}