{"package":"java.net","methods":[{"name":"getClass","return":"java.lang.Class"},{"name":"notify"},{"name":"notifyAll"},{"name":"wait"},{"name":"wait","parameters":[{"name":"timeoutMillis","type":"long"}]},{"name":"wait","parameters":[{"name":"timeoutMillis","type":"long"},{"name":"nanos","type":"int"}]},{"name":"isReachable","parameters":[{"name":"timeout","type":"int"}],"return":"boolean"},{"name":"isReachable","parameters":[{"name":"netif","type":"java.net.NetworkInterface"},{"name":"ttl","type":"int"},{"name":"timeout","type":"int"}],"return":"boolean"},{"name":"getHostName","return":"java.lang.String"},{"name":"getCanonicalHostName","return":"java.lang.String"},{"name":"toString","return":"java.lang.String"},{"static":true,"name":"getByAddress","parameters":[{"name":"host","type":"java.lang.String"},{"name":"addr","type":"byte[]"}],"return":"java.net.InetAddress"},{"static":true,"name":"getByName","parameters":[{"name":"host","type":"java.lang.String"}],"return":"java.net.InetAddress"},{"static":true,"name":"getAllByName","parameters":[{"name":"host","type":"java.lang.String"}],"return":"java.net.InetAddress[]"},{"static":true,"name":"getLoopbackAddress","return":"java.net.InetAddress"},{"static":true,"name":"getByAddress","parameters":[{"name":"addr","type":"byte[]"}],"return":"java.net.InetAddress"},{"static":true,"name":"getLocalHost","return":"java.net.InetAddress"},{"name":"isMulticastAddress","return":"boolean"},{"name":"isAnyLocalAddress","return":"boolean"},{"name":"isLoopbackAddress","return":"boolean"},{"name":"isLinkLocalAddress","return":"boolean"},{"name":"isSiteLocalAddress","return":"boolean"},{"name":"isMCGlobal","return":"boolean"},{"name":"isMCNodeLocal","return":"boolean"},{"name":"isMCLinkLocal","return":"boolean"},{"name":"isMCSiteLocal","return":"boolean"},{"name":"isMCOrgLocal","return":"boolean"},{"name":"getAddress","return":"byte[]"},{"name":"getHostAddress","return":"java.lang.String"},{"name":"hashCode","return":"int"},{"name":"equals","parameters":[{"name":"obj","type":"java.lang.Object"}],"return":"boolean"}],"name":"java.net.Inet4Address","simple-name":"Inet4Address"}