{"package":"java.net.http","methods":[{"name":"getClass","return":"java.lang.Class"},{"name":"hashCode","return":"int"},{"name":"equals","parameters":[{"name":"obj","type":"java.lang.Object"}],"return":"boolean"},{"name":"toString","return":"java.lang.String"},{"name":"notify"},{"name":"notifyAll"},{"name":"wait"},{"name":"wait","parameters":[{"name":"timeoutMillis","type":"long"}]},{"name":"wait","parameters":[{"name":"timeoutMillis","type":"long"},{"name":"nanos","type":"int"}]},{"static":true,"name":"fromPublisher","parameters":[{"name":"publisher","type":"java.util.concurrent.Flow.Publisher"}],"return":"java.net.http.HttpRequest.BodyPublisher"},{"static":true,"name":"fromPublisher","parameters":[{"name":"publisher","type":"java.util.concurrent.Flow.Publisher"},{"name":"contentLength","type":"long"}],"return":"java.net.http.HttpRequest.BodyPublisher"},{"static":true,"name":"ofString","parameters":[{"name":"body","type":"java.lang.String"}],"return":"java.net.http.HttpRequest.BodyPublisher"},{"static":true,"name":"ofString","parameters":[{"name":"s","type":"java.lang.String"},{"name":"charset","type":"java.nio.charset.Charset"}],"return":"java.net.http.HttpRequest.BodyPublisher"},{"static":true,"name":"ofInputStream","parameters":[{"name":"streamSupplier","type":"java.util.function.Supplier"}],"return":"java.net.http.HttpRequest.BodyPublisher"},{"static":true,"name":"ofByteArray","parameters":[{"name":"buf","type":"byte[]"}],"return":"java.net.http.HttpRequest.BodyPublisher"},{"static":true,"name":"ofByteArray","parameters":[{"name":"buf","type":"byte[]"},{"name":"offset","type":"int"},{"name":"length","type":"int"}],"return":"java.net.http.HttpRequest.BodyPublisher"},{"static":true,"name":"ofFile","parameters":[{"name":"path","type":"java.nio.file.Path"}],"return":"java.net.http.HttpRequest.BodyPublisher"},{"static":true,"name":"ofByteArrays","parameters":[{"name":"iter","type":"java.lang.Iterable"}],"return":"java.net.http.HttpRequest.BodyPublisher"},{"static":true,"name":"noBody","return":"java.net.http.HttpRequest.BodyPublisher"},{"static":true,"name":"concat","parameters":[{"name":"publishers","type":"java.net.http.HttpRequest.BodyPublisher[]"}],"return":"java.net.http.HttpRequest.BodyPublisher"}],"name":"java.net.http.HttpRequest.BodyPublishers","simple-name":"BodyPublishers"}