{"package":"java.lang.module","methods":[{"name":"getClass","return":"java.lang.Class"},{"name":"hashCode","return":"int"},{"name":"equals","parameters":[{"name":"obj","type":"java.lang.Object"}],"return":"boolean"},{"name":"toString","return":"java.lang.String"},{"name":"notify"},{"name":"notifyAll"},{"name":"wait"},{"name":"wait","parameters":[{"name":"timeoutMillis","type":"long"}]},{"name":"wait","parameters":[{"name":"timeoutMillis","type":"long"},{"name":"nanos","type":"int"}]},{"name":"descriptor","return":"java.lang.module.ModuleDescriptor"},{"name":"location","return":"java.util.Optional"},{"name":"open","return":"java.lang.module.ModuleReader"}],"name":"java.lang.module.ModuleReference","simple-name":"ModuleReference"}