{"constructors":[{"name":"<init>"}],"package":"java.net","methods":[{"name":"getClass","return":"java.lang.Class"},{"name":"hashCode","return":"int"},{"name":"equals","parameters":[{"name":"obj","type":"java.lang.Object"}],"return":"boolean"},{"name":"toString","return":"java.lang.String"},{"name":"notify"},{"name":"notifyAll"},{"name":"wait"},{"name":"wait","parameters":[{"name":"timeoutMillis","type":"long"}]},{"name":"wait","parameters":[{"name":"timeoutMillis","type":"long"},{"name":"nanos","type":"int"}]},{"name":"getContent","parameters":[{"name":"urlc","type":"java.net.URLConnection"}],"return":"java.lang.Object"},{"name":"getContent","parameters":[{"name":"urlc","type":"java.net.URLConnection"},{"name":"classes","type":"java.lang.Class[]"}],"return":"java.lang.Object"}],"name":"java.net.ContentHandler","simple-name":"ContentHandler"}