{"constructors":[{"name":"<init>"},{"name":"<init>","parameters":[{"name":"bindaddr","type":"java.net.SocketAddress"}]},{"name":"<init>","parameters":[{"name":"port","type":"int"}]},{"name":"<init>","parameters":[{"name":"port","type":"int"},{"name":"laddr","type":"java.net.InetAddress"}]}],"package":"java.net","methods":[{"name":"getClass","return":"java.lang.Class"},{"name":"hashCode","return":"int"},{"name":"equals","parameters":[{"name":"obj","type":"java.lang.Object"}],"return":"boolean"},{"name":"toString","return":"java.lang.String"},{"name":"notify"},{"name":"notifyAll"},{"name":"wait"},{"name":"wait","parameters":[{"name":"timeoutMillis","type":"long"}]},{"name":"wait","parameters":[{"name":"timeoutMillis","type":"long"},{"name":"nanos","type":"int"}]},{"name":"bind","parameters":[{"name":"addr","type":"java.net.SocketAddress"}]},{"name":"connect","parameters":[{"name":"address","type":"java.net.InetAddress"},{"name":"port","type":"int"}]},{"name":"connect","parameters":[{"name":"addr","type":"java.net.SocketAddress"}]},{"name":"disconnect"},{"name":"isBound","return":"boolean"},{"name":"isConnected","return":"boolean"},{"name":"getInetAddress","return":"java.net.InetAddress"},{"name":"getPort","return":"int"},{"name":"getRemoteSocketAddress","return":"java.net.SocketAddress"},{"name":"getLocalSocketAddress","return":"java.net.SocketAddress"},{"name":"send","parameters":[{"name":"p","type":"java.net.DatagramPacket"}]},{"name":"receive","parameters":[{"name":"p","type":"java.net.DatagramPacket"}]},{"name":"getLocalAddress","return":"java.net.InetAddress"},{"name":"getLocalPort","return":"int"},{"name":"setSoTimeout","parameters":[{"name":"timeout","type":"int"}]},{"name":"getSoTimeout","return":"int"},{"name":"setSendBufferSize","parameters":[{"name":"size","type":"int"}]},{"name":"getSendBufferSize","return":"int"},{"name":"setReceiveBufferSize","parameters":[{"name":"size","type":"int"}]},{"name":"getReceiveBufferSize","return":"int"},{"name":"setReuseAddress","parameters":[{"name":"on","type":"boolean"}]},{"name":"getReuseAddress","return":"boolean"},{"name":"setBroadcast","parameters":[{"name":"on","type":"boolean"}]},{"name":"getBroadcast","return":"boolean"},{"name":"setTrafficClass","parameters":[{"name":"tc","type":"int"}]},{"name":"getTrafficClass","return":"int"},{"name":"close"},{"name":"isClosed","return":"boolean"},{"name":"getChannel","return":"java.nio.channels.DatagramChannel"},{"static":true,"name":"setDatagramSocketImplFactory","parameters":[{"name":"fac","type":"java.net.DatagramSocketImplFactory"}]},{"name":"setOption","parameters":[{"name":"name","type":"java.net.SocketOption"},{"name":"value","type":"java.lang.Object"}],"return":"java.net.DatagramSocket"},{"name":"getOption","parameters":[{"name":"name","type":"java.net.SocketOption"}],"return":"java.lang.Object"},{"name":"supportedOptions","return":"java.util.Set"},{"name":"joinGroup","parameters":[{"name":"mcastaddr","type":"java.net.SocketAddress"},{"name":"netIf","type":"java.net.NetworkInterface"}]},{"name":"leaveGroup","parameters":[{"name":"mcastaddr","type":"java.net.SocketAddress"},{"name":"netIf","type":"java.net.NetworkInterface"}]}],"name":"java.net.DatagramSocket","simple-name":"DatagramSocket"}