{"package":"java.lang","methods":[{"name":"getClass","return":"java.lang.Class"},{"name":"hashCode","return":"int"},{"name":"equals","parameters":[{"name":"obj","type":"java.lang.Object"}],"return":"boolean"},{"name":"toString","return":"java.lang.String"},{"name":"notify"},{"name":"notifyAll"},{"name":"wait"},{"name":"wait","parameters":[{"name":"timeoutMillis","type":"long"}]},{"name":"wait","parameters":[{"name":"timeoutMillis","type":"long"},{"name":"nanos","type":"int"}]},{"name":"get","parameters":[{"name":"type","type":"java.lang.Class"}],"return":"java.lang.Object"},{"name":"remove","parameters":[{"name":"type","type":"java.lang.Class"}]}],"name":"java.lang.ClassValue","simple-name":"ClassValue"}