{"package":"java.lang.invoke","methods":[{"name":"getClass","return":"java.lang.Class"},{"name":"hashCode","return":"int"},{"name":"equals","parameters":[{"name":"obj","type":"java.lang.Object"}],"return":"boolean"},{"name":"toString","return":"java.lang.String"},{"name":"notify"},{"name":"notifyAll"},{"name":"wait"},{"name":"wait","parameters":[{"name":"timeoutMillis","type":"long"}]},{"name":"wait","parameters":[{"name":"timeoutMillis","type":"long"},{"name":"nanos","type":"int"}]},{"static":true,"name":"metafactory","parameters":[{"name":"caller","type":"java.lang.invoke.MethodHandles.Lookup"},{"name":"interfaceMethodName","type":"java.lang.String"},{"name":"factoryType","type":"java.lang.invoke.MethodType"},{"name":"interfaceMethodType","type":"java.lang.invoke.MethodType"},{"name":"implementation","type":"java.lang.invoke.MethodHandle"},{"name":"dynamicMethodType","type":"java.lang.invoke.MethodType"}],"return":"java.lang.invoke.CallSite"},{"static":true,"name":"altMetafactory","parameters":[{"name":"caller","type":"java.lang.invoke.MethodHandles.Lookup"},{"name":"interfaceMethodName","type":"java.lang.String"},{"name":"factoryType","type":"java.lang.invoke.MethodType"},{"name":"args","type":"java.lang.Object[]"}],"return":"java.lang.invoke.CallSite"}],"name":"java.lang.invoke.LambdaMetafactory","simple-name":"LambdaMetafactory","fields":[{"static":true,"name":"FLAG_SERIALIZABLE","type":"int"},{"static":true,"name":"FLAG_MARKERS","type":"int"},{"static":true,"name":"FLAG_BRIDGES","type":"int"}]}