{"package":"java.lang.module","methods":[{"name":"getClass","return":"java.lang.Class"},{"name":"hashCode","return":"int"},{"name":"equals","parameters":[{"name":"obj","type":"java.lang.Object"}],"return":"boolean"},{"name":"toString","return":"java.lang.String"},{"name":"notify"},{"name":"notifyAll"},{"name":"wait"},{"name":"wait","parameters":[{"name":"timeoutMillis","type":"long"}]},{"name":"wait","parameters":[{"name":"timeoutMillis","type":"long"},{"name":"nanos","type":"int"}]},{"name":"find","parameters":[{"name":"name","type":"java.lang.String"}],"return":"java.util.Optional"},{"name":"findAll","return":"java.util.Set"},{"static":true,"name":"ofSystem","return":"java.lang.module.ModuleFinder"},{"static":true,"name":"of","parameters":[{"name":"entries","type":"java.nio.file.Path[]"}],"return":"java.lang.module.ModuleFinder"},{"static":true,"name":"compose","parameters":[{"name":"finders","type":"java.lang.module.ModuleFinder[]"}],"return":"java.lang.module.ModuleFinder"}],"name":"java.lang.module.ModuleFinder","simple-name":"ModuleFinder"}