{"package":"java.io","methods":[{"name":"getClass","return":"java.lang.Class"},{"name":"hashCode","return":"int"},{"name":"equals","parameters":[{"name":"obj","type":"java.lang.Object"}],"return":"boolean"},{"name":"toString","return":"java.lang.String"},{"name":"notify"},{"name":"notifyAll"},{"name":"wait"},{"name":"wait","parameters":[{"name":"timeoutMillis","type":"long"}]},{"name":"wait","parameters":[{"name":"timeoutMillis","type":"long"},{"name":"nanos","type":"int"}]},{"name":"writeExternal","parameters":[{"name":"out","type":"java.io.ObjectOutput"}]},{"name":"readExternal","parameters":[{"name":"in","type":"java.io.ObjectInput"}]}],"name":"java.io.Externalizable","simple-name":"Externalizable"}