{"package":"java.net","methods":[{"name":"getClass","return":"java.lang.Class"},{"name":"hashCode","return":"int"},{"name":"equals","parameters":[{"name":"obj","type":"java.lang.Object"}],"return":"boolean"},{"name":"toString","return":"java.lang.String"},{"name":"notify"},{"name":"notifyAll"},{"name":"wait"},{"name":"wait","parameters":[{"name":"timeoutMillis","type":"long"}]},{"name":"wait","parameters":[{"name":"timeoutMillis","type":"long"},{"name":"nanos","type":"int"}]},{"name":"setOption","parameters":[{"name":"optID","type":"int"},{"name":"value","type":"java.lang.Object"}]},{"name":"getOption","parameters":[{"name":"optID","type":"int"}],"return":"java.lang.Object"}],"name":"java.net.SocketOptions","simple-name":"SocketOptions","fields":[{"static":true,"name":"TCP_NODELAY","type":"int"},{"static":true,"name":"SO_BINDADDR","type":"int"},{"static":true,"name":"SO_REUSEADDR","type":"int"},{"static":true,"name":"SO_REUSEPORT","type":"int"},{"static":true,"name":"SO_BROADCAST","type":"int"},{"static":true,"name":"IP_MULTICAST_IF","type":"int"},{"static":true,"name":"IP_MULTICAST_IF2","type":"int"},{"static":true,"name":"IP_MULTICAST_LOOP","type":"int"},{"static":true,"name":"IP_TOS","type":"int"},{"static":true,"name":"SO_LINGER","type":"int"},{"static":true,"name":"SO_TIMEOUT","type":"int"},{"static":true,"name":"SO_SNDBUF","type":"int"},{"static":true,"name":"SO_RCVBUF","type":"int"},{"static":true,"name":"SO_KEEPALIVE","type":"int"},{"static":true,"name":"SO_OOBINLINE","type":"int"}]}