{"package":"java.lang","methods":[{"name":"getClass","return":"java.lang.Class"},{"name":"hashCode","return":"int"},{"name":"equals","parameters":[{"name":"obj","type":"java.lang.Object"}],"return":"boolean"},{"name":"toString","return":"java.lang.String"},{"name":"notify"},{"name":"notifyAll"},{"name":"wait"},{"name":"wait","parameters":[{"name":"timeoutMillis","type":"long"}]},{"name":"wait","parameters":[{"name":"timeoutMillis","type":"long"},{"name":"nanos","type":"int"}]},{"static":true,"name":"getRuntime","return":"java.lang.Runtime"},{"name":"exit","parameters":[{"name":"status","type":"int"}]},{"name":"addShutdownHook","parameters":[{"name":"hook","type":"java.lang.Thread"}]},{"name":"removeShutdownHook","parameters":[{"name":"hook","type":"java.lang.Thread"}],"return":"boolean"},{"name":"halt","parameters":[{"name":"status","type":"int"}]},{"name":"exec","parameters":[{"name":"command","type":"java.lang.String"}],"return":"java.lang.Process"},{"name":"exec","parameters":[{"name":"command","type":"java.lang.String"},{"name":"envp","type":"java.lang.String[]"}],"return":"java.lang.Process"},{"name":"exec","parameters":[{"name":"command","type":"java.lang.String"},{"name":"envp","type":"java.lang.String[]"},{"name":"dir","type":"java.io.File"}],"return":"java.lang.Process"},{"name":"exec","parameters":[{"name":"cmdarray","type":"java.lang.String[]"}],"return":"java.lang.Process"},{"name":"exec","parameters":[{"name":"cmdarray","type":"java.lang.String[]"},{"name":"envp","type":"java.lang.String[]"}],"return":"java.lang.Process"},{"name":"exec","parameters":[{"name":"cmdarray","type":"java.lang.String[]"},{"name":"envp","type":"java.lang.String[]"},{"name":"dir","type":"java.io.File"}],"return":"java.lang.Process"},{"name":"availableProcessors","return":"int"},{"name":"freeMemory","return":"long"},{"name":"totalMemory","return":"long"},{"name":"maxMemory","return":"long"},{"name":"gc"},{"name":"runFinalization"},{"name":"load","parameters":[{"name":"filename","type":"java.lang.String"}]},{"name":"loadLibrary","parameters":[{"name":"libname","type":"java.lang.String"}]},{"static":true,"name":"version","return":"java.lang.Runtime.Version"}],"name":"java.lang.Runtime","simple-name":"Runtime"}