{"package":"java.io","methods":[{"name":"getClass","return":"java.lang.Class"},{"name":"hashCode","return":"int"},{"name":"equals","parameters":[{"name":"obj","type":"java.lang.Object"}],"return":"boolean"},{"name":"toString","return":"java.lang.String"},{"name":"notify"},{"name":"notifyAll"},{"name":"wait"},{"name":"wait","parameters":[{"name":"timeoutMillis","type":"long"}]},{"name":"wait","parameters":[{"name":"timeoutMillis","type":"long"},{"name":"nanos","type":"int"}]},{"name":"writer","return":"java.io.PrintWriter"},{"name":"reader","return":"java.io.Reader"},{"name":"format","parameters":[{"name":"fmt","type":"java.lang.String"},{"name":"args","type":"java.lang.Object[]"}],"return":"java.io.Console"},{"name":"printf","parameters":[{"name":"format","type":"java.lang.String"},{"name":"args","type":"java.lang.Object[]"}],"return":"java.io.Console"},{"name":"readLine","parameters":[{"name":"fmt","type":"java.lang.String"},{"name":"args","type":"java.lang.Object[]"}],"return":"java.lang.String"},{"name":"readLine","return":"java.lang.String"},{"name":"readPassword","parameters":[{"name":"fmt","type":"java.lang.String"},{"name":"args","type":"java.lang.Object[]"}],"return":"char[]"},{"name":"readPassword","return":"char[]"},{"name":"flush"},{"name":"charset","return":"java.nio.charset.Charset"}],"name":"java.io.Console","simple-name":"Console"}