{"package":"java.nio.file.attribute","methods":[{"name":"getClass","return":"java.lang.Class"},{"name":"hashCode","return":"int"},{"name":"equals","parameters":[{"name":"obj","type":"java.lang.Object"}],"return":"boolean"},{"name":"toString","return":"java.lang.String"},{"name":"notify"},{"name":"notifyAll"},{"name":"wait"},{"name":"wait","parameters":[{"name":"timeoutMillis","type":"long"}]},{"name":"wait","parameters":[{"name":"timeoutMillis","type":"long"},{"name":"nanos","type":"int"}]},{"name":"name","return":"java.lang.String"},{"name":"readAttributes","return":"java.nio.file.attribute.BasicFileAttributes"},{"name":"setTimes","parameters":[{"name":"lastModifiedTime","type":"java.nio.file.attribute.FileTime"},{"name":"lastAccessTime","type":"java.nio.file.attribute.FileTime"},{"name":"createTime","type":"java.nio.file.attribute.FileTime"}]}],"name":"java.nio.file.attribute.BasicFileAttributeView","simple-name":"BasicFileAttributeView"}