{"package":"java.lang","methods":[{"name":"getClass","return":"java.lang.Class"},{"name":"notify"},{"name":"notifyAll"},{"name":"wait"},{"name":"wait","parameters":[{"name":"timeoutMillis","type":"long"}]},{"name":"wait","parameters":[{"name":"timeoutMillis","type":"long"},{"name":"nanos","type":"int"}]},{"name":"name","return":"java.lang.String"},{"name":"ordinal","return":"int"},{"name":"toString","return":"java.lang.String"},{"name":"equals","parameters":[{"name":"other","type":"java.lang.Object"}],"return":"boolean"},{"name":"hashCode","return":"int"},{"name":"compareTo","parameters":[{"name":"o","type":"java.lang.Enum"}],"return":"int"},{"name":"getDeclaringClass","return":"java.lang.Class"},{"name":"describeConstable","return":"java.util.Optional"},{"static":true,"name":"valueOf","parameters":[{"name":"enumClass","type":"java.lang.Class"},{"name":"name","type":"java.lang.String"}],"return":"java.lang.Enum"},{"static":true,"name":"values","return":"java.lang.System.Logger.Level[]"},{"static":true,"name":"valueOf","parameters":[{"name":"name","type":"java.lang.String"}],"return":"java.lang.System.Logger.Level"},{"name":"getName","return":"java.lang.String"},{"name":"getSeverity","return":"int"}],"name":"java.lang.System.Logger.Level","simple-name":"Level","fields":[{"static":true,"name":"ALL","type":"java.lang.System.Logger.Level"},{"static":true,"name":"TRACE","type":"java.lang.System.Logger.Level"},{"static":true,"name":"DEBUG","type":"java.lang.System.Logger.Level"},{"static":true,"name":"INFO","type":"java.lang.System.Logger.Level"},{"static":true,"name":"WARNING","type":"java.lang.System.Logger.Level"},{"static":true,"name":"ERROR","type":"java.lang.System.Logger.Level"},{"static":true,"name":"OFF","type":"java.lang.System.Logger.Level"}]}