{"constructors":[{"name":"<init>","parameters":[{"name":"name","type":"java.lang.String"}]},{"name":"<init>","parameters":[{"name":"name","type":"java.lang.String"},{"name":"append","type":"boolean"}]},{"name":"<init>","parameters":[{"name":"file","type":"java.io.File"}]},{"name":"<init>","parameters":[{"name":"file","type":"java.io.File"},{"name":"append","type":"boolean"}]},{"name":"<init>","parameters":[{"name":"fdObj","type":"java.io.FileDescriptor"}]}],"package":"java.io","methods":[{"name":"getClass","return":"java.lang.Class"},{"name":"hashCode","return":"int"},{"name":"equals","parameters":[{"name":"obj","type":"java.lang.Object"}],"return":"boolean"},{"name":"toString","return":"java.lang.String"},{"name":"notify"},{"name":"notifyAll"},{"name":"wait"},{"name":"wait","parameters":[{"name":"timeoutMillis","type":"long"}]},{"name":"wait","parameters":[{"name":"timeoutMillis","type":"long"},{"name":"nanos","type":"int"}]},{"static":true,"name":"nullOutputStream","return":"java.io.OutputStream"},{"name":"flush"},{"name":"write","parameters":[{"name":"b","type":"int"}]},{"name":"write","parameters":[{"name":"b","type":"byte[]"}]},{"name":"write","parameters":[{"name":"b","type":"byte[]"},{"name":"off","type":"int"},{"name":"len","type":"int"}]},{"name":"close"},{"name":"getFD","return":"java.io.FileDescriptor"},{"name":"getChannel","return":"java.nio.channels.FileChannel"}],"name":"java.io.FileOutputStream","simple-name":"FileOutputStream"}