{"package":"java.lang.module","methods":[{"name":"getClass","return":"java.lang.Class"},{"name":"notify"},{"name":"notifyAll"},{"name":"wait"},{"name":"wait","parameters":[{"name":"timeoutMillis","type":"long"}]},{"name":"wait","parameters":[{"name":"timeoutMillis","type":"long"},{"name":"nanos","type":"int"}]},{"name":"name","return":"java.lang.String"},{"name":"ordinal","return":"int"},{"name":"toString","return":"java.lang.String"},{"name":"equals","parameters":[{"name":"other","type":"java.lang.Object"}],"return":"boolean"},{"name":"hashCode","return":"int"},{"name":"compareTo","parameters":[{"name":"o","type":"java.lang.Enum"}],"return":"int"},{"name":"getDeclaringClass","return":"java.lang.Class"},{"name":"describeConstable","return":"java.util.Optional"},{"static":true,"name":"valueOf","parameters":[{"name":"enumClass","type":"java.lang.Class"},{"name":"name","type":"java.lang.String"}],"return":"java.lang.Enum"},{"static":true,"name":"values","return":"java.lang.module.ModuleDescriptor.Requires.Modifier[]"},{"static":true,"name":"valueOf","parameters":[{"name":"name","type":"java.lang.String"}],"return":"java.lang.module.ModuleDescriptor.Requires.Modifier"}],"name":"java.lang.module.ModuleDescriptor.Requires.Modifier","simple-name":"Modifier","fields":[{"static":true,"name":"TRANSITIVE","type":"java.lang.module.ModuleDescriptor.Requires.Modifier"},{"static":true,"name":"STATIC","type":"java.lang.module.ModuleDescriptor.Requires.Modifier"},{"static":true,"name":"SYNTHETIC","type":"java.lang.module.ModuleDescriptor.Requires.Modifier"},{"static":true,"name":"MANDATED","type":"java.lang.module.ModuleDescriptor.Requires.Modifier"}]}