{"constructors":[{"name":"<init>","parameters":[{"name":"val","type":"byte[]"},{"name":"off","type":"int"},{"name":"len","type":"int"}]},{"name":"<init>","parameters":[{"name":"val","type":"byte[]"}]},{"name":"<init>","parameters":[{"name":"signum","type":"int"},{"name":"magnitude","type":"byte[]"},{"name":"off","type":"int"},{"name":"len","type":"int"}]},{"name":"<init>","parameters":[{"name":"signum","type":"int"},{"name":"magnitude","type":"byte[]"}]},{"name":"<init>","parameters":[{"name":"val","type":"java.lang.String"},{"name":"radix","type":"int"}]},{"name":"<init>","parameters":[{"name":"val","type":"java.lang.String"}]},{"name":"<init>","parameters":[{"name":"numBits","type":"int"},{"name":"rnd","type":"java.util.Random"}]},{"name":"<init>","parameters":[{"name":"bitLength","type":"int"},{"name":"certainty","type":"int"},{"name":"rnd","type":"java.util.Random"}]}],"package":"java.math","methods":[{"name":"getClass","return":"java.lang.Class"},{"name":"notify"},{"name":"notifyAll"},{"name":"wait"},{"name":"wait","parameters":[{"name":"timeoutMillis","type":"long"}]},{"name":"wait","parameters":[{"name":"timeoutMillis","type":"long"},{"name":"nanos","type":"int"}]},{"name":"byteValue","return":"byte"},{"name":"shortValue","return":"short"},{"static":true,"name":"probablePrime","parameters":[{"name":"bitLength","type":"int"},{"name":"rnd","type":"java.util.Random"}],"return":"java.math.BigInteger"},{"name":"nextProbablePrime","return":"java.math.BigInteger"},{"static":true,"name":"valueOf","parameters":[{"name":"val","type":"long"}],"return":"java.math.BigInteger"},{"name":"add","parameters":[{"name":"val","type":"java.math.BigInteger"}],"return":"java.math.BigInteger"},{"name":"subtract","parameters":[{"name":"val","type":"java.math.BigInteger"}],"return":"java.math.BigInteger"},{"name":"multiply","parameters":[{"name":"val","type":"java.math.BigInteger"}],"return":"java.math.BigInteger"},{"name":"divide","parameters":[{"name":"val","type":"java.math.BigInteger"}],"return":"java.math.BigInteger"},{"name":"divideAndRemainder","parameters":[{"name":"val","type":"java.math.BigInteger"}],"return":"java.math.BigInteger[]"},{"name":"remainder","parameters":[{"name":"val","type":"java.math.BigInteger"}],"return":"java.math.BigInteger"},{"name":"pow","parameters":[{"name":"exponent","type":"int"}],"return":"java.math.BigInteger"},{"name":"sqrt","return":"java.math.BigInteger"},{"name":"sqrtAndRemainder","return":"java.math.BigInteger[]"},{"name":"gcd","parameters":[{"name":"val","type":"java.math.BigInteger"}],"return":"java.math.BigInteger"},{"name":"abs","return":"java.math.BigInteger"},{"name":"negate","return":"java.math.BigInteger"},{"name":"signum","return":"int"},{"name":"mod","parameters":[{"name":"m","type":"java.math.BigInteger"}],"return":"java.math.BigInteger"},{"name":"modPow","parameters":[{"name":"exponent","type":"java.math.BigInteger"},{"name":"m","type":"java.math.BigInteger"}],"return":"java.math.BigInteger"},{"name":"modInverse","parameters":[{"name":"m","type":"java.math.BigInteger"}],"return":"java.math.BigInteger"},{"name":"shiftLeft","parameters":[{"name":"n","type":"int"}],"return":"java.math.BigInteger"},{"name":"shiftRight","parameters":[{"name":"n","type":"int"}],"return":"java.math.BigInteger"},{"name":"and","parameters":[{"name":"val","type":"java.math.BigInteger"}],"return":"java.math.BigInteger"},{"name":"or","parameters":[{"name":"val","type":"java.math.BigInteger"}],"return":"java.math.BigInteger"},{"name":"xor","parameters":[{"name":"val","type":"java.math.BigInteger"}],"return":"java.math.BigInteger"},{"name":"not","return":"java.math.BigInteger"},{"name":"andNot","parameters":[{"name":"val","type":"java.math.BigInteger"}],"return":"java.math.BigInteger"},{"name":"testBit","parameters":[{"name":"n","type":"int"}],"return":"boolean"},{"name":"setBit","parameters":[{"name":"n","type":"int"}],"return":"java.math.BigInteger"},{"name":"clearBit","parameters":[{"name":"n","type":"int"}],"return":"java.math.BigInteger"},{"name":"flipBit","parameters":[{"name":"n","type":"int"}],"return":"java.math.BigInteger"},{"name":"getLowestSetBit","return":"int"},{"name":"bitLength","return":"int"},{"name":"bitCount","return":"int"},{"name":"isProbablePrime","parameters":[{"name":"certainty","type":"int"}],"return":"boolean"},{"name":"compareTo","parameters":[{"name":"val","type":"java.math.BigInteger"}],"return":"int"},{"name":"equals","parameters":[{"name":"x","type":"java.lang.Object"}],"return":"boolean"},{"name":"min","parameters":[{"name":"val","type":"java.math.BigInteger"}],"return":"java.math.BigInteger"},{"name":"max","parameters":[{"name":"val","type":"java.math.BigInteger"}],"return":"java.math.BigInteger"},{"name":"hashCode","return":"int"},{"name":"toString","parameters":[{"name":"radix","type":"int"}],"return":"java.lang.String"},{"name":"toString","return":"java.lang.String"},{"name":"toByteArray","return":"byte[]"},{"name":"intValue","return":"int"},{"name":"longValue","return":"long"},{"name":"floatValue","return":"float"},{"name":"doubleValue","return":"double"},{"name":"longValueExact","return":"long"},{"name":"intValueExact","return":"int"},{"name":"shortValueExact","return":"short"},{"name":"byteValueExact","return":"byte"}],"name":"java.math.BigInteger","simple-name":"BigInteger","fields":[{"static":true,"name":"ZERO","type":"java.math.BigInteger"},{"static":true,"name":"ONE","type":"java.math.BigInteger"},{"static":true,"name":"TWO","type":"java.math.BigInteger"},{"static":true,"name":"TEN","type":"java.math.BigInteger"}]}