{"package":"java.lang.module","methods":[{"name":"getClass","return":"java.lang.Class"},{"name":"hashCode","return":"int"},{"name":"equals","parameters":[{"name":"obj","type":"java.lang.Object"}],"return":"boolean"},{"name":"toString","return":"java.lang.String"},{"name":"notify"},{"name":"notifyAll"},{"name":"wait"},{"name":"wait","parameters":[{"name":"timeoutMillis","type":"long"}]},{"name":"wait","parameters":[{"name":"timeoutMillis","type":"long"},{"name":"nanos","type":"int"}]},{"name":"find","parameters":[{"name":"name","type":"java.lang.String"}],"return":"java.util.Optional"},{"name":"open","parameters":[{"name":"name","type":"java.lang.String"}],"return":"java.util.Optional"},{"name":"read","parameters":[{"name":"name","type":"java.lang.String"}],"return":"java.util.Optional"},{"name":"release","parameters":[{"name":"bb","type":"java.nio.ByteBuffer"}]},{"name":"list","return":"java.util.stream.Stream"},{"name":"close"}],"name":"java.lang.module.ModuleReader","simple-name":"ModuleReader"}