{"package":"java.lang.invoke","methods":[{"name":"getClass","return":"java.lang.Class"},{"name":"hashCode","return":"int"},{"name":"equals","parameters":[{"name":"obj","type":"java.lang.Object"}],"return":"boolean"},{"name":"notify"},{"name":"notifyAll"},{"name":"wait"},{"name":"wait","parameters":[{"name":"timeoutMillis","type":"long"}]},{"name":"wait","parameters":[{"name":"timeoutMillis","type":"long"},{"name":"nanos","type":"int"}]},{"name":"type","return":"java.lang.invoke.MethodType"},{"name":"invokeExact","parameters":[{"name":"args","type":"java.lang.Object[]"}],"return":"java.lang.Object"},{"name":"invoke","parameters":[{"name":"args","type":"java.lang.Object[]"}],"return":"java.lang.Object"},{"name":"invokeWithArguments","parameters":[{"name":"arguments","type":"java.lang.Object[]"}],"return":"java.lang.Object"},{"name":"invokeWithArguments","parameters":[{"name":"arguments","type":"java.util.List"}],"return":"java.lang.Object"},{"name":"asType","parameters":[{"name":"newType","type":"java.lang.invoke.MethodType"}],"return":"java.lang.invoke.MethodHandle"},{"name":"asSpreader","parameters":[{"name":"arrayType","type":"java.lang.Class"},{"name":"arrayLength","type":"int"}],"return":"java.lang.invoke.MethodHandle"},{"name":"asSpreader","parameters":[{"name":"spreadArgPos","type":"int"},{"name":"arrayType","type":"java.lang.Class"},{"name":"arrayLength","type":"int"}],"return":"java.lang.invoke.MethodHandle"},{"name":"withVarargs","parameters":[{"name":"makeVarargs","type":"boolean"}],"return":"java.lang.invoke.MethodHandle"},{"name":"asCollector","parameters":[{"name":"arrayType","type":"java.lang.Class"},{"name":"arrayLength","type":"int"}],"return":"java.lang.invoke.MethodHandle"},{"name":"asCollector","parameters":[{"name":"collectArgPos","type":"int"},{"name":"arrayType","type":"java.lang.Class"},{"name":"arrayLength","type":"int"}],"return":"java.lang.invoke.MethodHandle"},{"name":"asVarargsCollector","parameters":[{"name":"arrayType","type":"java.lang.Class"}],"return":"java.lang.invoke.MethodHandle"},{"name":"isVarargsCollector","return":"boolean"},{"name":"asFixedArity","return":"java.lang.invoke.MethodHandle"},{"name":"bindTo","parameters":[{"name":"x","type":"java.lang.Object"}],"return":"java.lang.invoke.MethodHandle"},{"name":"describeConstable","return":"java.util.Optional"},{"name":"toString","return":"java.lang.String"}],"name":"java.lang.invoke.MethodHandle","simple-name":"MethodHandle"}