{"package":"java.nio.file.attribute","methods":[{"name":"getClass","return":"java.lang.Class"},{"name":"notify"},{"name":"notifyAll"},{"name":"wait"},{"name":"wait","parameters":[{"name":"timeoutMillis","type":"long"}]},{"name":"wait","parameters":[{"name":"timeoutMillis","type":"long"},{"name":"nanos","type":"int"}]},{"name":"name","return":"java.lang.String"},{"name":"ordinal","return":"int"},{"name":"toString","return":"java.lang.String"},{"name":"equals","parameters":[{"name":"other","type":"java.lang.Object"}],"return":"boolean"},{"name":"hashCode","return":"int"},{"name":"compareTo","parameters":[{"name":"o","type":"java.lang.Enum"}],"return":"int"},{"name":"getDeclaringClass","return":"java.lang.Class"},{"name":"describeConstable","return":"java.util.Optional"},{"static":true,"name":"valueOf","parameters":[{"name":"enumClass","type":"java.lang.Class"},{"name":"name","type":"java.lang.String"}],"return":"java.lang.Enum"},{"static":true,"name":"values","return":"java.nio.file.attribute.AclEntryFlag[]"},{"static":true,"name":"valueOf","parameters":[{"name":"name","type":"java.lang.String"}],"return":"java.nio.file.attribute.AclEntryFlag"}],"name":"java.nio.file.attribute.AclEntryFlag","simple-name":"AclEntryFlag","fields":[{"static":true,"name":"FILE_INHERIT","type":"java.nio.file.attribute.AclEntryFlag"},{"static":true,"name":"DIRECTORY_INHERIT","type":"java.nio.file.attribute.AclEntryFlag"},{"static":true,"name":"NO_PROPAGATE_INHERIT","type":"java.nio.file.attribute.AclEntryFlag"},{"static":true,"name":"INHERIT_ONLY","type":"java.nio.file.attribute.AclEntryFlag"}]}