{"constructors":[{"name":"<init>","parameters":[{"name":"userName","type":"java.lang.String"},{"name":"password","type":"char[]"}]}],"package":"java.net","methods":[{"name":"getClass","return":"java.lang.Class"},{"name":"hashCode","return":"int"},{"name":"equals","parameters":[{"name":"obj","type":"java.lang.Object"}],"return":"boolean"},{"name":"toString","return":"java.lang.String"},{"name":"notify"},{"name":"notifyAll"},{"name":"wait"},{"name":"wait","parameters":[{"name":"timeoutMillis","type":"long"}]},{"name":"wait","parameters":[{"name":"timeoutMillis","type":"long"},{"name":"nanos","type":"int"}]},{"name":"getUserName","return":"java.lang.String"},{"name":"getPassword","return":"char[]"}],"name":"java.net.PasswordAuthentication","simple-name":"PasswordAuthentication"}