{"constructors":[{"name":"<init>"}],"package":"java.lang","methods":[{"name":"getClass","return":"java.lang.Class"},{"name":"hashCode","return":"int"},{"name":"equals","parameters":[{"name":"obj","type":"java.lang.Object"}],"return":"boolean"},{"name":"toString","return":"java.lang.String"},{"name":"notify"},{"name":"notifyAll"},{"name":"wait"},{"name":"wait","parameters":[{"name":"timeoutMillis","type":"long"}]},{"name":"wait","parameters":[{"name":"timeoutMillis","type":"long"},{"name":"nanos","type":"int"}]},{"name":"getSecurityContext","return":"java.lang.Object"},{"name":"checkPermission","parameters":[{"name":"perm","type":"java.security.Permission"}]},{"name":"checkPermission","parameters":[{"name":"perm","type":"java.security.Permission"},{"name":"context","type":"java.lang.Object"}]},{"name":"checkCreateClassLoader"},{"name":"checkAccess","parameters":[{"name":"t","type":"java.lang.Thread"}]},{"name":"checkAccess","parameters":[{"name":"g","type":"java.lang.ThreadGroup"}]},{"name":"checkExit","parameters":[{"name":"status","type":"int"}]},{"name":"checkExec","parameters":[{"name":"cmd","type":"java.lang.String"}]},{"name":"checkLink","parameters":[{"name":"lib","type":"java.lang.String"}]},{"name":"checkRead","parameters":[{"name":"fd","type":"java.io.FileDescriptor"}]},{"name":"checkRead","parameters":[{"name":"file","type":"java.lang.String"}]},{"name":"checkRead","parameters":[{"name":"file","type":"java.lang.String"},{"name":"context","type":"java.lang.Object"}]},{"name":"checkWrite","parameters":[{"name":"fd","type":"java.io.FileDescriptor"}]},{"name":"checkWrite","parameters":[{"name":"file","type":"java.lang.String"}]},{"name":"checkDelete","parameters":[{"name":"file","type":"java.lang.String"}]},{"name":"checkConnect","parameters":[{"name":"host","type":"java.lang.String"},{"name":"port","type":"int"}]},{"name":"checkConnect","parameters":[{"name":"host","type":"java.lang.String"},{"name":"port","type":"int"},{"name":"context","type":"java.lang.Object"}]},{"name":"checkListen","parameters":[{"name":"port","type":"int"}]},{"name":"checkAccept","parameters":[{"name":"host","type":"java.lang.String"},{"name":"port","type":"int"}]},{"name":"checkMulticast","parameters":[{"name":"maddr","type":"java.net.InetAddress"}]},{"name":"checkMulticast","parameters":[{"name":"maddr","type":"java.net.InetAddress"},{"name":"ttl","type":"byte"}]},{"name":"checkPropertiesAccess"},{"name":"checkPropertyAccess","parameters":[{"name":"key","type":"java.lang.String"}]},{"name":"checkPrintJobAccess"},{"name":"checkPackageAccess","parameters":[{"name":"pkg","type":"java.lang.String"}]},{"name":"checkPackageDefinition","parameters":[{"name":"pkg","type":"java.lang.String"}]},{"name":"checkSetFactory"},{"name":"checkSecurityAccess","parameters":[{"name":"target","type":"java.lang.String"}]},{"name":"getThreadGroup","return":"java.lang.ThreadGroup"}],"name":"java.lang.SecurityManager","simple-name":"SecurityManager"}