{"constructors":[{"name":"<init>","parameters":[{"name":"value","type":"char"}]}],"package":"java.lang","methods":[{"name":"getClass","return":"java.lang.Class"},{"name":"notify"},{"name":"notifyAll"},{"name":"wait"},{"name":"wait","parameters":[{"name":"timeoutMillis","type":"long"}]},{"name":"wait","parameters":[{"name":"timeoutMillis","type":"long"},{"name":"nanos","type":"int"}]},{"name":"describeConstable","return":"java.util.Optional"},{"static":true,"name":"valueOf","parameters":[{"name":"c","type":"char"}],"return":"java.lang.Character"},{"name":"charValue","return":"char"},{"name":"hashCode","return":"int"},{"static":true,"name":"hashCode","parameters":[{"name":"value","type":"char"}],"return":"int"},{"name":"equals","parameters":[{"name":"obj","type":"java.lang.Object"}],"return":"boolean"},{"name":"toString","return":"java.lang.String"},{"static":true,"name":"toString","parameters":[{"name":"c","type":"char"}],"return":"java.lang.String"},{"static":true,"name":"toString","parameters":[{"name":"codePoint","type":"int"}],"return":"java.lang.String"},{"static":true,"name":"isValidCodePoint","parameters":[{"name":"codePoint","type":"int"}],"return":"boolean"},{"static":true,"name":"isBmpCodePoint","parameters":[{"name":"codePoint","type":"int"}],"return":"boolean"},{"static":true,"name":"isSupplementaryCodePoint","parameters":[{"name":"codePoint","type":"int"}],"return":"boolean"},{"static":true,"name":"isHighSurrogate","parameters":[{"name":"ch","type":"char"}],"return":"boolean"},{"static":true,"name":"isLowSurrogate","parameters":[{"name":"ch","type":"char"}],"return":"boolean"},{"static":true,"name":"isSurrogate","parameters":[{"name":"ch","type":"char"}],"return":"boolean"},{"static":true,"name":"isSurrogatePair","parameters":[{"name":"high","type":"char"},{"name":"low","type":"char"}],"return":"boolean"},{"static":true,"name":"charCount","parameters":[{"name":"codePoint","type":"int"}],"return":"int"},{"static":true,"name":"toCodePoint","parameters":[{"name":"high","type":"char"},{"name":"low","type":"char"}],"return":"int"},{"static":true,"name":"codePointAt","parameters":[{"name":"seq","type":"java.lang.CharSequence"},{"name":"index","type":"int"}],"return":"int"},{"static":true,"name":"codePointAt","parameters":[{"name":"a","type":"char[]"},{"name":"index","type":"int"}],"return":"int"},{"static":true,"name":"codePointAt","parameters":[{"name":"a","type":"char[]"},{"name":"index","type":"int"},{"name":"limit","type":"int"}],"return":"int"},{"static":true,"name":"codePointBefore","parameters":[{"name":"seq","type":"java.lang.CharSequence"},{"name":"index","type":"int"}],"return":"int"},{"static":true,"name":"codePointBefore","parameters":[{"name":"a","type":"char[]"},{"name":"index","type":"int"}],"return":"int"},{"static":true,"name":"codePointBefore","parameters":[{"name":"a","type":"char[]"},{"name":"index","type":"int"},{"name":"start","type":"int"}],"return":"int"},{"static":true,"name":"highSurrogate","parameters":[{"name":"codePoint","type":"int"}],"return":"char"},{"static":true,"name":"lowSurrogate","parameters":[{"name":"codePoint","type":"int"}],"return":"char"},{"static":true,"name":"toChars","parameters":[{"name":"codePoint","type":"int"},{"name":"dst","type":"char[]"},{"name":"dstIndex","type":"int"}],"return":"int"},{"static":true,"name":"toChars","parameters":[{"name":"codePoint","type":"int"}],"return":"char[]"},{"static":true,"name":"codePointCount","parameters":[{"name":"seq","type":"java.lang.CharSequence"},{"name":"beginIndex","type":"int"},{"name":"endIndex","type":"int"}],"return":"int"},{"static":true,"name":"codePointCount","parameters":[{"name":"a","type":"char[]"},{"name":"offset","type":"int"},{"name":"count","type":"int"}],"return":"int"},{"static":true,"name":"offsetByCodePoints","parameters":[{"name":"seq","type":"java.lang.CharSequence"},{"name":"index","type":"int"},{"name":"codePointOffset","type":"int"}],"return":"int"},{"static":true,"name":"offsetByCodePoints","parameters":[{"name":"a","type":"char[]"},{"name":"start","type":"int"},{"name":"count","type":"int"},{"name":"index","type":"int"},{"name":"codePointOffset","type":"int"}],"return":"int"},{"static":true,"name":"isLowerCase","parameters":[{"name":"ch","type":"char"}],"return":"boolean"},{"static":true,"name":"isLowerCase","parameters":[{"name":"codePoint","type":"int"}],"return":"boolean"},{"static":true,"name":"isUpperCase","parameters":[{"name":"ch","type":"char"}],"return":"boolean"},{"static":true,"name":"isUpperCase","parameters":[{"name":"codePoint","type":"int"}],"return":"boolean"},{"static":true,"name":"isTitleCase","parameters":[{"name":"ch","type":"char"}],"return":"boolean"},{"static":true,"name":"isTitleCase","parameters":[{"name":"codePoint","type":"int"}],"return":"boolean"},{"static":true,"name":"isDigit","parameters":[{"name":"ch","type":"char"}],"return":"boolean"},{"static":true,"name":"isDigit","parameters":[{"name":"codePoint","type":"int"}],"return":"boolean"},{"static":true,"name":"isDefined","parameters":[{"name":"ch","type":"char"}],"return":"boolean"},{"static":true,"name":"isDefined","parameters":[{"name":"codePoint","type":"int"}],"return":"boolean"},{"static":true,"name":"isLetter","parameters":[{"name":"ch","type":"char"}],"return":"boolean"},{"static":true,"name":"isLetter","parameters":[{"name":"codePoint","type":"int"}],"return":"boolean"},{"static":true,"name":"isLetterOrDigit","parameters":[{"name":"ch","type":"char"}],"return":"boolean"},{"static":true,"name":"isLetterOrDigit","parameters":[{"name":"codePoint","type":"int"}],"return":"boolean"},{"static":true,"name":"isJavaLetter","parameters":[{"name":"ch","type":"char"}],"return":"boolean"},{"static":true,"name":"isJavaLetterOrDigit","parameters":[{"name":"ch","type":"char"}],"return":"boolean"},{"static":true,"name":"isAlphabetic","parameters":[{"name":"codePoint","type":"int"}],"return":"boolean"},{"static":true,"name":"isIdeographic","parameters":[{"name":"codePoint","type":"int"}],"return":"boolean"},{"static":true,"name":"isJavaIdentifierStart","parameters":[{"name":"ch","type":"char"}],"return":"boolean"},{"static":true,"name":"isJavaIdentifierStart","parameters":[{"name":"codePoint","type":"int"}],"return":"boolean"},{"static":true,"name":"isJavaIdentifierPart","parameters":[{"name":"ch","type":"char"}],"return":"boolean"},{"static":true,"name":"isJavaIdentifierPart","parameters":[{"name":"codePoint","type":"int"}],"return":"boolean"},{"static":true,"name":"isUnicodeIdentifierStart","parameters":[{"name":"ch","type":"char"}],"return":"boolean"},{"static":true,"name":"isUnicodeIdentifierStart","parameters":[{"name":"codePoint","type":"int"}],"return":"boolean"},{"static":true,"name":"isUnicodeIdentifierPart","parameters":[{"name":"ch","type":"char"}],"return":"boolean"},{"static":true,"name":"isUnicodeIdentifierPart","parameters":[{"name":"codePoint","type":"int"}],"return":"boolean"},{"static":true,"name":"isIdentifierIgnorable","parameters":[{"name":"ch","type":"char"}],"return":"boolean"},{"static":true,"name":"isIdentifierIgnorable","parameters":[{"name":"codePoint","type":"int"}],"return":"boolean"},{"static":true,"name":"toLowerCase","parameters":[{"name":"ch","type":"char"}],"return":"char"},{"static":true,"name":"toLowerCase","parameters":[{"name":"codePoint","type":"int"}],"return":"int"},{"static":true,"name":"toUpperCase","parameters":[{"name":"ch","type":"char"}],"return":"char"},{"static":true,"name":"toUpperCase","parameters":[{"name":"codePoint","type":"int"}],"return":"int"},{"static":true,"name":"toTitleCase","parameters":[{"name":"ch","type":"char"}],"return":"char"},{"static":true,"name":"toTitleCase","parameters":[{"name":"codePoint","type":"int"}],"return":"int"},{"static":true,"name":"digit","parameters":[{"name":"ch","type":"char"},{"name":"radix","type":"int"}],"return":"int"},{"static":true,"name":"digit","parameters":[{"name":"codePoint","type":"int"},{"name":"radix","type":"int"}],"return":"int"},{"static":true,"name":"getNumericValue","parameters":[{"name":"ch","type":"char"}],"return":"int"},{"static":true,"name":"getNumericValue","parameters":[{"name":"codePoint","type":"int"}],"return":"int"},{"static":true,"name":"isSpace","parameters":[{"name":"ch","type":"char"}],"return":"boolean"},{"static":true,"name":"isSpaceChar","parameters":[{"name":"ch","type":"char"}],"return":"boolean"},{"static":true,"name":"isSpaceChar","parameters":[{"name":"codePoint","type":"int"}],"return":"boolean"},{"static":true,"name":"isWhitespace","parameters":[{"name":"ch","type":"char"}],"return":"boolean"},{"static":true,"name":"isWhitespace","parameters":[{"name":"codePoint","type":"int"}],"return":"boolean"},{"static":true,"name":"isISOControl","parameters":[{"name":"ch","type":"char"}],"return":"boolean"},{"static":true,"name":"isISOControl","parameters":[{"name":"codePoint","type":"int"}],"return":"boolean"},{"static":true,"name":"getType","parameters":[{"name":"ch","type":"char"}],"return":"int"},{"static":true,"name":"getType","parameters":[{"name":"codePoint","type":"int"}],"return":"int"},{"static":true,"name":"forDigit","parameters":[{"name":"digit","type":"int"},{"name":"radix","type":"int"}],"return":"char"},{"static":true,"name":"getDirectionality","parameters":[{"name":"ch","type":"char"}],"return":"byte"},{"static":true,"name":"getDirectionality","parameters":[{"name":"codePoint","type":"int"}],"return":"byte"},{"static":true,"name":"isMirrored","parameters":[{"name":"ch","type":"char"}],"return":"boolean"},{"static":true,"name":"isMirrored","parameters":[{"name":"codePoint","type":"int"}],"return":"boolean"},{"name":"compareTo","parameters":[{"name":"anotherCharacter","type":"java.lang.Character"}],"return":"int"},{"static":true,"name":"compare","parameters":[{"name":"x","type":"char"},{"name":"y","type":"char"}],"return":"int"},{"static":true,"name":"reverseBytes","parameters":[{"name":"ch","type":"char"}],"return":"char"},{"static":true,"name":"getName","parameters":[{"name":"codePoint","type":"int"}],"return":"java.lang.String"},{"static":true,"name":"codePointOf","parameters":[{"name":"name","type":"java.lang.String"}],"return":"int"}],"name":"java.lang.Character","simple-name":"Character","fields":[{"static":true,"name":"MIN_RADIX","type":"int"},{"static":true,"name":"MAX_RADIX","type":"int"},{"static":true,"name":"MIN_VALUE","type":"char"},{"static":true,"name":"MAX_VALUE","type":"char"},{"static":true,"name":"TYPE","type":"java.lang.Class"},{"static":true,"name":"UNASSIGNED","type":"byte"},{"static":true,"name":"UPPERCASE_LETTER","type":"byte"},{"static":true,"name":"LOWERCASE_LETTER","type":"byte"},{"static":true,"name":"TITLECASE_LETTER","type":"byte"},{"static":true,"name":"MODIFIER_LETTER","type":"byte"},{"static":true,"name":"OTHER_LETTER","type":"byte"},{"static":true,"name":"NON_SPACING_MARK","type":"byte"},{"static":true,"name":"ENCLOSING_MARK","type":"byte"},{"static":true,"name":"COMBINING_SPACING_MARK","type":"byte"},{"static":true,"name":"DECIMAL_DIGIT_NUMBER","type":"byte"},{"static":true,"name":"LETTER_NUMBER","type":"byte"},{"static":true,"name":"OTHER_NUMBER","type":"byte"},{"static":true,"name":"SPACE_SEPARATOR","type":"byte"},{"static":true,"name":"LINE_SEPARATOR","type":"byte"},{"static":true,"name":"PARAGRAPH_SEPARATOR","type":"byte"},{"static":true,"name":"CONTROL","type":"byte"},{"static":true,"name":"FORMAT","type":"byte"},{"static":true,"name":"PRIVATE_USE","type":"byte"},{"static":true,"name":"SURROGATE","type":"byte"},{"static":true,"name":"DASH_PUNCTUATION","type":"byte"},{"static":true,"name":"START_PUNCTUATION","type":"byte"},{"static":true,"name":"END_PUNCTUATION","type":"byte"},{"static":true,"name":"CONNECTOR_PUNCTUATION","type":"byte"},{"static":true,"name":"OTHER_PUNCTUATION","type":"byte"},{"static":true,"name":"MATH_SYMBOL","type":"byte"},{"static":true,"name":"CURRENCY_SYMBOL","type":"byte"},{"static":true,"name":"MODIFIER_SYMBOL","type":"byte"},{"static":true,"name":"OTHER_SYMBOL","type":"byte"},{"static":true,"name":"INITIAL_QUOTE_PUNCTUATION","type":"byte"},{"static":true,"name":"FINAL_QUOTE_PUNCTUATION","type":"byte"},{"static":true,"name":"DIRECTIONALITY_UNDEFINED","type":"byte"},{"static":true,"name":"DIRECTIONALITY_LEFT_TO_RIGHT","type":"byte"},{"static":true,"name":"DIRECTIONALITY_RIGHT_TO_LEFT","type":"byte"},{"static":true,"name":"DIRECTIONALITY_RIGHT_TO_LEFT_ARABIC","type":"byte"},{"static":true,"name":"DIRECTIONALITY_EUROPEAN_NUMBER","type":"byte"},{"static":true,"name":"DIRECTIONALITY_EUROPEAN_NUMBER_SEPARATOR","type":"byte"},{"static":true,"name":"DIRECTIONALITY_EUROPEAN_NUMBER_TERMINATOR","type":"byte"},{"static":true,"name":"DIRECTIONALITY_ARABIC_NUMBER","type":"byte"},{"static":true,"name":"DIRECTIONALITY_COMMON_NUMBER_SEPARATOR","type":"byte"},{"static":true,"name":"DIRECTIONALITY_NONSPACING_MARK","type":"byte"},{"static":true,"name":"DIRECTIONALITY_BOUNDARY_NEUTRAL","type":"byte"},{"static":true,"name":"DIRECTIONALITY_PARAGRAPH_SEPARATOR","type":"byte"},{"static":true,"name":"DIRECTIONALITY_SEGMENT_SEPARATOR","type":"byte"},{"static":true,"name":"DIRECTIONALITY_WHITESPACE","type":"byte"},{"static":true,"name":"DIRECTIONALITY_OTHER_NEUTRALS","type":"byte"},{"static":true,"name":"DIRECTIONALITY_LEFT_TO_RIGHT_EMBEDDING","type":"byte"},{"static":true,"name":"DIRECTIONALITY_LEFT_TO_RIGHT_OVERRIDE","type":"byte"},{"static":true,"name":"DIRECTIONALITY_RIGHT_TO_LEFT_EMBEDDING","type":"byte"},{"static":true,"name":"DIRECTIONALITY_RIGHT_TO_LEFT_OVERRIDE","type":"byte"},{"static":true,"name":"DIRECTIONALITY_POP_DIRECTIONAL_FORMAT","type":"byte"},{"static":true,"name":"DIRECTIONALITY_LEFT_TO_RIGHT_ISOLATE","type":"byte"},{"static":true,"name":"DIRECTIONALITY_RIGHT_TO_LEFT_ISOLATE","type":"byte"},{"static":true,"name":"DIRECTIONALITY_FIRST_STRONG_ISOLATE","type":"byte"},{"static":true,"name":"DIRECTIONALITY_POP_DIRECTIONAL_ISOLATE","type":"byte"},{"static":true,"name":"MIN_HIGH_SURROGATE","type":"char"},{"static":true,"name":"MAX_HIGH_SURROGATE","type":"char"},{"static":true,"name":"MIN_LOW_SURROGATE","type":"char"},{"static":true,"name":"MAX_LOW_SURROGATE","type":"char"},{"static":true,"name":"MIN_SURROGATE","type":"char"},{"static":true,"name":"MAX_SURROGATE","type":"char"},{"static":true,"name":"MIN_SUPPLEMENTARY_CODE_POINT","type":"int"},{"static":true,"name":"MIN_CODE_POINT","type":"int"},{"static":true,"name":"MAX_CODE_POINT","type":"int"},{"static":true,"name":"SIZE","type":"int"},{"static":true,"name":"BYTES","type":"int"}]}