{"package":"java.lang","methods":[{"name":"getClass","return":"java.lang.Class"},{"name":"hashCode","return":"int"},{"name":"equals","parameters":[{"name":"obj","type":"java.lang.Object"}],"return":"boolean"},{"name":"notify"},{"name":"notifyAll"},{"name":"wait"},{"name":"wait","parameters":[{"name":"timeoutMillis","type":"long"}]},{"name":"wait","parameters":[{"name":"timeoutMillis","type":"long"},{"name":"nanos","type":"int"}]},{"name":"toString","return":"java.lang.String"},{"name":"toGenericString","return":"java.lang.String"},{"static":true,"name":"forName","parameters":[{"name":"className","type":"java.lang.String"}],"return":"java.lang.Class"},{"static":true,"name":"forName","parameters":[{"name":"name","type":"java.lang.String"},{"name":"initialize","type":"boolean"},{"name":"loader","type":"java.lang.ClassLoader"}],"return":"java.lang.Class"},{"static":true,"name":"forName","parameters":[{"name":"module","type":"java.lang.Module"},{"name":"name","type":"java.lang.String"}],"return":"java.lang.Class"},{"name":"newInstance","return":"java.lang.Object"},{"name":"isInstance","parameters":[{"name":"obj","type":"java.lang.Object"}],"return":"boolean"},{"name":"isAssignableFrom","parameters":[{"name":"cls","type":"java.lang.Class"}],"return":"boolean"},{"name":"isInterface","return":"boolean"},{"name":"isArray","return":"boolean"},{"name":"isPrimitive","return":"boolean"},{"name":"isAnnotation","return":"boolean"},{"name":"isSynthetic","return":"boolean"},{"name":"getName","return":"java.lang.String"},{"name":"getClassLoader","return":"java.lang.ClassLoader"},{"name":"getModule","return":"java.lang.Module"},{"name":"getTypeParameters","return":"java.lang.reflect.TypeVariable[]"},{"name":"getSuperclass","return":"java.lang.Class"},{"name":"getGenericSuperclass","return":"java.lang.reflect.Type"},{"name":"getPackage","return":"java.lang.Package"},{"name":"getPackageName","return":"java.lang.String"},{"name":"getInterfaces","return":"java.lang.Class[]"},{"name":"getGenericInterfaces","return":"java.lang.reflect.Type[]"},{"name":"getComponentType","return":"java.lang.Class"},{"name":"getModifiers","return":"int"},{"name":"getSigners","return":"java.lang.Object[]"},{"name":"getEnclosingMethod","return":"java.lang.reflect.Method"},{"name":"getEnclosingConstructor","return":"java.lang.reflect.Constructor"},{"name":"getDeclaringClass","return":"java.lang.Class"},{"name":"getEnclosingClass","return":"java.lang.Class"},{"name":"getSimpleName","return":"java.lang.String"},{"name":"getTypeName","return":"java.lang.String"},{"name":"getCanonicalName","return":"java.lang.String"},{"name":"isAnonymousClass","return":"boolean"},{"name":"isLocalClass","return":"boolean"},{"name":"isMemberClass","return":"boolean"},{"name":"getClasses","return":"java.lang.Class[]"},{"name":"getFields","return":"java.lang.reflect.Field[]"},{"name":"getMethods","return":"java.lang.reflect.Method[]"},{"name":"getConstructors","return":"java.lang.reflect.Constructor[]"},{"name":"getField","parameters":[{"name":"name","type":"java.lang.String"}],"return":"java.lang.reflect.Field"},{"name":"getMethod","parameters":[{"name":"name","type":"java.lang.String"},{"name":"parameterTypes","type":"java.lang.Class[]"}],"return":"java.lang.reflect.Method"},{"name":"getConstructor","parameters":[{"name":"parameterTypes","type":"java.lang.Class[]"}],"return":"java.lang.reflect.Constructor"},{"name":"getDeclaredClasses","return":"java.lang.Class[]"},{"name":"getDeclaredFields","return":"java.lang.reflect.Field[]"},{"name":"getRecordComponents","return":"java.lang.reflect.RecordComponent[]"},{"name":"getDeclaredMethods","return":"java.lang.reflect.Method[]"},{"name":"getDeclaredConstructors","return":"java.lang.reflect.Constructor[]"},{"name":"getDeclaredField","parameters":[{"name":"name","type":"java.lang.String"}],"return":"java.lang.reflect.Field"},{"name":"getDeclaredMethod","parameters":[{"name":"name","type":"java.lang.String"},{"name":"parameterTypes","type":"java.lang.Class[]"}],"return":"java.lang.reflect.Method"},{"name":"getDeclaredConstructor","parameters":[{"name":"parameterTypes","type":"java.lang.Class[]"}],"return":"java.lang.reflect.Constructor"},{"name":"getResourceAsStream","parameters":[{"name":"name","type":"java.lang.String"}],"return":"java.io.InputStream"},{"name":"getResource","parameters":[{"name":"name","type":"java.lang.String"}],"return":"java.net.URL"},{"name":"getProtectionDomain","return":"java.security.ProtectionDomain"},{"name":"desiredAssertionStatus","return":"boolean"},{"name":"isEnum","return":"boolean"},{"name":"isRecord","return":"boolean"},{"name":"getEnumConstants","return":"java.lang.Object[]"},{"name":"cast","parameters":[{"name":"obj","type":"java.lang.Object"}],"return":"java.lang.Object"},{"name":"asSubclass","parameters":[{"name":"clazz","type":"java.lang.Class"}],"return":"java.lang.Class"},{"name":"getAnnotation","parameters":[{"name":"annotationClass","type":"java.lang.Class"}],"return":"java.lang.annotation.Annotation"},{"name":"isAnnotationPresent","parameters":[{"name":"annotationClass","type":"java.lang.Class"}],"return":"boolean"},{"name":"getAnnotationsByType","parameters":[{"name":"annotationClass","type":"java.lang.Class"}],"return":"java.lang.annotation.Annotation[]"},{"name":"getAnnotations","return":"java.lang.annotation.Annotation[]"},{"name":"getDeclaredAnnotation","parameters":[{"name":"annotationClass","type":"java.lang.Class"}],"return":"java.lang.annotation.Annotation"},{"name":"getDeclaredAnnotationsByType","parameters":[{"name":"annotationClass","type":"java.lang.Class"}],"return":"java.lang.annotation.Annotation[]"},{"name":"getDeclaredAnnotations","return":"java.lang.annotation.Annotation[]"},{"name":"getAnnotatedSuperclass","return":"java.lang.reflect.AnnotatedType"},{"name":"getAnnotatedInterfaces","return":"java.lang.reflect.AnnotatedType[]"},{"name":"getNestHost","return":"java.lang.Class"},{"name":"isNestmateOf","parameters":[{"name":"c","type":"java.lang.Class"}],"return":"boolean"},{"name":"getNestMembers","return":"java.lang.Class[]"},{"name":"descriptorString","return":"java.lang.String"},{"name":"componentType","return":"java.lang.Class"},{"name":"arrayType","return":"java.lang.Class"},{"name":"describeConstable","return":"java.util.Optional"},{"name":"isHidden","return":"boolean"},{"name":"getPermittedSubclasses","return":"java.lang.Class[]"},{"name":"isSealed","return":"boolean"}],"name":"java.lang.Class","simple-name":"Class"}