{"package":"java.lang.reflect","methods":[{"name":"getClass","return":"java.lang.Class"},{"name":"notify"},{"name":"notifyAll"},{"name":"wait"},{"name":"wait","parameters":[{"name":"timeoutMillis","type":"long"}]},{"name":"wait","parameters":[{"name":"timeoutMillis","type":"long"},{"name":"nanos","type":"int"}]},{"static":true,"name":"setAccessible","parameters":[{"name":"array","type":"java.lang.reflect.AccessibleObject[]"},{"name":"flag","type":"boolean"}]},{"name":"trySetAccessible","return":"boolean"},{"name":"isAccessible","return":"boolean"},{"name":"canAccess","parameters":[{"name":"obj","type":"java.lang.Object"}],"return":"boolean"},{"name":"isAnnotationPresent","parameters":[{"name":"annotationClass","type":"java.lang.Class"}],"return":"boolean"},{"name":"getAnnotations","return":"java.lang.annotation.Annotation[]"},{"name":"getDeclaredAnnotation","parameters":[{"name":"annotationClass","type":"java.lang.Class"}],"return":"java.lang.annotation.Annotation"},{"name":"getDeclaredAnnotationsByType","parameters":[{"name":"annotationClass","type":"java.lang.Class"}],"return":"java.lang.annotation.Annotation[]"},{"name":"setAccessible","parameters":[{"name":"flag","type":"boolean"}]},{"name":"getDeclaringClass","return":"java.lang.Class"},{"name":"getName","return":"java.lang.String"},{"name":"getModifiers","return":"int"},{"name":"isEnumConstant","return":"boolean"},{"name":"isSynthetic","return":"boolean"},{"name":"getType","return":"java.lang.Class"},{"name":"getGenericType","return":"java.lang.reflect.Type"},{"name":"equals","parameters":[{"name":"obj","type":"java.lang.Object"}],"return":"boolean"},{"name":"hashCode","return":"int"},{"name":"toString","return":"java.lang.String"},{"name":"toGenericString","return":"java.lang.String"},{"name":"get","parameters":[{"name":"obj","type":"java.lang.Object"}],"return":"java.lang.Object"},{"name":"getBoolean","parameters":[{"name":"obj","type":"java.lang.Object"}],"return":"boolean"},{"name":"getByte","parameters":[{"name":"obj","type":"java.lang.Object"}],"return":"byte"},{"name":"getChar","parameters":[{"name":"obj","type":"java.lang.Object"}],"return":"char"},{"name":"getShort","parameters":[{"name":"obj","type":"java.lang.Object"}],"return":"short"},{"name":"getInt","parameters":[{"name":"obj","type":"java.lang.Object"}],"return":"int"},{"name":"getLong","parameters":[{"name":"obj","type":"java.lang.Object"}],"return":"long"},{"name":"getFloat","parameters":[{"name":"obj","type":"java.lang.Object"}],"return":"float"},{"name":"getDouble","parameters":[{"name":"obj","type":"java.lang.Object"}],"return":"double"},{"name":"set","parameters":[{"name":"obj","type":"java.lang.Object"},{"name":"value","type":"java.lang.Object"}]},{"name":"setBoolean","parameters":[{"name":"obj","type":"java.lang.Object"},{"name":"z","type":"boolean"}]},{"name":"setByte","parameters":[{"name":"obj","type":"java.lang.Object"},{"name":"b","type":"byte"}]},{"name":"setChar","parameters":[{"name":"obj","type":"java.lang.Object"},{"name":"c","type":"char"}]},{"name":"setShort","parameters":[{"name":"obj","type":"java.lang.Object"},{"name":"s","type":"short"}]},{"name":"setInt","parameters":[{"name":"obj","type":"java.lang.Object"},{"name":"i","type":"int"}]},{"name":"setLong","parameters":[{"name":"obj","type":"java.lang.Object"},{"name":"l","type":"long"}]},{"name":"setFloat","parameters":[{"name":"obj","type":"java.lang.Object"},{"name":"f","type":"float"}]},{"name":"setDouble","parameters":[{"name":"obj","type":"java.lang.Object"},{"name":"d","type":"double"}]},{"name":"getAnnotation","parameters":[{"name":"annotationClass","type":"java.lang.Class"}],"return":"java.lang.annotation.Annotation"},{"name":"getAnnotationsByType","parameters":[{"name":"annotationClass","type":"java.lang.Class"}],"return":"java.lang.annotation.Annotation[]"},{"name":"getDeclaredAnnotations","return":"java.lang.annotation.Annotation[]"},{"name":"getAnnotatedType","return":"java.lang.reflect.AnnotatedType"}],"name":"java.lang.reflect.Field","simple-name":"Field","fields":[{"static":true,"name":"PUBLIC","type":"int"},{"static":true,"name":"DECLARED","type":"int"}]}