{"package":"java.nio.channels","methods":[{"name":"getClass","return":"java.lang.Class"},{"name":"hashCode","return":"int"},{"name":"equals","parameters":[{"name":"obj","type":"java.lang.Object"}],"return":"boolean"},{"name":"toString","return":"java.lang.String"},{"name":"notify"},{"name":"notifyAll"},{"name":"wait"},{"name":"wait","parameters":[{"name":"timeoutMillis","type":"long"}]},{"name":"wait","parameters":[{"name":"timeoutMillis","type":"long"},{"name":"nanos","type":"int"}]},{"name":"isOpen","return":"boolean"},{"name":"close"},{"name":"read","parameters":[{"name":"dst","type":"java.nio.ByteBuffer"},{"name":"attachment","type":"java.lang.Object"},{"name":"handler","type":"java.nio.channels.CompletionHandler"}]},{"name":"read","parameters":[{"name":"dst","type":"java.nio.ByteBuffer"}],"return":"java.util.concurrent.Future"},{"name":"write","parameters":[{"name":"src","type":"java.nio.ByteBuffer"},{"name":"attachment","type":"java.lang.Object"},{"name":"handler","type":"java.nio.channels.CompletionHandler"}]},{"name":"write","parameters":[{"name":"src","type":"java.nio.ByteBuffer"}],"return":"java.util.concurrent.Future"}],"name":"java.nio.channels.AsynchronousByteChannel","simple-name":"AsynchronousByteChannel"}