{"package":"java.net.http","methods":[{"name":"getClass","return":"java.lang.Class"},{"name":"toString","return":"java.lang.String"},{"name":"notify"},{"name":"notifyAll"},{"name":"wait"},{"name":"wait","parameters":[{"name":"timeoutMillis","type":"long"}]},{"name":"wait","parameters":[{"name":"timeoutMillis","type":"long"},{"name":"nanos","type":"int"}]},{"static":true,"name":"newBuilder","parameters":[{"name":"uri","type":"java.net.URI"}],"return":"java.net.http.HttpRequest.Builder"},{"static":true,"name":"newBuilder","parameters":[{"name":"request","type":"java.net.http.HttpRequest"},{"name":"filter","type":"java.util.function.BiPredicate"}],"return":"java.net.http.HttpRequest.Builder"},{"static":true,"name":"newBuilder","return":"java.net.http.HttpRequest.Builder"},{"name":"bodyPublisher","return":"java.util.Optional"},{"name":"method","return":"java.lang.String"},{"name":"timeout","return":"java.util.Optional"},{"name":"expectContinue","return":"boolean"},{"name":"uri","return":"java.net.URI"},{"name":"version","return":"java.util.Optional"},{"name":"headers","return":"java.net.http.HttpHeaders"},{"name":"equals","parameters":[{"name":"obj","type":"java.lang.Object"}],"return":"boolean"},{"name":"hashCode","return":"int"}],"name":"java.net.http.HttpRequest","simple-name":"HttpRequest"}