{"package":"java.lang.invoke","methods":[{"name":"getClass","return":"java.lang.Class"},{"name":"hashCode","return":"int"},{"name":"equals","parameters":[{"name":"obj","type":"java.lang.Object"}],"return":"boolean"},{"name":"toString","return":"java.lang.String"},{"name":"notify"},{"name":"notifyAll"},{"name":"wait"},{"name":"wait","parameters":[{"name":"timeoutMillis","type":"long"}]},{"name":"wait","parameters":[{"name":"timeoutMillis","type":"long"},{"name":"nanos","type":"int"}]},{"static":true,"name":"nullConstant","parameters":[{"name":"lookup","type":"java.lang.invoke.MethodHandles.Lookup"},{"name":"name","type":"java.lang.String"},{"name":"type","type":"java.lang.Class"}],"return":"java.lang.Object"},{"static":true,"name":"primitiveClass","parameters":[{"name":"lookup","type":"java.lang.invoke.MethodHandles.Lookup"},{"name":"name","type":"java.lang.String"},{"name":"type","type":"java.lang.Class"}],"return":"java.lang.Class"},{"static":true,"name":"enumConstant","parameters":[{"name":"lookup","type":"java.lang.invoke.MethodHandles.Lookup"},{"name":"name","type":"java.lang.String"},{"name":"type","type":"java.lang.Class"}],"return":"java.lang.Enum"},{"static":true,"name":"getStaticFinal","parameters":[{"name":"lookup","type":"java.lang.invoke.MethodHandles.Lookup"},{"name":"name","type":"java.lang.String"},{"name":"type","type":"java.lang.Class"},{"name":"declaringClass","type":"java.lang.Class"}],"return":"java.lang.Object"},{"static":true,"name":"getStaticFinal","parameters":[{"name":"lookup","type":"java.lang.invoke.MethodHandles.Lookup"},{"name":"name","type":"java.lang.String"},{"name":"type","type":"java.lang.Class"}],"return":"java.lang.Object"},{"static":true,"name":"invoke","parameters":[{"name":"lookup","type":"java.lang.invoke.MethodHandles.Lookup"},{"name":"name","type":"java.lang.String"},{"name":"type","type":"java.lang.Class"},{"name":"handle","type":"java.lang.invoke.MethodHandle"},{"name":"args","type":"java.lang.Object[]"}],"return":"java.lang.Object"},{"static":true,"name":"fieldVarHandle","parameters":[{"name":"lookup","type":"java.lang.invoke.MethodHandles.Lookup"},{"name":"name","type":"java.lang.String"},{"name":"type","type":"java.lang.Class"},{"name":"declaringClass","type":"java.lang.Class"},{"name":"fieldType","type":"java.lang.Class"}],"return":"java.lang.invoke.VarHandle"},{"static":true,"name":"staticFieldVarHandle","parameters":[{"name":"lookup","type":"java.lang.invoke.MethodHandles.Lookup"},{"name":"name","type":"java.lang.String"},{"name":"type","type":"java.lang.Class"},{"name":"declaringClass","type":"java.lang.Class"},{"name":"fieldType","type":"java.lang.Class"}],"return":"java.lang.invoke.VarHandle"},{"static":true,"name":"arrayVarHandle","parameters":[{"name":"lookup","type":"java.lang.invoke.MethodHandles.Lookup"},{"name":"name","type":"java.lang.String"},{"name":"type","type":"java.lang.Class"},{"name":"arrayClass","type":"java.lang.Class"}],"return":"java.lang.invoke.VarHandle"},{"static":true,"name":"explicitCast","parameters":[{"name":"lookup","type":"java.lang.invoke.MethodHandles.Lookup"},{"name":"name","type":"java.lang.String"},{"name":"dstType","type":"java.lang.Class"},{"name":"value","type":"java.lang.Object"}],"return":"java.lang.Object"}],"name":"java.lang.invoke.ConstantBootstraps","simple-name":"ConstantBootstraps"}