{"package":"java.lang","methods":[{"name":"getClass","return":"java.lang.Class"},{"name":"hashCode","return":"int"},{"name":"equals","parameters":[{"name":"obj","type":"java.lang.Object"}],"return":"boolean"},{"name":"toString","return":"java.lang.String"},{"name":"notify"},{"name":"notifyAll"},{"name":"wait"},{"name":"wait","parameters":[{"name":"timeoutMillis","type":"long"}]},{"name":"wait","parameters":[{"name":"timeoutMillis","type":"long"},{"name":"nanos","type":"int"}]},{"name":"command","return":"java.util.Optional"},{"name":"commandLine","return":"java.util.Optional"},{"name":"arguments","return":"java.util.Optional"},{"name":"startInstant","return":"java.util.Optional"},{"name":"totalCpuDuration","return":"java.util.Optional"},{"name":"user","return":"java.util.Optional"}],"name":"java.lang.ProcessHandle.Info","simple-name":"Info"}