{"package":"java.net","methods":[{"name":"getClass","return":"java.lang.Class"},{"name":"hashCode","return":"int"},{"name":"equals","parameters":[{"name":"obj","type":"java.lang.Object"}],"return":"boolean"},{"name":"toString","return":"java.lang.String"},{"name":"notify"},{"name":"notifyAll"},{"name":"wait"},{"name":"wait","parameters":[{"name":"timeoutMillis","type":"long"}]},{"name":"wait","parameters":[{"name":"timeoutMillis","type":"long"},{"name":"nanos","type":"int"}]},{"name":"shouldAccept","parameters":[{"name":"uri","type":"java.net.URI"},{"name":"cookie","type":"java.net.HttpCookie"}],"return":"boolean"}],"name":"java.net.CookiePolicy","simple-name":"CookiePolicy","fields":[{"static":true,"name":"ACCEPT_ALL","type":"java.net.CookiePolicy"},{"static":true,"name":"ACCEPT_NONE","type":"java.net.CookiePolicy"},{"static":true,"name":"ACCEPT_ORIGINAL_SERVER","type":"java.net.CookiePolicy"}]}