{"package":"java.net","methods":[{"name":"getClass","return":"java.lang.Class"},{"name":"hashCode","return":"int"},{"name":"equals","parameters":[{"name":"obj","type":"java.lang.Object"}],"return":"boolean"},{"name":"toString","return":"java.lang.String"},{"name":"notify"},{"name":"notifyAll"},{"name":"wait"},{"name":"wait","parameters":[{"name":"timeoutMillis","type":"long"}]},{"name":"wait","parameters":[{"name":"timeoutMillis","type":"long"},{"name":"nanos","type":"int"}]},{"static":true,"name":"decode","parameters":[{"name":"s","type":"java.lang.String"}],"return":"java.lang.String"},{"static":true,"name":"decode","parameters":[{"name":"s","type":"java.lang.String"},{"name":"enc","type":"java.lang.String"}],"return":"java.lang.String"},{"static":true,"name":"decode","parameters":[{"name":"s","type":"java.lang.String"},{"name":"charset","type":"java.nio.charset.Charset"}],"return":"java.lang.String"}],"name":"java.net.URLDecoder","simple-name":"URLDecoder"}