{"constructors":[{"name":"<init>","parameters":[{"name":"port","type":"int"}]},{"name":"<init>","parameters":[{"name":"addr","type":"java.net.InetAddress"},{"name":"port","type":"int"}]},{"name":"<init>","parameters":[{"name":"hostname","type":"java.lang.String"},{"name":"port","type":"int"}]}],"package":"java.net","methods":[{"name":"getClass","return":"java.lang.Class"},{"name":"notify"},{"name":"notifyAll"},{"name":"wait"},{"name":"wait","parameters":[{"name":"timeoutMillis","type":"long"}]},{"name":"wait","parameters":[{"name":"timeoutMillis","type":"long"},{"name":"nanos","type":"int"}]},{"static":true,"name":"createUnresolved","parameters":[{"name":"host","type":"java.lang.String"},{"name":"port","type":"int"}],"return":"java.net.InetSocketAddress"},{"name":"getPort","return":"int"},{"name":"getAddress","return":"java.net.InetAddress"},{"name":"getHostName","return":"java.lang.String"},{"name":"getHostString","return":"java.lang.String"},{"name":"isUnresolved","return":"boolean"},{"name":"toString","return":"java.lang.String"},{"name":"equals","parameters":[{"name":"obj","type":"java.lang.Object"}],"return":"boolean"},{"name":"hashCode","return":"int"}],"name":"java.net.InetSocketAddress","simple-name":"InetSocketAddress"}