{"package":"java.lang.runtime","methods":[{"name":"getClass","return":"java.lang.Class"},{"name":"hashCode","return":"int"},{"name":"equals","parameters":[{"name":"obj","type":"java.lang.Object"}],"return":"boolean"},{"name":"toString","return":"java.lang.String"},{"name":"notify"},{"name":"notifyAll"},{"name":"wait"},{"name":"wait","parameters":[{"name":"timeoutMillis","type":"long"}]},{"name":"wait","parameters":[{"name":"timeoutMillis","type":"long"},{"name":"nanos","type":"int"}]},{"static":true,"name":"typeSwitch","parameters":[{"name":"lookup","type":"java.lang.invoke.MethodHandles.Lookup"},{"name":"invocationName","type":"java.lang.String"},{"name":"invocationType","type":"java.lang.invoke.MethodType"},{"name":"labels","type":"java.lang.Object[]"}],"return":"java.lang.invoke.CallSite"},{"static":true,"name":"enumSwitch","parameters":[{"name":"lookup","type":"java.lang.invoke.MethodHandles.Lookup"},{"name":"invocationName","type":"java.lang.String"},{"name":"invocationType","type":"java.lang.invoke.MethodType"},{"name":"labels","type":"java.lang.Object[]"}],"return":"java.lang.invoke.CallSite"}],"name":"java.lang.runtime.SwitchBootstraps","simple-name":"SwitchBootstraps"}