{"package":"java.nio.channels","methods":[{"name":"getClass","return":"java.lang.Class"},{"name":"hashCode","return":"int"},{"name":"equals","parameters":[{"name":"obj","type":"java.lang.Object"}],"return":"boolean"},{"name":"toString","return":"java.lang.String"},{"name":"notify"},{"name":"notifyAll"},{"name":"wait"},{"name":"wait","parameters":[{"name":"timeoutMillis","type":"long"}]},{"name":"wait","parameters":[{"name":"timeoutMillis","type":"long"},{"name":"nanos","type":"int"}]},{"name":"completed","parameters":[{"name":"result","type":"java.lang.Object"},{"name":"attachment","type":"java.lang.Object"}]},{"name":"failed","parameters":[{"name":"exc","type":"java.lang.Throwable"},{"name":"attachment","type":"java.lang.Object"}]}],"name":"java.nio.channels.CompletionHandler","simple-name":"CompletionHandler"}