{"constructors":[{"name":"<init>"}],"package":"java.lang","methods":[{"name":"getClass","return":"java.lang.Class"},{"name":"hashCode","return":"int"},{"name":"equals","parameters":[{"name":"obj","type":"java.lang.Object"}],"return":"boolean"},{"name":"toString","return":"java.lang.String"},{"name":"notify"},{"name":"notifyAll"},{"name":"wait"},{"name":"wait","parameters":[{"name":"timeoutMillis","type":"long"}]},{"name":"wait","parameters":[{"name":"timeoutMillis","type":"long"},{"name":"nanos","type":"int"}]},{"name":"intValue","return":"int"},{"name":"longValue","return":"long"},{"name":"floatValue","return":"float"},{"name":"doubleValue","return":"double"},{"name":"byteValue","return":"byte"},{"name":"shortValue","return":"short"}],"name":"java.lang.Number","simple-name":"Number"}