{"package":"java.nio.channels","methods":[{"name":"getClass","return":"java.lang.Class"},{"name":"hashCode","return":"int"},{"name":"equals","parameters":[{"name":"obj","type":"java.lang.Object"}],"return":"boolean"},{"name":"toString","return":"java.lang.String"},{"name":"notify"},{"name":"notifyAll"},{"name":"wait"},{"name":"wait","parameters":[{"name":"timeoutMillis","type":"long"}]},{"name":"wait","parameters":[{"name":"timeoutMillis","type":"long"},{"name":"nanos","type":"int"}]},{"name":"provider","return":"java.nio.channels.spi.AsynchronousChannelProvider"},{"static":true,"name":"withFixedThreadPool","parameters":[{"name":"nThreads","type":"int"},{"name":"threadFactory","type":"java.util.concurrent.ThreadFactory"}],"return":"java.nio.channels.AsynchronousChannelGroup"},{"static":true,"name":"withCachedThreadPool","parameters":[{"name":"executor","type":"java.util.concurrent.ExecutorService"},{"name":"initialSize","type":"int"}],"return":"java.nio.channels.AsynchronousChannelGroup"},{"static":true,"name":"withThreadPool","parameters":[{"name":"executor","type":"java.util.concurrent.ExecutorService"}],"return":"java.nio.channels.AsynchronousChannelGroup"},{"name":"isShutdown","return":"boolean"},{"name":"isTerminated","return":"boolean"},{"name":"shutdown"},{"name":"shutdownNow"},{"name":"awaitTermination","parameters":[{"name":"timeout","type":"long"},{"name":"unit","type":"java.util.concurrent.TimeUnit"}],"return":"boolean"}],"name":"java.nio.channels.AsynchronousChannelGroup","simple-name":"AsynchronousChannelGroup"}