{"package":"java.nio.channels.spi","methods":[{"name":"getClass","return":"java.lang.Class"},{"name":"hashCode","return":"int"},{"name":"equals","parameters":[{"name":"obj","type":"java.lang.Object"}],"return":"boolean"},{"name":"toString","return":"java.lang.String"},{"name":"notify"},{"name":"notifyAll"},{"name":"wait"},{"name":"wait","parameters":[{"name":"timeoutMillis","type":"long"}]},{"name":"wait","parameters":[{"name":"timeoutMillis","type":"long"},{"name":"nanos","type":"int"}]},{"static":true,"name":"provider","return":"java.nio.channels.spi.AsynchronousChannelProvider"},{"name":"openAsynchronousChannelGroup","parameters":[{"name":"nThreads","type":"int"},{"name":"threadFactory","type":"java.util.concurrent.ThreadFactory"}],"return":"java.nio.channels.AsynchronousChannelGroup"},{"name":"openAsynchronousChannelGroup","parameters":[{"name":"executor","type":"java.util.concurrent.ExecutorService"},{"name":"initialSize","type":"int"}],"return":"java.nio.channels.AsynchronousChannelGroup"},{"name":"openAsynchronousServerSocketChannel","parameters":[{"name":"group","type":"java.nio.channels.AsynchronousChannelGroup"}],"return":"java.nio.channels.AsynchronousServerSocketChannel"},{"name":"openAsynchronousSocketChannel","parameters":[{"name":"group","type":"java.nio.channels.AsynchronousChannelGroup"}],"return":"java.nio.channels.AsynchronousSocketChannel"}],"name":"java.nio.channels.spi.AsynchronousChannelProvider","simple-name":"AsynchronousChannelProvider"}