{"package":"java.lang.constant","methods":[{"name":"getClass","return":"java.lang.Class"},{"name":"notify"},{"name":"notifyAll"},{"name":"wait"},{"name":"wait","parameters":[{"name":"timeoutMillis","type":"long"}]},{"name":"wait","parameters":[{"name":"timeoutMillis","type":"long"},{"name":"nanos","type":"int"}]},{"name":"name","return":"java.lang.String"},{"name":"ordinal","return":"int"},{"name":"toString","return":"java.lang.String"},{"name":"equals","parameters":[{"name":"other","type":"java.lang.Object"}],"return":"boolean"},{"name":"hashCode","return":"int"},{"name":"compareTo","parameters":[{"name":"o","type":"java.lang.Enum"}],"return":"int"},{"name":"getDeclaringClass","return":"java.lang.Class"},{"name":"describeConstable","return":"java.util.Optional"},{"static":true,"name":"valueOf","parameters":[{"name":"enumClass","type":"java.lang.Class"},{"name":"name","type":"java.lang.String"}],"return":"java.lang.Enum"},{"static":true,"name":"values","return":"java.lang.constant.DirectMethodHandleDesc.Kind[]"},{"static":true,"name":"valueOf","parameters":[{"name":"name","type":"java.lang.String"}],"return":"java.lang.constant.DirectMethodHandleDesc.Kind"},{"static":true,"name":"valueOf","parameters":[{"name":"refKind","type":"int"}],"return":"java.lang.constant.DirectMethodHandleDesc.Kind"},{"static":true,"name":"valueOf","parameters":[{"name":"refKind","type":"int"},{"name":"isInterface","type":"boolean"}],"return":"java.lang.constant.DirectMethodHandleDesc.Kind"}],"name":"java.lang.constant.DirectMethodHandleDesc.Kind","simple-name":"Kind","fields":[{"static":true,"name":"STATIC","type":"java.lang.constant.DirectMethodHandleDesc.Kind"},{"static":true,"name":"INTERFACE_STATIC","type":"java.lang.constant.DirectMethodHandleDesc.Kind"},{"static":true,"name":"VIRTUAL","type":"java.lang.constant.DirectMethodHandleDesc.Kind"},{"static":true,"name":"INTERFACE_VIRTUAL","type":"java.lang.constant.DirectMethodHandleDesc.Kind"},{"static":true,"name":"SPECIAL","type":"java.lang.constant.DirectMethodHandleDesc.Kind"},{"static":true,"name":"INTERFACE_SPECIAL","type":"java.lang.constant.DirectMethodHandleDesc.Kind"},{"static":true,"name":"CONSTRUCTOR","type":"java.lang.constant.DirectMethodHandleDesc.Kind"},{"static":true,"name":"GETTER","type":"java.lang.constant.DirectMethodHandleDesc.Kind"},{"static":true,"name":"SETTER","type":"java.lang.constant.DirectMethodHandleDesc.Kind"},{"static":true,"name":"STATIC_GETTER","type":"java.lang.constant.DirectMethodHandleDesc.Kind"},{"static":true,"name":"STATIC_SETTER","type":"java.lang.constant.DirectMethodHandleDesc.Kind"},{"name":"refKind","type":"int"},{"name":"isInterface","type":"boolean"}]}