{"package":"java.nio.charset","methods":[{"name":"getClass","return":"java.lang.Class"},{"name":"notify"},{"name":"notifyAll"},{"name":"wait"},{"name":"wait","parameters":[{"name":"timeoutMillis","type":"long"}]},{"name":"wait","parameters":[{"name":"timeoutMillis","type":"long"},{"name":"nanos","type":"int"}]},{"static":true,"name":"isSupported","parameters":[{"name":"charsetName","type":"java.lang.String"}],"return":"boolean"},{"static":true,"name":"forName","parameters":[{"name":"charsetName","type":"java.lang.String"}],"return":"java.nio.charset.Charset"},{"static":true,"name":"availableCharsets","return":"java.util.SortedMap"},{"static":true,"name":"defaultCharset","return":"java.nio.charset.Charset"},{"name":"name","return":"java.lang.String"},{"name":"aliases","return":"java.util.Set"},{"name":"displayName","return":"java.lang.String"},{"name":"isRegistered","return":"boolean"},{"name":"displayName","parameters":[{"name":"locale","type":"java.util.Locale"}],"return":"java.lang.String"},{"name":"contains","parameters":[{"name":"cs","type":"java.nio.charset.Charset"}],"return":"boolean"},{"name":"newDecoder","return":"java.nio.charset.CharsetDecoder"},{"name":"newEncoder","return":"java.nio.charset.CharsetEncoder"},{"name":"canEncode","return":"boolean"},{"name":"decode","parameters":[{"name":"bb","type":"java.nio.ByteBuffer"}],"return":"java.nio.CharBuffer"},{"name":"encode","parameters":[{"name":"cb","type":"java.nio.CharBuffer"}],"return":"java.nio.ByteBuffer"},{"name":"encode","parameters":[{"name":"str","type":"java.lang.String"}],"return":"java.nio.ByteBuffer"},{"name":"compareTo","parameters":[{"name":"that","type":"java.nio.charset.Charset"}],"return":"int"},{"name":"hashCode","return":"int"},{"name":"equals","parameters":[{"name":"ob","type":"java.lang.Object"}],"return":"boolean"},{"name":"toString","return":"java.lang.String"}],"name":"java.nio.charset.Charset","simple-name":"Charset"}