{"package":"java.lang.constant","methods":[{"name":"getClass","return":"java.lang.Class"},{"name":"hashCode","return":"int"},{"name":"toString","return":"java.lang.String"},{"name":"notify"},{"name":"notifyAll"},{"name":"wait"},{"name":"wait","parameters":[{"name":"timeoutMillis","type":"long"}]},{"name":"wait","parameters":[{"name":"timeoutMillis","type":"long"},{"name":"nanos","type":"int"}]},{"name":"resolveConstantDesc","parameters":[{"name":"lookup","type":"java.lang.invoke.MethodHandles.Lookup"}],"return":"java.lang.Object"},{"static":true,"name":"ofDescriptor","parameters":[{"name":"descriptor","type":"java.lang.String"}],"return":"java.lang.constant.MethodTypeDesc"},{"static":true,"name":"of","parameters":[{"name":"returnDesc","type":"java.lang.constant.ClassDesc"},{"name":"paramDescs","type":"java.lang.constant.ClassDesc[]"}],"return":"java.lang.constant.MethodTypeDesc"},{"name":"returnType","return":"java.lang.constant.ClassDesc"},{"name":"parameterCount","return":"int"},{"name":"parameterType","parameters":[{"name":"index","type":"int"}],"return":"java.lang.constant.ClassDesc"},{"name":"parameterList","return":"java.util.List"},{"name":"parameterArray","return":"java.lang.constant.ClassDesc[]"},{"name":"changeReturnType","parameters":[{"name":"returnType","type":"java.lang.constant.ClassDesc"}],"return":"java.lang.constant.MethodTypeDesc"},{"name":"changeParameterType","parameters":[{"name":"index","type":"int"},{"name":"paramType","type":"java.lang.constant.ClassDesc"}],"return":"java.lang.constant.MethodTypeDesc"},{"name":"dropParameterTypes","parameters":[{"name":"start","type":"int"},{"name":"end","type":"int"}],"return":"java.lang.constant.MethodTypeDesc"},{"name":"insertParameterTypes","parameters":[{"name":"pos","type":"int"},{"name":"paramTypes","type":"java.lang.constant.ClassDesc[]"}],"return":"java.lang.constant.MethodTypeDesc"},{"name":"descriptorString","return":"java.lang.String"},{"name":"displayDescriptor","return":"java.lang.String"},{"name":"equals","parameters":[{"name":"o","type":"java.lang.Object"}],"return":"boolean"}],"name":"java.lang.constant.MethodTypeDesc","simple-name":"MethodTypeDesc"}