{"package":"java.lang.invoke","methods":[{"name":"getClass","return":"java.lang.Class"},{"name":"notify"},{"name":"notifyAll"},{"name":"wait"},{"name":"wait","parameters":[{"name":"timeoutMillis","type":"long"}]},{"name":"wait","parameters":[{"name":"timeoutMillis","type":"long"},{"name":"nanos","type":"int"}]},{"static":true,"name":"methodType","parameters":[{"name":"rtype","type":"java.lang.Class"},{"name":"ptypes","type":"java.lang.Class[]"}],"return":"java.lang.invoke.MethodType"},{"static":true,"name":"methodType","parameters":[{"name":"rtype","type":"java.lang.Class"},{"name":"ptypes","type":"java.util.List"}],"return":"java.lang.invoke.MethodType"},{"static":true,"name":"methodType","parameters":[{"name":"rtype","type":"java.lang.Class"},{"name":"ptype0","type":"java.lang.Class"},{"name":"ptypes","type":"java.lang.Class[]"}],"return":"java.lang.invoke.MethodType"},{"static":true,"name":"methodType","parameters":[{"name":"rtype","type":"java.lang.Class"}],"return":"java.lang.invoke.MethodType"},{"static":true,"name":"methodType","parameters":[{"name":"rtype","type":"java.lang.Class"},{"name":"ptype0","type":"java.lang.Class"}],"return":"java.lang.invoke.MethodType"},{"static":true,"name":"methodType","parameters":[{"name":"rtype","type":"java.lang.Class"},{"name":"ptypes","type":"java.lang.invoke.MethodType"}],"return":"java.lang.invoke.MethodType"},{"static":true,"name":"genericMethodType","parameters":[{"name":"objectArgCount","type":"int"},{"name":"finalArray","type":"boolean"}],"return":"java.lang.invoke.MethodType"},{"static":true,"name":"genericMethodType","parameters":[{"name":"objectArgCount","type":"int"}],"return":"java.lang.invoke.MethodType"},{"name":"changeParameterType","parameters":[{"name":"num","type":"int"},{"name":"nptype","type":"java.lang.Class"}],"return":"java.lang.invoke.MethodType"},{"name":"insertParameterTypes","parameters":[{"name":"num","type":"int"},{"name":"ptypesToInsert","type":"java.lang.Class[]"}],"return":"java.lang.invoke.MethodType"},{"name":"appendParameterTypes","parameters":[{"name":"ptypesToInsert","type":"java.lang.Class[]"}],"return":"java.lang.invoke.MethodType"},{"name":"insertParameterTypes","parameters":[{"name":"num","type":"int"},{"name":"ptypesToInsert","type":"java.util.List"}],"return":"java.lang.invoke.MethodType"},{"name":"appendParameterTypes","parameters":[{"name":"ptypesToInsert","type":"java.util.List"}],"return":"java.lang.invoke.MethodType"},{"name":"dropParameterTypes","parameters":[{"name":"start","type":"int"},{"name":"end","type":"int"}],"return":"java.lang.invoke.MethodType"},{"name":"changeReturnType","parameters":[{"name":"nrtype","type":"java.lang.Class"}],"return":"java.lang.invoke.MethodType"},{"name":"hasPrimitives","return":"boolean"},{"name":"hasWrappers","return":"boolean"},{"name":"erase","return":"java.lang.invoke.MethodType"},{"name":"generic","return":"java.lang.invoke.MethodType"},{"name":"wrap","return":"java.lang.invoke.MethodType"},{"name":"unwrap","return":"java.lang.invoke.MethodType"},{"name":"parameterType","parameters":[{"name":"num","type":"int"}],"return":"java.lang.Class"},{"name":"parameterCount","return":"int"},{"name":"returnType","return":"java.lang.Class"},{"name":"parameterList","return":"java.util.List"},{"name":"lastParameterType","return":"java.lang.Class"},{"name":"parameterArray","return":"java.lang.Class[]"},{"name":"equals","parameters":[{"name":"x","type":"java.lang.Object"}],"return":"boolean"},{"name":"hashCode","return":"int"},{"name":"toString","return":"java.lang.String"},{"static":true,"name":"fromMethodDescriptorString","parameters":[{"name":"descriptor","type":"java.lang.String"},{"name":"loader","type":"java.lang.ClassLoader"}],"return":"java.lang.invoke.MethodType"},{"name":"toMethodDescriptorString","return":"java.lang.String"},{"name":"descriptorString","return":"java.lang.String"},{"name":"describeConstable","return":"java.util.Optional"}],"name":"java.lang.invoke.MethodType","simple-name":"MethodType"}