{"constructors":[{"name":"<init>","parameters":[{"name":"name","type":"java.lang.String"},{"name":"value","type":"java.lang.String"}]}],"package":"java.net","methods":[{"name":"getClass","return":"java.lang.Class"},{"name":"notify"},{"name":"notifyAll"},{"name":"wait"},{"name":"wait","parameters":[{"name":"timeoutMillis","type":"long"}]},{"name":"wait","parameters":[{"name":"timeoutMillis","type":"long"},{"name":"nanos","type":"int"}]},{"static":true,"name":"parse","parameters":[{"name":"header","type":"java.lang.String"}],"return":"java.util.List"},{"name":"hasExpired","return":"boolean"},{"name":"setComment","parameters":[{"name":"purpose","type":"java.lang.String"}]},{"name":"getComment","return":"java.lang.String"},{"name":"setCommentURL","parameters":[{"name":"purpose","type":"java.lang.String"}]},{"name":"getCommentURL","return":"java.lang.String"},{"name":"setDiscard","parameters":[{"name":"discard","type":"boolean"}]},{"name":"getDiscard","return":"boolean"},{"name":"setPortlist","parameters":[{"name":"ports","type":"java.lang.String"}]},{"name":"getPortlist","return":"java.lang.String"},{"name":"setDomain","parameters":[{"name":"pattern","type":"java.lang.String"}]},{"name":"getDomain","return":"java.lang.String"},{"name":"setMaxAge","parameters":[{"name":"expiry","type":"long"}]},{"name":"getMaxAge","return":"long"},{"name":"setPath","parameters":[{"name":"uri","type":"java.lang.String"}]},{"name":"getPath","return":"java.lang.String"},{"name":"setSecure","parameters":[{"name":"flag","type":"boolean"}]},{"name":"getSecure","return":"boolean"},{"name":"getName","return":"java.lang.String"},{"name":"setValue","parameters":[{"name":"newValue","type":"java.lang.String"}]},{"name":"getValue","return":"java.lang.String"},{"name":"getVersion","return":"int"},{"name":"setVersion","parameters":[{"name":"v","type":"int"}]},{"name":"isHttpOnly","return":"boolean"},{"name":"setHttpOnly","parameters":[{"name":"httpOnly","type":"boolean"}]},{"static":true,"name":"domainMatches","parameters":[{"name":"domain","type":"java.lang.String"},{"name":"host","type":"java.lang.String"}],"return":"boolean"},{"name":"toString","return":"java.lang.String"},{"name":"equals","parameters":[{"name":"obj","type":"java.lang.Object"}],"return":"boolean"},{"name":"hashCode","return":"int"},{"name":"clone","return":"java.lang.Object"}],"name":"java.net.HttpCookie","simple-name":"HttpCookie"}