{"package":"java.nio.file.attribute","methods":[{"name":"getClass","return":"java.lang.Class"},{"name":"notify"},{"name":"notifyAll"},{"name":"wait"},{"name":"wait","parameters":[{"name":"timeoutMillis","type":"long"}]},{"name":"wait","parameters":[{"name":"timeoutMillis","type":"long"},{"name":"nanos","type":"int"}]},{"static":true,"name":"newBuilder","return":"java.nio.file.attribute.AclEntry.Builder"},{"static":true,"name":"newBuilder","parameters":[{"name":"entry","type":"java.nio.file.attribute.AclEntry"}],"return":"java.nio.file.attribute.AclEntry.Builder"},{"name":"type","return":"java.nio.file.attribute.AclEntryType"},{"name":"principal","return":"java.nio.file.attribute.UserPrincipal"},{"name":"permissions","return":"java.util.Set"},{"name":"flags","return":"java.util.Set"},{"name":"equals","parameters":[{"name":"ob","type":"java.lang.Object"}],"return":"boolean"},{"name":"hashCode","return":"int"},{"name":"toString","return":"java.lang.String"}],"name":"java.nio.file.attribute.AclEntry","simple-name":"AclEntry"}