{"package":"java.lang.constant","methods":[{"name":"getClass","return":"java.lang.Class"},{"name":"hashCode","return":"int"},{"name":"equals","parameters":[{"name":"obj","type":"java.lang.Object"}],"return":"boolean"},{"name":"toString","return":"java.lang.String"},{"name":"notify"},{"name":"notifyAll"},{"name":"wait"},{"name":"wait","parameters":[{"name":"timeoutMillis","type":"long"}]},{"name":"wait","parameters":[{"name":"timeoutMillis","type":"long"},{"name":"nanos","type":"int"}]},{"name":"resolveConstantDesc","parameters":[{"name":"lookup","type":"java.lang.invoke.MethodHandles.Lookup"}],"return":"java.lang.Object"}],"name":"java.lang.constant.ConstantDesc","simple-name":"ConstantDesc"}