{"constructors":[{"name":"<init>","parameters":[{"name":"name","type":"java.lang.String"},{"name":"mode","type":"java.lang.String"}]},{"name":"<init>","parameters":[{"name":"file","type":"java.io.File"},{"name":"mode","type":"java.lang.String"}]}],"package":"java.io","methods":[{"name":"getClass","return":"java.lang.Class"},{"name":"hashCode","return":"int"},{"name":"equals","parameters":[{"name":"obj","type":"java.lang.Object"}],"return":"boolean"},{"name":"toString","return":"java.lang.String"},{"name":"notify"},{"name":"notifyAll"},{"name":"wait"},{"name":"wait","parameters":[{"name":"timeoutMillis","type":"long"}]},{"name":"wait","parameters":[{"name":"timeoutMillis","type":"long"},{"name":"nanos","type":"int"}]},{"name":"getFD","return":"java.io.FileDescriptor"},{"name":"getChannel","return":"java.nio.channels.FileChannel"},{"name":"read","return":"int"},{"name":"read","parameters":[{"name":"b","type":"byte[]"},{"name":"off","type":"int"},{"name":"len","type":"int"}],"return":"int"},{"name":"read","parameters":[{"name":"b","type":"byte[]"}],"return":"int"},{"name":"readFully","parameters":[{"name":"b","type":"byte[]"}]},{"name":"readFully","parameters":[{"name":"b","type":"byte[]"},{"name":"off","type":"int"},{"name":"len","type":"int"}]},{"name":"skipBytes","parameters":[{"name":"n","type":"int"}],"return":"int"},{"name":"write","parameters":[{"name":"b","type":"int"}]},{"name":"write","parameters":[{"name":"b","type":"byte[]"}]},{"name":"write","parameters":[{"name":"b","type":"byte[]"},{"name":"off","type":"int"},{"name":"len","type":"int"}]},{"name":"getFilePointer","return":"long"},{"name":"seek","parameters":[{"name":"pos","type":"long"}]},{"name":"length","return":"long"},{"name":"setLength","parameters":[{"name":"newLength","type":"long"}]},{"name":"close"},{"name":"readBoolean","return":"boolean"},{"name":"readByte","return":"byte"},{"name":"readUnsignedByte","return":"int"},{"name":"readShort","return":"short"},{"name":"readUnsignedShort","return":"int"},{"name":"readChar","return":"char"},{"name":"readInt","return":"int"},{"name":"readLong","return":"long"},{"name":"readFloat","return":"float"},{"name":"readDouble","return":"double"},{"name":"readLine","return":"java.lang.String"},{"name":"readUTF","return":"java.lang.String"},{"name":"writeBoolean","parameters":[{"name":"v","type":"boolean"}]},{"name":"writeByte","parameters":[{"name":"v","type":"int"}]},{"name":"writeShort","parameters":[{"name":"v","type":"int"}]},{"name":"writeChar","parameters":[{"name":"v","type":"int"}]},{"name":"writeInt","parameters":[{"name":"v","type":"int"}]},{"name":"writeLong","parameters":[{"name":"v","type":"long"}]},{"name":"writeFloat","parameters":[{"name":"v","type":"float"}]},{"name":"writeDouble","parameters":[{"name":"v","type":"double"}]},{"name":"writeBytes","parameters":[{"name":"s","type":"java.lang.String"}]},{"name":"writeChars","parameters":[{"name":"s","type":"java.lang.String"}]},{"name":"writeUTF","parameters":[{"name":"str","type":"java.lang.String"}]}],"name":"java.io.RandomAccessFile","simple-name":"RandomAccessFile"}