{"package":"java.nio.file.attribute","methods":[{"name":"getClass","return":"java.lang.Class"},{"name":"notify"},{"name":"notifyAll"},{"name":"wait"},{"name":"wait","parameters":[{"name":"timeoutMillis","type":"long"}]},{"name":"wait","parameters":[{"name":"timeoutMillis","type":"long"},{"name":"nanos","type":"int"}]},{"name":"name","return":"java.lang.String"},{"name":"ordinal","return":"int"},{"name":"toString","return":"java.lang.String"},{"name":"equals","parameters":[{"name":"other","type":"java.lang.Object"}],"return":"boolean"},{"name":"hashCode","return":"int"},{"name":"compareTo","parameters":[{"name":"o","type":"java.lang.Enum"}],"return":"int"},{"name":"getDeclaringClass","return":"java.lang.Class"},{"name":"describeConstable","return":"java.util.Optional"},{"static":true,"name":"valueOf","parameters":[{"name":"enumClass","type":"java.lang.Class"},{"name":"name","type":"java.lang.String"}],"return":"java.lang.Enum"},{"static":true,"name":"values","return":"java.nio.file.attribute.AclEntryPermission[]"},{"static":true,"name":"valueOf","parameters":[{"name":"name","type":"java.lang.String"}],"return":"java.nio.file.attribute.AclEntryPermission"}],"name":"java.nio.file.attribute.AclEntryPermission","simple-name":"AclEntryPermission","fields":[{"static":true,"name":"READ_DATA","type":"java.nio.file.attribute.AclEntryPermission"},{"static":true,"name":"WRITE_DATA","type":"java.nio.file.attribute.AclEntryPermission"},{"static":true,"name":"APPEND_DATA","type":"java.nio.file.attribute.AclEntryPermission"},{"static":true,"name":"READ_NAMED_ATTRS","type":"java.nio.file.attribute.AclEntryPermission"},{"static":true,"name":"WRITE_NAMED_ATTRS","type":"java.nio.file.attribute.AclEntryPermission"},{"static":true,"name":"EXECUTE","type":"java.nio.file.attribute.AclEntryPermission"},{"static":true,"name":"DELETE_CHILD","type":"java.nio.file.attribute.AclEntryPermission"},{"static":true,"name":"READ_ATTRIBUTES","type":"java.nio.file.attribute.AclEntryPermission"},{"static":true,"name":"WRITE_ATTRIBUTES","type":"java.nio.file.attribute.AclEntryPermission"},{"static":true,"name":"DELETE","type":"java.nio.file.attribute.AclEntryPermission"},{"static":true,"name":"READ_ACL","type":"java.nio.file.attribute.AclEntryPermission"},{"static":true,"name":"WRITE_ACL","type":"java.nio.file.attribute.AclEntryPermission"},{"static":true,"name":"WRITE_OWNER","type":"java.nio.file.attribute.AclEntryPermission"},{"static":true,"name":"SYNCHRONIZE","type":"java.nio.file.attribute.AclEntryPermission"},{"static":true,"name":"LIST_DIRECTORY","type":"java.nio.file.attribute.AclEntryPermission"},{"static":true,"name":"ADD_FILE","type":"java.nio.file.attribute.AclEntryPermission"},{"static":true,"name":"ADD_SUBDIRECTORY","type":"java.nio.file.attribute.AclEntryPermission"}]}