{"constructors":[{"name":"<init>"},{"name":"<init>","parameters":[{"name":"port","type":"int"}]},{"name":"<init>","parameters":[{"name":"port","type":"int"},{"name":"backlog","type":"int"}]},{"name":"<init>","parameters":[{"name":"port","type":"int"},{"name":"backlog","type":"int"},{"name":"bindAddr","type":"java.net.InetAddress"}]}],"package":"java.net","methods":[{"name":"getClass","return":"java.lang.Class"},{"name":"hashCode","return":"int"},{"name":"equals","parameters":[{"name":"obj","type":"java.lang.Object"}],"return":"boolean"},{"name":"notify"},{"name":"notifyAll"},{"name":"wait"},{"name":"wait","parameters":[{"name":"timeoutMillis","type":"long"}]},{"name":"wait","parameters":[{"name":"timeoutMillis","type":"long"},{"name":"nanos","type":"int"}]},{"name":"bind","parameters":[{"name":"endpoint","type":"java.net.SocketAddress"}]},{"name":"bind","parameters":[{"name":"endpoint","type":"java.net.SocketAddress"},{"name":"backlog","type":"int"}]},{"name":"getInetAddress","return":"java.net.InetAddress"},{"name":"getLocalPort","return":"int"},{"name":"getLocalSocketAddress","return":"java.net.SocketAddress"},{"name":"accept","return":"java.net.Socket"},{"name":"close"},{"name":"getChannel","return":"java.nio.channels.ServerSocketChannel"},{"name":"isBound","return":"boolean"},{"name":"isClosed","return":"boolean"},{"name":"setSoTimeout","parameters":[{"name":"timeout","type":"int"}]},{"name":"getSoTimeout","return":"int"},{"name":"setReuseAddress","parameters":[{"name":"on","type":"boolean"}]},{"name":"getReuseAddress","return":"boolean"},{"name":"toString","return":"java.lang.String"},{"static":true,"name":"setSocketFactory","parameters":[{"name":"fac","type":"java.net.SocketImplFactory"}]},{"name":"setReceiveBufferSize","parameters":[{"name":"size","type":"int"}]},{"name":"getReceiveBufferSize","return":"int"},{"name":"setPerformancePreferences","parameters":[{"name":"connectionTime","type":"int"},{"name":"latency","type":"int"},{"name":"bandwidth","type":"int"}]},{"name":"setOption","parameters":[{"name":"name","type":"java.net.SocketOption"},{"name":"value","type":"java.lang.Object"}],"return":"java.net.ServerSocket"},{"name":"getOption","parameters":[{"name":"name","type":"java.net.SocketOption"}],"return":"java.lang.Object"},{"name":"supportedOptions","return":"java.util.Set"}],"name":"java.net.ServerSocket","simple-name":"ServerSocket"}