{"package":"java.lang.reflect","methods":[{"name":"getClass","return":"java.lang.Class"},{"name":"hashCode","return":"int"},{"name":"equals","parameters":[{"name":"obj","type":"java.lang.Object"}],"return":"boolean"},{"name":"toString","return":"java.lang.String"},{"name":"notify"},{"name":"notifyAll"},{"name":"wait"},{"name":"wait","parameters":[{"name":"timeoutMillis","type":"long"}]},{"name":"wait","parameters":[{"name":"timeoutMillis","type":"long"},{"name":"nanos","type":"int"}]},{"static":true,"name":"setAccessible","parameters":[{"name":"array","type":"java.lang.reflect.AccessibleObject[]"},{"name":"flag","type":"boolean"}]},{"name":"setAccessible","parameters":[{"name":"flag","type":"boolean"}]},{"name":"trySetAccessible","return":"boolean"},{"name":"isAccessible","return":"boolean"},{"name":"canAccess","parameters":[{"name":"obj","type":"java.lang.Object"}],"return":"boolean"},{"name":"getAnnotation","parameters":[{"name":"annotationClass","type":"java.lang.Class"}],"return":"java.lang.annotation.Annotation"},{"name":"isAnnotationPresent","parameters":[{"name":"annotationClass","type":"java.lang.Class"}],"return":"boolean"},{"name":"getAnnotationsByType","parameters":[{"name":"annotationClass","type":"java.lang.Class"}],"return":"java.lang.annotation.Annotation[]"},{"name":"getAnnotations","return":"java.lang.annotation.Annotation[]"},{"name":"getDeclaredAnnotation","parameters":[{"name":"annotationClass","type":"java.lang.Class"}],"return":"java.lang.annotation.Annotation"},{"name":"getDeclaredAnnotationsByType","parameters":[{"name":"annotationClass","type":"java.lang.Class"}],"return":"java.lang.annotation.Annotation[]"},{"name":"getDeclaredAnnotations","return":"java.lang.annotation.Annotation[]"}],"name":"java.lang.reflect.AccessibleObject","simple-name":"AccessibleObject"}