{"constructors":[{"name":"<init>","parameters":[{"name":"in","type":"java.io.Reader"}]},{"name":"<init>","parameters":[{"name":"in","type":"java.io.Reader"},{"name":"sz","type":"int"}]}],"package":"java.io","methods":[{"name":"getClass","return":"java.lang.Class"},{"name":"hashCode","return":"int"},{"name":"equals","parameters":[{"name":"obj","type":"java.lang.Object"}],"return":"boolean"},{"name":"toString","return":"java.lang.String"},{"name":"notify"},{"name":"notifyAll"},{"name":"wait"},{"name":"wait","parameters":[{"name":"timeoutMillis","type":"long"}]},{"name":"wait","parameters":[{"name":"timeoutMillis","type":"long"},{"name":"nanos","type":"int"}]},{"static":true,"name":"nullReader","return":"java.io.Reader"},{"name":"read","parameters":[{"name":"target","type":"java.nio.CharBuffer"}],"return":"int"},{"name":"read","parameters":[{"name":"cbuf","type":"char[]"}],"return":"int"},{"name":"transferTo","parameters":[{"name":"out","type":"java.io.Writer"}],"return":"long"},{"name":"ready","return":"boolean"},{"name":"markSupported","return":"boolean"},{"name":"close"},{"name":"lines","return":"java.util.stream.Stream"},{"name":"setLineNumber","parameters":[{"name":"lineNumber","type":"int"}]},{"name":"getLineNumber","return":"int"},{"name":"read","return":"int"},{"name":"read","parameters":[{"name":"cbuf","type":"char[]"},{"name":"off","type":"int"},{"name":"len","type":"int"}],"return":"int"},{"name":"readLine","return":"java.lang.String"},{"name":"skip","parameters":[{"name":"n","type":"long"}],"return":"long"},{"name":"mark","parameters":[{"name":"readAheadLimit","type":"int"}]},{"name":"reset"}],"name":"java.io.LineNumberReader","simple-name":"LineNumberReader"}