{"constructors":[{"name":"<init>"}],"package":"java.net","methods":[{"name":"getClass","return":"java.lang.Class"},{"name":"hashCode","return":"int"},{"name":"equals","parameters":[{"name":"obj","type":"java.lang.Object"}],"return":"boolean"},{"name":"toString","return":"java.lang.String"},{"name":"notify"},{"name":"notifyAll"},{"name":"wait"},{"name":"wait","parameters":[{"name":"timeoutMillis","type":"long"}]},{"name":"wait","parameters":[{"name":"timeoutMillis","type":"long"},{"name":"nanos","type":"int"}]},{"static":true,"name":"getDefault","return":"java.net.ResponseCache"},{"static":true,"name":"setDefault","parameters":[{"name":"responseCache","type":"java.net.ResponseCache"}]},{"name":"get","parameters":[{"name":"uri","type":"java.net.URI"},{"name":"rqstMethod","type":"java.lang.String"},{"name":"rqstHeaders","type":"java.util.Map"}],"return":"java.net.CacheResponse"},{"name":"put","parameters":[{"name":"uri","type":"java.net.URI"},{"name":"conn","type":"java.net.URLConnection"}],"return":"java.net.CacheRequest"}],"name":"java.net.ResponseCache","simple-name":"ResponseCache"}