{"constructors":[{"name":"<init>"}],"package":"java.io","methods":[{"name":"getClass","return":"java.lang.Class"},{"name":"hashCode","return":"int"},{"name":"equals","parameters":[{"name":"obj","type":"java.lang.Object"}],"return":"boolean"},{"name":"toString","return":"java.lang.String"},{"name":"notify"},{"name":"notifyAll"},{"name":"wait"},{"name":"wait","parameters":[{"name":"timeoutMillis","type":"long"}]},{"name":"wait","parameters":[{"name":"timeoutMillis","type":"long"},{"name":"nanos","type":"int"}]},{"name":"valid","return":"boolean"},{"name":"sync"}],"name":"java.io.FileDescriptor","simple-name":"FileDescriptor","fields":[{"static":true,"name":"in","type":"java.io.FileDescriptor"},{"static":true,"name":"out","type":"java.io.FileDescriptor"},{"static":true,"name":"err","type":"java.io.FileDescriptor"}]}