{"package":"java.lang.reflect","methods":[{"name":"getClass","return":"java.lang.Class"},{"name":"hashCode","return":"int"},{"name":"equals","parameters":[{"name":"obj","type":"java.lang.Object"}],"return":"boolean"},{"name":"toString","return":"java.lang.String"},{"name":"notify"},{"name":"notifyAll"},{"name":"wait"},{"name":"wait","parameters":[{"name":"timeoutMillis","type":"long"}]},{"name":"wait","parameters":[{"name":"timeoutMillis","type":"long"},{"name":"nanos","type":"int"}]},{"name":"isAnnotationPresent","parameters":[{"name":"annotationClass","type":"java.lang.Class"}],"return":"boolean"},{"name":"getAnnotationsByType","parameters":[{"name":"annotationClass","type":"java.lang.Class"}],"return":"java.lang.annotation.Annotation[]"},{"name":"getDeclaredAnnotation","parameters":[{"name":"annotationClass","type":"java.lang.Class"}],"return":"java.lang.annotation.Annotation"},{"name":"getDeclaredAnnotationsByType","parameters":[{"name":"annotationClass","type":"java.lang.Class"}],"return":"java.lang.annotation.Annotation[]"},{"name":"getType","return":"java.lang.reflect.Type"},{"name":"getAnnotation","parameters":[{"name":"annotationClass","type":"java.lang.Class"}],"return":"java.lang.annotation.Annotation"},{"name":"getAnnotations","return":"java.lang.annotation.Annotation[]"},{"name":"getDeclaredAnnotations","return":"java.lang.annotation.Annotation[]"},{"name":"getAnnotatedActualTypeArguments","return":"java.lang.reflect.AnnotatedType[]"},{"name":"getAnnotatedOwnerType","return":"java.lang.reflect.AnnotatedType"}],"name":"java.lang.reflect.AnnotatedParameterizedType","simple-name":"AnnotatedParameterizedType"}