{"package":"java.io","methods":[{"name":"getClass","return":"java.lang.Class"},{"name":"hashCode","return":"int"},{"name":"equals","parameters":[{"name":"obj","type":"java.lang.Object"}],"return":"boolean"},{"name":"notify"},{"name":"notifyAll"},{"name":"wait"},{"name":"wait","parameters":[{"name":"timeoutMillis","type":"long"}]},{"name":"wait","parameters":[{"name":"timeoutMillis","type":"long"},{"name":"nanos","type":"int"}]},{"static":true,"name":"lookup","parameters":[{"name":"cl","type":"java.lang.Class"}],"return":"java.io.ObjectStreamClass"},{"static":true,"name":"lookupAny","parameters":[{"name":"cl","type":"java.lang.Class"}],"return":"java.io.ObjectStreamClass"},{"name":"getName","return":"java.lang.String"},{"name":"getSerialVersionUID","return":"long"},{"name":"forClass","return":"java.lang.Class"},{"name":"getFields","return":"java.io.ObjectStreamField[]"},{"name":"getField","parameters":[{"name":"name","type":"java.lang.String"}],"return":"java.io.ObjectStreamField"},{"name":"toString","return":"java.lang.String"}],"name":"java.io.ObjectStreamClass","simple-name":"ObjectStreamClass","fields":[{"static":true,"name":"NO_FIELDS","type":"java.io.ObjectStreamField[]"}]}