{"package":"java.net","methods":[{"name":"getClass","return":"java.lang.Class"},{"name":"notify"},{"name":"notifyAll"},{"name":"wait"},{"name":"wait","parameters":[{"name":"timeoutMillis","type":"long"}]},{"name":"wait","parameters":[{"name":"timeoutMillis","type":"long"},{"name":"nanos","type":"int"}]},{"name":"getName","return":"java.lang.String"},{"name":"getInetAddresses","return":"java.util.Enumeration"},{"name":"inetAddresses","return":"java.util.stream.Stream"},{"name":"getInterfaceAddresses","return":"java.util.List"},{"name":"getSubInterfaces","return":"java.util.Enumeration"},{"name":"subInterfaces","return":"java.util.stream.Stream"},{"name":"getParent","return":"java.net.NetworkInterface"},{"name":"getIndex","return":"int"},{"name":"getDisplayName","return":"java.lang.String"},{"static":true,"name":"getByName","parameters":[{"name":"name","type":"java.lang.String"}],"return":"java.net.NetworkInterface"},{"static":true,"name":"getByIndex","parameters":[{"name":"index","type":"int"}],"return":"java.net.NetworkInterface"},{"static":true,"name":"getByInetAddress","parameters":[{"name":"addr","type":"java.net.InetAddress"}],"return":"java.net.NetworkInterface"},{"static":true,"name":"getNetworkInterfaces","return":"java.util.Enumeration"},{"static":true,"name":"networkInterfaces","return":"java.util.stream.Stream"},{"name":"isUp","return":"boolean"},{"name":"isLoopback","return":"boolean"},{"name":"isPointToPoint","return":"boolean"},{"name":"supportsMulticast","return":"boolean"},{"name":"getHardwareAddress","return":"byte[]"},{"name":"getMTU","return":"int"},{"name":"isVirtual","return":"boolean"},{"name":"equals","parameters":[{"name":"obj","type":"java.lang.Object"}],"return":"boolean"},{"name":"hashCode","return":"int"},{"name":"toString","return":"java.lang.String"}],"name":"java.net.NetworkInterface","simple-name":"NetworkInterface"}