{"package":"java.lang","methods":[{"name":"getClass","return":"java.lang.Class"},{"name":"hashCode","return":"int"},{"name":"equals","parameters":[{"name":"obj","type":"java.lang.Object"}],"return":"boolean"},{"name":"toString","return":"java.lang.String"},{"name":"notify"},{"name":"notifyAll"},{"name":"wait"},{"name":"wait","parameters":[{"name":"timeoutMillis","type":"long"}]},{"name":"wait","parameters":[{"name":"timeoutMillis","type":"long"},{"name":"nanos","type":"int"}]},{"name":"getLogger","parameters":[{"name":"name","type":"java.lang.String"},{"name":"module","type":"java.lang.Module"}],"return":"java.lang.System.Logger"},{"name":"getLocalizedLogger","parameters":[{"name":"name","type":"java.lang.String"},{"name":"bundle","type":"java.util.ResourceBundle"},{"name":"module","type":"java.lang.Module"}],"return":"java.lang.System.Logger"},{"static":true,"name":"getLoggerFinder","return":"java.lang.System.LoggerFinder"}],"name":"java.lang.System.LoggerFinder","simple-name":"LoggerFinder"}