{"package":"java.lang","methods":[{"name":"getClass","return":"java.lang.Class"},{"name":"hashCode","return":"int"},{"name":"equals","parameters":[{"name":"obj","type":"java.lang.Object"}],"return":"boolean"},{"name":"toString","return":"java.lang.String"},{"name":"notify"},{"name":"notifyAll"},{"name":"wait"},{"name":"wait","parameters":[{"name":"timeoutMillis","type":"long"}]},{"name":"wait","parameters":[{"name":"timeoutMillis","type":"long"},{"name":"nanos","type":"int"}]},{"static":true,"name":"compileClass","parameters":[{"name":"clazz","type":"java.lang.Class"}],"return":"boolean"},{"static":true,"name":"compileClasses","parameters":[{"name":"string","type":"java.lang.String"}],"return":"boolean"},{"static":true,"name":"command","parameters":[{"name":"any","type":"java.lang.Object"}],"return":"java.lang.Object"},{"static":true,"name":"enable"},{"static":true,"name":"disable"}],"name":"java.lang.Compiler","simple-name":"Compiler"}