{"package":"java.nio.channels","methods":[{"name":"getClass","return":"java.lang.Class"},{"name":"hashCode","return":"int"},{"name":"equals","parameters":[{"name":"obj","type":"java.lang.Object"}],"return":"boolean"},{"name":"toString","return":"java.lang.String"},{"name":"notify"},{"name":"notifyAll"},{"name":"wait"},{"name":"wait","parameters":[{"name":"timeoutMillis","type":"long"}]},{"name":"wait","parameters":[{"name":"timeoutMillis","type":"long"},{"name":"nanos","type":"int"}]},{"name":"isOpen","return":"boolean"},{"name":"close"},{"name":"write","parameters":[{"name":"src","type":"java.nio.ByteBuffer"}],"return":"int"}],"name":"java.nio.channels.WritableByteChannel","simple-name":"WritableByteChannel"}