{"constructors":[{"name":"<init>","parameters":[{"name":"value","type":"long"}]},{"name":"<init>","parameters":[{"name":"s","type":"java.lang.String"}]}],"package":"java.lang","methods":[{"name":"getClass","return":"java.lang.Class"},{"name":"notify"},{"name":"notifyAll"},{"name":"wait"},{"name":"wait","parameters":[{"name":"timeoutMillis","type":"long"}]},{"name":"wait","parameters":[{"name":"timeoutMillis","type":"long"},{"name":"nanos","type":"int"}]},{"static":true,"name":"toString","parameters":[{"name":"i","type":"long"},{"name":"radix","type":"int"}],"return":"java.lang.String"},{"static":true,"name":"toUnsignedString","parameters":[{"name":"i","type":"long"},{"name":"radix","type":"int"}],"return":"java.lang.String"},{"static":true,"name":"toHexString","parameters":[{"name":"i","type":"long"}],"return":"java.lang.String"},{"static":true,"name":"toOctalString","parameters":[{"name":"i","type":"long"}],"return":"java.lang.String"},{"static":true,"name":"toBinaryString","parameters":[{"name":"i","type":"long"}],"return":"java.lang.String"},{"static":true,"name":"toString","parameters":[{"name":"i","type":"long"}],"return":"java.lang.String"},{"static":true,"name":"toUnsignedString","parameters":[{"name":"i","type":"long"}],"return":"java.lang.String"},{"static":true,"name":"parseLong","parameters":[{"name":"s","type":"java.lang.String"},{"name":"radix","type":"int"}],"return":"long"},{"static":true,"name":"parseLong","parameters":[{"name":"s","type":"java.lang.CharSequence"},{"name":"beginIndex","type":"int"},{"name":"endIndex","type":"int"},{"name":"radix","type":"int"}],"return":"long"},{"static":true,"name":"parseLong","parameters":[{"name":"s","type":"java.lang.String"}],"return":"long"},{"static":true,"name":"parseUnsignedLong","parameters":[{"name":"s","type":"java.lang.String"},{"name":"radix","type":"int"}],"return":"long"},{"static":true,"name":"parseUnsignedLong","parameters":[{"name":"s","type":"java.lang.CharSequence"},{"name":"beginIndex","type":"int"},{"name":"endIndex","type":"int"},{"name":"radix","type":"int"}],"return":"long"},{"static":true,"name":"parseUnsignedLong","parameters":[{"name":"s","type":"java.lang.String"}],"return":"long"},{"static":true,"name":"valueOf","parameters":[{"name":"s","type":"java.lang.String"},{"name":"radix","type":"int"}],"return":"java.lang.Long"},{"static":true,"name":"valueOf","parameters":[{"name":"s","type":"java.lang.String"}],"return":"java.lang.Long"},{"static":true,"name":"valueOf","parameters":[{"name":"l","type":"long"}],"return":"java.lang.Long"},{"static":true,"name":"decode","parameters":[{"name":"nm","type":"java.lang.String"}],"return":"java.lang.Long"},{"name":"byteValue","return":"byte"},{"name":"shortValue","return":"short"},{"name":"intValue","return":"int"},{"name":"longValue","return":"long"},{"name":"floatValue","return":"float"},{"name":"doubleValue","return":"double"},{"name":"toString","return":"java.lang.String"},{"name":"hashCode","return":"int"},{"static":true,"name":"hashCode","parameters":[{"name":"value","type":"long"}],"return":"int"},{"name":"equals","parameters":[{"name":"obj","type":"java.lang.Object"}],"return":"boolean"},{"static":true,"name":"getLong","parameters":[{"name":"nm","type":"java.lang.String"}],"return":"java.lang.Long"},{"static":true,"name":"getLong","parameters":[{"name":"nm","type":"java.lang.String"},{"name":"val","type":"long"}],"return":"java.lang.Long"},{"static":true,"name":"getLong","parameters":[{"name":"nm","type":"java.lang.String"},{"name":"val","type":"java.lang.Long"}],"return":"java.lang.Long"},{"name":"compareTo","parameters":[{"name":"anotherLong","type":"java.lang.Long"}],"return":"int"},{"static":true,"name":"compare","parameters":[{"name":"x","type":"long"},{"name":"y","type":"long"}],"return":"int"},{"static":true,"name":"compareUnsigned","parameters":[{"name":"x","type":"long"},{"name":"y","type":"long"}],"return":"int"},{"static":true,"name":"divideUnsigned","parameters":[{"name":"dividend","type":"long"},{"name":"divisor","type":"long"}],"return":"long"},{"static":true,"name":"remainderUnsigned","parameters":[{"name":"dividend","type":"long"},{"name":"divisor","type":"long"}],"return":"long"},{"static":true,"name":"highestOneBit","parameters":[{"name":"i","type":"long"}],"return":"long"},{"static":true,"name":"lowestOneBit","parameters":[{"name":"i","type":"long"}],"return":"long"},{"static":true,"name":"numberOfLeadingZeros","parameters":[{"name":"i","type":"long"}],"return":"int"},{"static":true,"name":"numberOfTrailingZeros","parameters":[{"name":"i","type":"long"}],"return":"int"},{"static":true,"name":"bitCount","parameters":[{"name":"i","type":"long"}],"return":"int"},{"static":true,"name":"rotateLeft","parameters":[{"name":"i","type":"long"},{"name":"distance","type":"int"}],"return":"long"},{"static":true,"name":"rotateRight","parameters":[{"name":"i","type":"long"},{"name":"distance","type":"int"}],"return":"long"},{"static":true,"name":"reverse","parameters":[{"name":"i","type":"long"}],"return":"long"},{"static":true,"name":"signum","parameters":[{"name":"i","type":"long"}],"return":"int"},{"static":true,"name":"reverseBytes","parameters":[{"name":"i","type":"long"}],"return":"long"},{"static":true,"name":"sum","parameters":[{"name":"a","type":"long"},{"name":"b","type":"long"}],"return":"long"},{"static":true,"name":"max","parameters":[{"name":"a","type":"long"},{"name":"b","type":"long"}],"return":"long"},{"static":true,"name":"min","parameters":[{"name":"a","type":"long"},{"name":"b","type":"long"}],"return":"long"},{"name":"describeConstable","return":"java.util.Optional"},{"name":"resolveConstantDesc","parameters":[{"name":"lookup","type":"java.lang.invoke.MethodHandles.Lookup"}],"return":"java.lang.Long"}],"name":"java.lang.Long","simple-name":"Long","fields":[{"static":true,"name":"MIN_VALUE","type":"long"},{"static":true,"name":"MAX_VALUE","type":"long"},{"static":true,"name":"TYPE","type":"java.lang.Class"},{"static":true,"name":"SIZE","type":"int"},{"static":true,"name":"BYTES","type":"int"}]}