{"constructors":[{"name":"<init>","parameters":[{"name":"path","type":"java.lang.String"},{"name":"actions","type":"java.lang.String"}]}],"package":"java.io","methods":[{"name":"getClass","return":"java.lang.Class"},{"name":"notify"},{"name":"notifyAll"},{"name":"wait"},{"name":"wait","parameters":[{"name":"timeoutMillis","type":"long"}]},{"name":"wait","parameters":[{"name":"timeoutMillis","type":"long"},{"name":"nanos","type":"int"}]},{"name":"checkGuard","parameters":[{"name":"object","type":"java.lang.Object"}]},{"name":"getName","return":"java.lang.String"},{"name":"toString","return":"java.lang.String"},{"name":"implies","parameters":[{"name":"p","type":"java.security.Permission"}],"return":"boolean"},{"name":"equals","parameters":[{"name":"obj","type":"java.lang.Object"}],"return":"boolean"},{"name":"hashCode","return":"int"},{"name":"getActions","return":"java.lang.String"},{"name":"newPermissionCollection","return":"java.security.PermissionCollection"}],"name":"java.io.FilePermission","simple-name":"FilePermission"}