{"constructors":[{"name":"<init>","parameters":[{"name":"out","type":"java.io.OutputStream"}]}],"package":"java.io","methods":[{"name":"getClass","return":"java.lang.Class"},{"name":"hashCode","return":"int"},{"name":"equals","parameters":[{"name":"obj","type":"java.lang.Object"}],"return":"boolean"},{"name":"toString","return":"java.lang.String"},{"name":"notify"},{"name":"notifyAll"},{"name":"wait"},{"name":"wait","parameters":[{"name":"timeoutMillis","type":"long"}]},{"name":"wait","parameters":[{"name":"timeoutMillis","type":"long"},{"name":"nanos","type":"int"}]},{"static":true,"name":"nullOutputStream","return":"java.io.OutputStream"},{"name":"useProtocolVersion","parameters":[{"name":"version","type":"int"}]},{"name":"writeObject","parameters":[{"name":"obj","type":"java.lang.Object"}]},{"name":"writeUnshared","parameters":[{"name":"obj","type":"java.lang.Object"}]},{"name":"defaultWriteObject"},{"name":"putFields","return":"java.io.ObjectOutputStream.PutField"},{"name":"writeFields"},{"name":"reset"},{"name":"write","parameters":[{"name":"val","type":"int"}]},{"name":"write","parameters":[{"name":"buf","type":"byte[]"}]},{"name":"write","parameters":[{"name":"buf","type":"byte[]"},{"name":"off","type":"int"},{"name":"len","type":"int"}]},{"name":"flush"},{"name":"close"},{"name":"writeBoolean","parameters":[{"name":"val","type":"boolean"}]},{"name":"writeByte","parameters":[{"name":"val","type":"int"}]},{"name":"writeShort","parameters":[{"name":"val","type":"int"}]},{"name":"writeChar","parameters":[{"name":"val","type":"int"}]},{"name":"writeInt","parameters":[{"name":"val","type":"int"}]},{"name":"writeLong","parameters":[{"name":"val","type":"long"}]},{"name":"writeFloat","parameters":[{"name":"val","type":"float"}]},{"name":"writeDouble","parameters":[{"name":"val","type":"double"}]},{"name":"writeBytes","parameters":[{"name":"str","type":"java.lang.String"}]},{"name":"writeChars","parameters":[{"name":"str","type":"java.lang.String"}]},{"name":"writeUTF","parameters":[{"name":"str","type":"java.lang.String"}]}],"name":"java.io.ObjectOutputStream","simple-name":"ObjectOutputStream","fields":[{"static":true,"name":"STREAM_MAGIC","type":"short"},{"static":true,"name":"STREAM_VERSION","type":"short"},{"static":true,"name":"TC_BASE","type":"byte"},{"static":true,"name":"TC_NULL","type":"byte"},{"static":true,"name":"TC_REFERENCE","type":"byte"},{"static":true,"name":"TC_CLASSDESC","type":"byte"},{"static":true,"name":"TC_OBJECT","type":"byte"},{"static":true,"name":"TC_STRING","type":"byte"},{"static":true,"name":"TC_ARRAY","type":"byte"},{"static":true,"name":"TC_CLASS","type":"byte"},{"static":true,"name":"TC_BLOCKDATA","type":"byte"},{"static":true,"name":"TC_ENDBLOCKDATA","type":"byte"},{"static":true,"name":"TC_RESET","type":"byte"},{"static":true,"name":"TC_BLOCKDATALONG","type":"byte"},{"static":true,"name":"TC_EXCEPTION","type":"byte"},{"static":true,"name":"TC_LONGSTRING","type":"byte"},{"static":true,"name":"TC_PROXYCLASSDESC","type":"byte"},{"static":true,"name":"TC_ENUM","type":"byte"},{"static":true,"name":"TC_MAX","type":"byte"},{"static":true,"name":"baseWireHandle","type":"int"},{"static":true,"name":"SC_WRITE_METHOD","type":"byte"},{"static":true,"name":"SC_BLOCK_DATA","type":"byte"},{"static":true,"name":"SC_SERIALIZABLE","type":"byte"},{"static":true,"name":"SC_EXTERNALIZABLE","type":"byte"},{"static":true,"name":"SC_ENUM","type":"byte"},{"static":true,"name":"SUBSTITUTION_PERMISSION","type":"java.io.SerializablePermission"},{"static":true,"name":"SUBCLASS_IMPLEMENTATION_PERMISSION","type":"java.io.SerializablePermission"},{"static":true,"name":"SERIAL_FILTER_PERMISSION","type":"java.io.SerializablePermission"},{"static":true,"name":"PROTOCOL_VERSION_1","type":"int"},{"static":true,"name":"PROTOCOL_VERSION_2","type":"int"}]}