{"package":"java.lang.ref","methods":[{"name":"getClass","return":"java.lang.Class"},{"name":"hashCode","return":"int"},{"name":"equals","parameters":[{"name":"obj","type":"java.lang.Object"}],"return":"boolean"},{"name":"toString","return":"java.lang.String"},{"name":"notify"},{"name":"notifyAll"},{"name":"wait"},{"name":"wait","parameters":[{"name":"timeoutMillis","type":"long"}]},{"name":"wait","parameters":[{"name":"timeoutMillis","type":"long"},{"name":"nanos","type":"int"}]},{"name":"get","return":"java.lang.Object"},{"name":"refersTo","parameters":[{"name":"obj","type":"java.lang.Object"}],"return":"boolean"},{"name":"clear"},{"name":"isEnqueued","return":"boolean"},{"name":"enqueue","return":"boolean"},{"static":true,"name":"reachabilityFence","parameters":[{"name":"ref","type":"java.lang.Object"}]}],"name":"java.lang.ref.Reference","simple-name":"Reference"}