{"constructors":[{"name":"<init>","parameters":[{"name":"declaringClass","type":"java.lang.String"},{"name":"methodName","type":"java.lang.String"},{"name":"fileName","type":"java.lang.String"},{"name":"lineNumber","type":"int"}]},{"name":"<init>","parameters":[{"name":"classLoaderName","type":"java.lang.String"},{"name":"moduleName","type":"java.lang.String"},{"name":"moduleVersion","type":"java.lang.String"},{"name":"declaringClass","type":"java.lang.String"},{"name":"methodName","type":"java.lang.String"},{"name":"fileName","type":"java.lang.String"},{"name":"lineNumber","type":"int"}]}],"package":"java.lang","methods":[{"name":"getClass","return":"java.lang.Class"},{"name":"notify"},{"name":"notifyAll"},{"name":"wait"},{"name":"wait","parameters":[{"name":"timeoutMillis","type":"long"}]},{"name":"wait","parameters":[{"name":"timeoutMillis","type":"long"},{"name":"nanos","type":"int"}]},{"name":"getFileName","return":"java.lang.String"},{"name":"getLineNumber","return":"int"},{"name":"getModuleName","return":"java.lang.String"},{"name":"getModuleVersion","return":"java.lang.String"},{"name":"getClassLoaderName","return":"java.lang.String"},{"name":"getClassName","return":"java.lang.String"},{"name":"getMethodName","return":"java.lang.String"},{"name":"isNativeMethod","return":"boolean"},{"name":"toString","return":"java.lang.String"},{"name":"equals","parameters":[{"name":"obj","type":"java.lang.Object"}],"return":"boolean"},{"name":"hashCode","return":"int"}],"name":"java.lang.StackTraceElement","simple-name":"StackTraceElement"}