{"package":"java.lang.reflect","methods":[{"name":"getClass","return":"java.lang.Class"},{"name":"hashCode","return":"int"},{"name":"equals","parameters":[{"name":"obj","type":"java.lang.Object"}],"return":"boolean"},{"name":"toString","return":"java.lang.String"},{"name":"notify"},{"name":"notifyAll"},{"name":"wait"},{"name":"wait","parameters":[{"name":"timeoutMillis","type":"long"}]},{"name":"wait","parameters":[{"name":"timeoutMillis","type":"long"},{"name":"nanos","type":"int"}]},{"name":"getTypeName","return":"java.lang.String"},{"name":"getUpperBounds","return":"java.lang.reflect.Type[]"},{"name":"getLowerBounds","return":"java.lang.reflect.Type[]"}],"name":"java.lang.reflect.WildcardType","simple-name":"WildcardType"}