{"package":"java.nio","methods":[{"name":"getClass","return":"java.lang.Class"},{"name":"notify"},{"name":"notifyAll"},{"name":"wait"},{"name":"wait","parameters":[{"name":"timeoutMillis","type":"long"}]},{"name":"wait","parameters":[{"name":"timeoutMillis","type":"long"},{"name":"nanos","type":"int"}]},{"name":"capacity","return":"int"},{"name":"position","return":"int"},{"name":"limit","return":"int"},{"name":"remaining","return":"int"},{"name":"hasRemaining","return":"boolean"},{"name":"isReadOnly","return":"boolean"},{"static":true,"name":"allocate","parameters":[{"name":"capacity","type":"int"}],"return":"java.nio.DoubleBuffer"},{"static":true,"name":"wrap","parameters":[{"name":"array","type":"double[]"},{"name":"offset","type":"int"},{"name":"length","type":"int"}],"return":"java.nio.DoubleBuffer"},{"static":true,"name":"wrap","parameters":[{"name":"array","type":"double[]"}],"return":"java.nio.DoubleBuffer"},{"name":"slice","return":"java.nio.DoubleBuffer"},{"name":"slice","parameters":[{"name":"index","type":"int"},{"name":"length","type":"int"}],"return":"java.nio.DoubleBuffer"},{"name":"duplicate","return":"java.nio.DoubleBuffer"},{"name":"asReadOnlyBuffer","return":"java.nio.DoubleBuffer"},{"name":"get","return":"double"},{"name":"put","parameters":[{"name":"d","type":"double"}],"return":"java.nio.DoubleBuffer"},{"name":"get","parameters":[{"name":"index","type":"int"}],"return":"double"},{"name":"put","parameters":[{"name":"index","type":"int"},{"name":"d","type":"double"}],"return":"java.nio.DoubleBuffer"},{"name":"get","parameters":[{"name":"dst","type":"double[]"},{"name":"offset","type":"int"},{"name":"length","type":"int"}],"return":"java.nio.DoubleBuffer"},{"name":"get","parameters":[{"name":"dst","type":"double[]"}],"return":"java.nio.DoubleBuffer"},{"name":"get","parameters":[{"name":"index","type":"int"},{"name":"dst","type":"double[]"},{"name":"offset","type":"int"},{"name":"length","type":"int"}],"return":"java.nio.DoubleBuffer"},{"name":"get","parameters":[{"name":"index","type":"int"},{"name":"dst","type":"double[]"}],"return":"java.nio.DoubleBuffer"},{"name":"put","parameters":[{"name":"src","type":"java.nio.DoubleBuffer"}],"return":"java.nio.DoubleBuffer"},{"name":"put","parameters":[{"name":"index","type":"int"},{"name":"src","type":"java.nio.DoubleBuffer"},{"name":"offset","type":"int"},{"name":"length","type":"int"}],"return":"java.nio.DoubleBuffer"},{"name":"put","parameters":[{"name":"src","type":"double[]"},{"name":"offset","type":"int"},{"name":"length","type":"int"}],"return":"java.nio.DoubleBuffer"},{"name":"put","parameters":[{"name":"src","type":"double[]"}],"return":"java.nio.DoubleBuffer"},{"name":"put","parameters":[{"name":"index","type":"int"},{"name":"src","type":"double[]"},{"name":"offset","type":"int"},{"name":"length","type":"int"}],"return":"java.nio.DoubleBuffer"},{"name":"put","parameters":[{"name":"index","type":"int"},{"name":"src","type":"double[]"}],"return":"java.nio.DoubleBuffer"},{"name":"hasArray","return":"boolean"},{"name":"array","return":"double[]"},{"name":"arrayOffset","return":"int"},{"name":"position","parameters":[{"name":"newPosition","type":"int"}],"return":"java.nio.DoubleBuffer"},{"name":"limit","parameters":[{"name":"newLimit","type":"int"}],"return":"java.nio.DoubleBuffer"},{"name":"mark","return":"java.nio.DoubleBuffer"},{"name":"reset","return":"java.nio.DoubleBuffer"},{"name":"clear","return":"java.nio.DoubleBuffer"},{"name":"flip","return":"java.nio.DoubleBuffer"},{"name":"rewind","return":"java.nio.DoubleBuffer"},{"name":"compact","return":"java.nio.DoubleBuffer"},{"name":"isDirect","return":"boolean"},{"name":"toString","return":"java.lang.String"},{"name":"hashCode","return":"int"},{"name":"equals","parameters":[{"name":"ob","type":"java.lang.Object"}],"return":"boolean"},{"name":"compareTo","parameters":[{"name":"that","type":"java.nio.DoubleBuffer"}],"return":"int"},{"name":"mismatch","parameters":[{"name":"that","type":"java.nio.DoubleBuffer"}],"return":"int"},{"name":"order","return":"java.nio.ByteOrder"}],"name":"java.nio.DoubleBuffer","simple-name":"DoubleBuffer"}