{"package":"java.lang","methods":[{"name":"getClass","return":"java.lang.Class"},{"name":"toString","return":"java.lang.String"},{"name":"notify"},{"name":"notifyAll"},{"name":"wait"},{"name":"wait","parameters":[{"name":"timeoutMillis","type":"long"}]},{"name":"wait","parameters":[{"name":"timeoutMillis","type":"long"},{"name":"nanos","type":"int"}]},{"name":"pid","return":"long"},{"static":true,"name":"of","parameters":[{"name":"pid","type":"long"}],"return":"java.util.Optional"},{"static":true,"name":"current","return":"java.lang.ProcessHandle"},{"name":"parent","return":"java.util.Optional"},{"name":"children","return":"java.util.stream.Stream"},{"name":"descendants","return":"java.util.stream.Stream"},{"static":true,"name":"allProcesses","return":"java.util.stream.Stream"},{"name":"info","return":"java.lang.ProcessHandle.Info"},{"name":"onExit","return":"java.util.concurrent.CompletableFuture"},{"name":"supportsNormalTermination","return":"boolean"},{"name":"destroy","return":"boolean"},{"name":"destroyForcibly","return":"boolean"},{"name":"isAlive","return":"boolean"},{"name":"hashCode","return":"int"},{"name":"equals","parameters":[{"name":"other","type":"java.lang.Object"}],"return":"boolean"},{"name":"compareTo","parameters":[{"name":"other","type":"java.lang.ProcessHandle"}],"return":"int"}],"name":"java.lang.ProcessHandle","simple-name":"ProcessHandle"}