{"package":"java.nio.channels.spi","methods":[{"name":"getClass","return":"java.lang.Class"},{"name":"hashCode","return":"int"},{"name":"equals","parameters":[{"name":"obj","type":"java.lang.Object"}],"return":"boolean"},{"name":"toString","return":"java.lang.String"},{"name":"notify"},{"name":"notifyAll"},{"name":"wait"},{"name":"wait","parameters":[{"name":"timeoutMillis","type":"long"}]},{"name":"wait","parameters":[{"name":"timeoutMillis","type":"long"},{"name":"nanos","type":"int"}]},{"static":true,"name":"provider","return":"java.nio.channels.spi.SelectorProvider"},{"name":"openDatagramChannel","return":"java.nio.channels.DatagramChannel"},{"name":"openDatagramChannel","parameters":[{"name":"family","type":"java.net.ProtocolFamily"}],"return":"java.nio.channels.DatagramChannel"},{"name":"openPipe","return":"java.nio.channels.Pipe"},{"name":"openSelector","return":"java.nio.channels.spi.AbstractSelector"},{"name":"openServerSocketChannel","return":"java.nio.channels.ServerSocketChannel"},{"name":"openSocketChannel","return":"java.nio.channels.SocketChannel"},{"name":"inheritedChannel","return":"java.nio.channels.Channel"},{"name":"openSocketChannel","parameters":[{"name":"family","type":"java.net.ProtocolFamily"}],"return":"java.nio.channels.SocketChannel"},{"name":"openServerSocketChannel","parameters":[{"name":"family","type":"java.net.ProtocolFamily"}],"return":"java.nio.channels.ServerSocketChannel"}],"name":"java.nio.channels.spi.SelectorProvider","simple-name":"SelectorProvider"}