{"package":"java.io","methods":[{"name":"getClass","return":"java.lang.Class"},{"name":"hashCode","return":"int"},{"name":"equals","parameters":[{"name":"obj","type":"java.lang.Object"}],"return":"boolean"},{"name":"toString","return":"java.lang.String"},{"name":"notify"},{"name":"notifyAll"},{"name":"wait"},{"name":"wait","parameters":[{"name":"timeoutMillis","type":"long"}]},{"name":"wait","parameters":[{"name":"timeoutMillis","type":"long"},{"name":"nanos","type":"int"}]},{"static":true,"name":"getSerialFilter","return":"java.io.ObjectInputFilter"},{"static":true,"name":"setSerialFilter","parameters":[{"name":"filter","type":"java.io.ObjectInputFilter"}]},{"static":true,"name":"getSerialFilterFactory","return":"java.util.function.BinaryOperator"},{"static":true,"name":"setSerialFilterFactory","parameters":[{"name":"filterFactory","type":"java.util.function.BinaryOperator"}]},{"static":true,"name":"createFilter","parameters":[{"name":"pattern","type":"java.lang.String"}],"return":"java.io.ObjectInputFilter"}],"name":"java.io.ObjectInputFilter.Config","simple-name":"Config"}