{"package":"java.lang","methods":[{"name":"getClass","return":"java.lang.Class"},{"name":"hashCode","return":"int"},{"name":"equals","parameters":[{"name":"obj","type":"java.lang.Object"}],"return":"boolean"},{"name":"notify"},{"name":"notifyAll"},{"name":"wait"},{"name":"wait","parameters":[{"name":"timeoutMillis","type":"long"}]},{"name":"wait","parameters":[{"name":"timeoutMillis","type":"long"},{"name":"nanos","type":"int"}]},{"name":"defineModulesWithOneLoader","parameters":[{"name":"cf","type":"java.lang.module.Configuration"},{"name":"parentLoader","type":"java.lang.ClassLoader"}],"return":"java.lang.ModuleLayer"},{"name":"defineModulesWithManyLoaders","parameters":[{"name":"cf","type":"java.lang.module.Configuration"},{"name":"parentLoader","type":"java.lang.ClassLoader"}],"return":"java.lang.ModuleLayer"},{"name":"defineModules","parameters":[{"name":"cf","type":"java.lang.module.Configuration"},{"name":"clf","type":"java.util.function.Function"}],"return":"java.lang.ModuleLayer"},{"static":true,"name":"defineModulesWithOneLoader","parameters":[{"name":"cf","type":"java.lang.module.Configuration"},{"name":"parentLayers","type":"java.util.List"},{"name":"parentLoader","type":"java.lang.ClassLoader"}],"return":"java.lang.ModuleLayer.Controller"},{"static":true,"name":"defineModulesWithManyLoaders","parameters":[{"name":"cf","type":"java.lang.module.Configuration"},{"name":"parentLayers","type":"java.util.List"},{"name":"parentLoader","type":"java.lang.ClassLoader"}],"return":"java.lang.ModuleLayer.Controller"},{"static":true,"name":"defineModules","parameters":[{"name":"cf","type":"java.lang.module.Configuration"},{"name":"parentLayers","type":"java.util.List"},{"name":"clf","type":"java.util.function.Function"}],"return":"java.lang.ModuleLayer.Controller"},{"name":"configuration","return":"java.lang.module.Configuration"},{"name":"parents","return":"java.util.List"},{"name":"modules","return":"java.util.Set"},{"name":"findModule","parameters":[{"name":"name","type":"java.lang.String"}],"return":"java.util.Optional"},{"name":"findLoader","parameters":[{"name":"name","type":"java.lang.String"}],"return":"java.lang.ClassLoader"},{"name":"toString","return":"java.lang.String"},{"static":true,"name":"empty","return":"java.lang.ModuleLayer"},{"static":true,"name":"boot","return":"java.lang.ModuleLayer"}],"name":"java.lang.ModuleLayer","simple-name":"ModuleLayer"}