{"package":"java.net.http","methods":[{"name":"getClass","return":"java.lang.Class"},{"name":"hashCode","return":"int"},{"name":"equals","parameters":[{"name":"obj","type":"java.lang.Object"}],"return":"boolean"},{"name":"toString","return":"java.lang.String"},{"name":"notify"},{"name":"notifyAll"},{"name":"wait"},{"name":"wait","parameters":[{"name":"timeoutMillis","type":"long"}]},{"name":"wait","parameters":[{"name":"timeoutMillis","type":"long"},{"name":"nanos","type":"int"}]},{"name":"header","parameters":[{"name":"name","type":"java.lang.String"},{"name":"value","type":"java.lang.String"}],"return":"java.net.http.WebSocket.Builder"},{"name":"connectTimeout","parameters":[{"name":"timeout","type":"java.time.Duration"}],"return":"java.net.http.WebSocket.Builder"},{"name":"subprotocols","parameters":[{"name":"mostPreferred","type":"java.lang.String"},{"name":"lesserPreferred","type":"java.lang.String[]"}],"return":"java.net.http.WebSocket.Builder"},{"name":"buildAsync","parameters":[{"name":"uri","type":"java.net.URI"},{"name":"listener","type":"java.net.http.WebSocket.Listener"}],"return":"java.util.concurrent.CompletableFuture"}],"name":"java.net.http.WebSocket.Builder","simple-name":"Builder"}