{"package":"java.nio.file.attribute","methods":[{"name":"getClass","return":"java.lang.Class"},{"name":"hashCode","return":"int"},{"name":"equals","parameters":[{"name":"obj","type":"java.lang.Object"}],"return":"boolean"},{"name":"toString","return":"java.lang.String"},{"name":"notify"},{"name":"notifyAll"},{"name":"wait"},{"name":"wait","parameters":[{"name":"timeoutMillis","type":"long"}]},{"name":"wait","parameters":[{"name":"timeoutMillis","type":"long"},{"name":"nanos","type":"int"}]},{"name":"lastModifiedTime","return":"java.nio.file.attribute.FileTime"},{"name":"lastAccessTime","return":"java.nio.file.attribute.FileTime"},{"name":"creationTime","return":"java.nio.file.attribute.FileTime"},{"name":"isRegularFile","return":"boolean"},{"name":"isDirectory","return":"boolean"},{"name":"isSymbolicLink","return":"boolean"},{"name":"isOther","return":"boolean"},{"name":"size","return":"long"},{"name":"fileKey","return":"java.lang.Object"}],"name":"java.nio.file.attribute.BasicFileAttributes","simple-name":"BasicFileAttributes"}