{"package":"java.nio.charset","methods":[{"name":"getClass","return":"java.lang.Class"},{"name":"hashCode","return":"int"},{"name":"equals","parameters":[{"name":"obj","type":"java.lang.Object"}],"return":"boolean"},{"name":"toString","return":"java.lang.String"},{"name":"notify"},{"name":"notifyAll"},{"name":"wait"},{"name":"wait","parameters":[{"name":"timeoutMillis","type":"long"}]},{"name":"wait","parameters":[{"name":"timeoutMillis","type":"long"},{"name":"nanos","type":"int"}]},{"name":"charset","return":"java.nio.charset.Charset"},{"name":"replacement","return":"java.lang.String"},{"name":"replaceWith","parameters":[{"name":"newReplacement","type":"java.lang.String"}],"return":"java.nio.charset.CharsetDecoder"},{"name":"malformedInputAction","return":"java.nio.charset.CodingErrorAction"},{"name":"onMalformedInput","parameters":[{"name":"newAction","type":"java.nio.charset.CodingErrorAction"}],"return":"java.nio.charset.CharsetDecoder"},{"name":"unmappableCharacterAction","return":"java.nio.charset.CodingErrorAction"},{"name":"onUnmappableCharacter","parameters":[{"name":"newAction","type":"java.nio.charset.CodingErrorAction"}],"return":"java.nio.charset.CharsetDecoder"},{"name":"averageCharsPerByte","return":"float"},{"name":"maxCharsPerByte","return":"float"},{"name":"decode","parameters":[{"name":"in","type":"java.nio.ByteBuffer"},{"name":"out","type":"java.nio.CharBuffer"},{"name":"endOfInput","type":"boolean"}],"return":"java.nio.charset.CoderResult"},{"name":"flush","parameters":[{"name":"out","type":"java.nio.CharBuffer"}],"return":"java.nio.charset.CoderResult"},{"name":"reset","return":"java.nio.charset.CharsetDecoder"},{"name":"decode","parameters":[{"name":"in","type":"java.nio.ByteBuffer"}],"return":"java.nio.CharBuffer"},{"name":"isAutoDetecting","return":"boolean"},{"name":"isCharsetDetected","return":"boolean"},{"name":"detectedCharset","return":"java.nio.charset.Charset"}],"name":"java.nio.charset.CharsetDecoder","simple-name":"CharsetDecoder"}