{"package":"java.lang.module","methods":[{"name":"getClass","return":"java.lang.Class"},{"name":"hashCode","return":"int"},{"name":"equals","parameters":[{"name":"obj","type":"java.lang.Object"}],"return":"boolean"},{"name":"toString","return":"java.lang.String"},{"name":"notify"},{"name":"notifyAll"},{"name":"wait"},{"name":"wait","parameters":[{"name":"timeoutMillis","type":"long"}]},{"name":"wait","parameters":[{"name":"timeoutMillis","type":"long"},{"name":"nanos","type":"int"}]},{"name":"requires","parameters":[{"name":"req","type":"java.lang.module.ModuleDescriptor.Requires"}],"return":"java.lang.module.ModuleDescriptor.Builder"},{"name":"requires","parameters":[{"name":"ms","type":"java.util.Set"},{"name":"mn","type":"java.lang.String"},{"name":"compiledVersion","type":"java.lang.module.ModuleDescriptor.Version"}],"return":"java.lang.module.ModuleDescriptor.Builder"},{"name":"requires","parameters":[{"name":"ms","type":"java.util.Set"},{"name":"mn","type":"java.lang.String"}],"return":"java.lang.module.ModuleDescriptor.Builder"},{"name":"requires","parameters":[{"name":"mn","type":"java.lang.String"}],"return":"java.lang.module.ModuleDescriptor.Builder"},{"name":"exports","parameters":[{"name":"e","type":"java.lang.module.ModuleDescriptor.Exports"}],"return":"java.lang.module.ModuleDescriptor.Builder"},{"name":"exports","parameters":[{"name":"ms","type":"java.util.Set"},{"name":"pn","type":"java.lang.String"},{"name":"targets","type":"java.util.Set"}],"return":"java.lang.module.ModuleDescriptor.Builder"},{"name":"exports","parameters":[{"name":"ms","type":"java.util.Set"},{"name":"pn","type":"java.lang.String"}],"return":"java.lang.module.ModuleDescriptor.Builder"},{"name":"exports","parameters":[{"name":"pn","type":"java.lang.String"},{"name":"targets","type":"java.util.Set"}],"return":"java.lang.module.ModuleDescriptor.Builder"},{"name":"exports","parameters":[{"name":"pn","type":"java.lang.String"}],"return":"java.lang.module.ModuleDescriptor.Builder"},{"name":"opens","parameters":[{"name":"obj","type":"java.lang.module.ModuleDescriptor.Opens"}],"return":"java.lang.module.ModuleDescriptor.Builder"},{"name":"opens","parameters":[{"name":"ms","type":"java.util.Set"},{"name":"pn","type":"java.lang.String"},{"name":"targets","type":"java.util.Set"}],"return":"java.lang.module.ModuleDescriptor.Builder"},{"name":"opens","parameters":[{"name":"ms","type":"java.util.Set"},{"name":"pn","type":"java.lang.String"}],"return":"java.lang.module.ModuleDescriptor.Builder"},{"name":"opens","parameters":[{"name":"pn","type":"java.lang.String"},{"name":"targets","type":"java.util.Set"}],"return":"java.lang.module.ModuleDescriptor.Builder"},{"name":"opens","parameters":[{"name":"pn","type":"java.lang.String"}],"return":"java.lang.module.ModuleDescriptor.Builder"},{"name":"uses","parameters":[{"name":"service","type":"java.lang.String"}],"return":"java.lang.module.ModuleDescriptor.Builder"},{"name":"provides","parameters":[{"name":"p","type":"java.lang.module.ModuleDescriptor.Provides"}],"return":"java.lang.module.ModuleDescriptor.Builder"},{"name":"provides","parameters":[{"name":"service","type":"java.lang.String"},{"name":"providers","type":"java.util.List"}],"return":"java.lang.module.ModuleDescriptor.Builder"},{"name":"packages","parameters":[{"name":"pns","type":"java.util.Set"}],"return":"java.lang.module.ModuleDescriptor.Builder"},{"name":"version","parameters":[{"name":"v","type":"java.lang.module.ModuleDescriptor.Version"}],"return":"java.lang.module.ModuleDescriptor.Builder"},{"name":"version","parameters":[{"name":"vs","type":"java.lang.String"}],"return":"java.lang.module.ModuleDescriptor.Builder"},{"name":"mainClass","parameters":[{"name":"mc","type":"java.lang.String"}],"return":"java.lang.module.ModuleDescriptor.Builder"},{"name":"build","return":"java.lang.module.ModuleDescriptor"}],"name":"java.lang.module.ModuleDescriptor.Builder","simple-name":"Builder"}