{"package":"java.net.http","methods":[{"name":"getClass","return":"java.lang.Class"},{"name":"hashCode","return":"int"},{"name":"equals","parameters":[{"name":"obj","type":"java.lang.Object"}],"return":"boolean"},{"name":"toString","return":"java.lang.String"},{"name":"notify"},{"name":"notifyAll"},{"name":"wait"},{"name":"wait","parameters":[{"name":"timeoutMillis","type":"long"}]},{"name":"wait","parameters":[{"name":"timeoutMillis","type":"long"},{"name":"nanos","type":"int"}]},{"name":"onOpen","parameters":[{"name":"webSocket","type":"java.net.http.WebSocket"}]},{"name":"onText","parameters":[{"name":"webSocket","type":"java.net.http.WebSocket"},{"name":"data","type":"java.lang.CharSequence"},{"name":"last","type":"boolean"}],"return":"java.util.concurrent.CompletionStage"},{"name":"onBinary","parameters":[{"name":"webSocket","type":"java.net.http.WebSocket"},{"name":"data","type":"java.nio.ByteBuffer"},{"name":"last","type":"boolean"}],"return":"java.util.concurrent.CompletionStage"},{"name":"onPing","parameters":[{"name":"webSocket","type":"java.net.http.WebSocket"},{"name":"message","type":"java.nio.ByteBuffer"}],"return":"java.util.concurrent.CompletionStage"},{"name":"onPong","parameters":[{"name":"webSocket","type":"java.net.http.WebSocket"},{"name":"message","type":"java.nio.ByteBuffer"}],"return":"java.util.concurrent.CompletionStage"},{"name":"onClose","parameters":[{"name":"webSocket","type":"java.net.http.WebSocket"},{"name":"statusCode","type":"int"},{"name":"reason","type":"java.lang.String"}],"return":"java.util.concurrent.CompletionStage"},{"name":"onError","parameters":[{"name":"webSocket","type":"java.net.http.WebSocket"},{"name":"error","type":"java.lang.Throwable"}]}],"name":"java.net.http.WebSocket.Listener","simple-name":"Listener"}