{"constructors":[{"name":"<init>","parameters":[{"name":"command","type":"java.util.List"}]},{"name":"<init>","parameters":[{"name":"command","type":"java.lang.String[]"}]}],"package":"java.lang","methods":[{"name":"getClass","return":"java.lang.Class"},{"name":"hashCode","return":"int"},{"name":"equals","parameters":[{"name":"obj","type":"java.lang.Object"}],"return":"boolean"},{"name":"toString","return":"java.lang.String"},{"name":"notify"},{"name":"notifyAll"},{"name":"wait"},{"name":"wait","parameters":[{"name":"timeoutMillis","type":"long"}]},{"name":"wait","parameters":[{"name":"timeoutMillis","type":"long"},{"name":"nanos","type":"int"}]},{"name":"command","parameters":[{"name":"command","type":"java.util.List"}],"return":"java.lang.ProcessBuilder"},{"name":"command","parameters":[{"name":"command","type":"java.lang.String[]"}],"return":"java.lang.ProcessBuilder"},{"name":"command","return":"java.util.List"},{"name":"environment","return":"java.util.Map"},{"name":"directory","return":"java.io.File"},{"name":"directory","parameters":[{"name":"directory","type":"java.io.File"}],"return":"java.lang.ProcessBuilder"},{"name":"redirectInput","parameters":[{"name":"source","type":"java.lang.ProcessBuilder.Redirect"}],"return":"java.lang.ProcessBuilder"},{"name":"redirectOutput","parameters":[{"name":"destination","type":"java.lang.ProcessBuilder.Redirect"}],"return":"java.lang.ProcessBuilder"},{"name":"redirectError","parameters":[{"name":"destination","type":"java.lang.ProcessBuilder.Redirect"}],"return":"java.lang.ProcessBuilder"},{"name":"redirectInput","parameters":[{"name":"file","type":"java.io.File"}],"return":"java.lang.ProcessBuilder"},{"name":"redirectOutput","parameters":[{"name":"file","type":"java.io.File"}],"return":"java.lang.ProcessBuilder"},{"name":"redirectError","parameters":[{"name":"file","type":"java.io.File"}],"return":"java.lang.ProcessBuilder"},{"name":"redirectInput","return":"java.lang.ProcessBuilder.Redirect"},{"name":"redirectOutput","return":"java.lang.ProcessBuilder.Redirect"},{"name":"redirectError","return":"java.lang.ProcessBuilder.Redirect"},{"name":"inheritIO","return":"java.lang.ProcessBuilder"},{"name":"redirectErrorStream","return":"boolean"},{"name":"redirectErrorStream","parameters":[{"name":"redirectErrorStream","type":"boolean"}],"return":"java.lang.ProcessBuilder"},{"name":"start","return":"java.lang.Process"},{"static":true,"name":"startPipeline","parameters":[{"name":"builders","type":"java.util.List"}],"return":"java.util.List"}],"name":"java.lang.ProcessBuilder","simple-name":"ProcessBuilder"}