{"package":"java.net","methods":[{"name":"getClass","return":"java.lang.Class"},{"name":"hashCode","return":"int"},{"name":"equals","parameters":[{"name":"obj","type":"java.lang.Object"}],"return":"boolean"},{"name":"notify"},{"name":"notifyAll"},{"name":"wait"},{"name":"wait","parameters":[{"name":"timeoutMillis","type":"long"}]},{"name":"wait","parameters":[{"name":"timeoutMillis","type":"long"},{"name":"nanos","type":"int"}]},{"static":true,"name":"getFileNameMap","return":"java.net.FileNameMap"},{"static":true,"name":"setFileNameMap","parameters":[{"name":"map","type":"java.net.FileNameMap"}]},{"name":"connect"},{"name":"setConnectTimeout","parameters":[{"name":"timeout","type":"int"}]},{"name":"getConnectTimeout","return":"int"},{"name":"setReadTimeout","parameters":[{"name":"timeout","type":"int"}]},{"name":"getReadTimeout","return":"int"},{"name":"getURL","return":"java.net.URL"},{"name":"getContentLength","return":"int"},{"name":"getContentLengthLong","return":"long"},{"name":"getContentType","return":"java.lang.String"},{"name":"getContentEncoding","return":"java.lang.String"},{"name":"getExpiration","return":"long"},{"name":"getDate","return":"long"},{"name":"getLastModified","return":"long"},{"name":"getHeaderField","parameters":[{"name":"name","type":"java.lang.String"}],"return":"java.lang.String"},{"name":"getHeaderFields","return":"java.util.Map"},{"name":"getHeaderFieldInt","parameters":[{"name":"name","type":"java.lang.String"},{"name":"Default","type":"int"}],"return":"int"},{"name":"getHeaderFieldLong","parameters":[{"name":"name","type":"java.lang.String"},{"name":"Default","type":"long"}],"return":"long"},{"name":"getContent","return":"java.lang.Object"},{"name":"getContent","parameters":[{"name":"classes","type":"java.lang.Class[]"}],"return":"java.lang.Object"},{"name":"getInputStream","return":"java.io.InputStream"},{"name":"getOutputStream","return":"java.io.OutputStream"},{"name":"toString","return":"java.lang.String"},{"name":"setDoInput","parameters":[{"name":"doinput","type":"boolean"}]},{"name":"getDoInput","return":"boolean"},{"name":"setDoOutput","parameters":[{"name":"dooutput","type":"boolean"}]},{"name":"getDoOutput","return":"boolean"},{"name":"setAllowUserInteraction","parameters":[{"name":"allowuserinteraction","type":"boolean"}]},{"name":"getAllowUserInteraction","return":"boolean"},{"static":true,"name":"setDefaultAllowUserInteraction","parameters":[{"name":"defaultallowuserinteraction","type":"boolean"}]},{"static":true,"name":"getDefaultAllowUserInteraction","return":"boolean"},{"name":"setUseCaches","parameters":[{"name":"usecaches","type":"boolean"}]},{"name":"getUseCaches","return":"boolean"},{"name":"setIfModifiedSince","parameters":[{"name":"ifmodifiedsince","type":"long"}]},{"name":"getIfModifiedSince","return":"long"},{"name":"getDefaultUseCaches","return":"boolean"},{"name":"setDefaultUseCaches","parameters":[{"name":"defaultusecaches","type":"boolean"}]},{"static":true,"name":"setDefaultUseCaches","parameters":[{"name":"protocol","type":"java.lang.String"},{"name":"defaultVal","type":"boolean"}]},{"static":true,"name":"getDefaultUseCaches","parameters":[{"name":"protocol","type":"java.lang.String"}],"return":"boolean"},{"name":"setRequestProperty","parameters":[{"name":"key","type":"java.lang.String"},{"name":"value","type":"java.lang.String"}]},{"name":"addRequestProperty","parameters":[{"name":"key","type":"java.lang.String"},{"name":"value","type":"java.lang.String"}]},{"name":"getRequestProperty","parameters":[{"name":"key","type":"java.lang.String"}],"return":"java.lang.String"},{"name":"getRequestProperties","return":"java.util.Map"},{"static":true,"name":"setDefaultRequestProperty","parameters":[{"name":"key","type":"java.lang.String"},{"name":"value","type":"java.lang.String"}]},{"static":true,"name":"getDefaultRequestProperty","parameters":[{"name":"key","type":"java.lang.String"}],"return":"java.lang.String"},{"static":true,"name":"setContentHandlerFactory","parameters":[{"name":"fac","type":"java.net.ContentHandlerFactory"}]},{"static":true,"name":"guessContentTypeFromName","parameters":[{"name":"fname","type":"java.lang.String"}],"return":"java.lang.String"},{"static":true,"name":"guessContentTypeFromStream","parameters":[{"name":"is","type":"java.io.InputStream"}],"return":"java.lang.String"},{"name":"setAuthenticator","parameters":[{"name":"auth","type":"java.net.Authenticator"}]},{"name":"getHeaderFieldKey","parameters":[{"name":"n","type":"int"}],"return":"java.lang.String"},{"name":"setFixedLengthStreamingMode","parameters":[{"name":"contentLength","type":"int"}]},{"name":"setFixedLengthStreamingMode","parameters":[{"name":"contentLength","type":"long"}]},{"name":"setChunkedStreamingMode","parameters":[{"name":"chunklen","type":"int"}]},{"name":"getHeaderField","parameters":[{"name":"n","type":"int"}],"return":"java.lang.String"},{"static":true,"name":"setFollowRedirects","parameters":[{"name":"set","type":"boolean"}]},{"static":true,"name":"getFollowRedirects","return":"boolean"},{"name":"setInstanceFollowRedirects","parameters":[{"name":"followRedirects","type":"boolean"}]},{"name":"getInstanceFollowRedirects","return":"boolean"},{"name":"setRequestMethod","parameters":[{"name":"method","type":"java.lang.String"}]},{"name":"getRequestMethod","return":"java.lang.String"},{"name":"getResponseCode","return":"int"},{"name":"getResponseMessage","return":"java.lang.String"},{"name":"getHeaderFieldDate","parameters":[{"name":"name","type":"java.lang.String"},{"name":"Default","type":"long"}],"return":"long"},{"name":"disconnect"},{"name":"usingProxy","return":"boolean"},{"name":"getPermission","return":"java.security.Permission"},{"name":"getErrorStream","return":"java.io.InputStream"}],"name":"java.net.HttpURLConnection","simple-name":"HttpURLConnection","fields":[{"static":true,"name":"HTTP_OK","type":"int"},{"static":true,"name":"HTTP_CREATED","type":"int"},{"static":true,"name":"HTTP_ACCEPTED","type":"int"},{"static":true,"name":"HTTP_NOT_AUTHORITATIVE","type":"int"},{"static":true,"name":"HTTP_NO_CONTENT","type":"int"},{"static":true,"name":"HTTP_RESET","type":"int"},{"static":true,"name":"HTTP_PARTIAL","type":"int"},{"static":true,"name":"HTTP_MULT_CHOICE","type":"int"},{"static":true,"name":"HTTP_MOVED_PERM","type":"int"},{"static":true,"name":"HTTP_MOVED_TEMP","type":"int"},{"static":true,"name":"HTTP_SEE_OTHER","type":"int"},{"static":true,"name":"HTTP_NOT_MODIFIED","type":"int"},{"static":true,"name":"HTTP_USE_PROXY","type":"int"},{"static":true,"name":"HTTP_BAD_REQUEST","type":"int"},{"static":true,"name":"HTTP_UNAUTHORIZED","type":"int"},{"static":true,"name":"HTTP_PAYMENT_REQUIRED","type":"int"},{"static":true,"name":"HTTP_FORBIDDEN","type":"int"},{"static":true,"name":"HTTP_NOT_FOUND","type":"int"},{"static":true,"name":"HTTP_BAD_METHOD","type":"int"},{"static":true,"name":"HTTP_NOT_ACCEPTABLE","type":"int"},{"static":true,"name":"HTTP_PROXY_AUTH","type":"int"},{"static":true,"name":"HTTP_CLIENT_TIMEOUT","type":"int"},{"static":true,"name":"HTTP_CONFLICT","type":"int"},{"static":true,"name":"HTTP_GONE","type":"int"},{"static":true,"name":"HTTP_LENGTH_REQUIRED","type":"int"},{"static":true,"name":"HTTP_PRECON_FAILED","type":"int"},{"static":true,"name":"HTTP_ENTITY_TOO_LARGE","type":"int"},{"static":true,"name":"HTTP_REQ_TOO_LONG","type":"int"},{"static":true,"name":"HTTP_UNSUPPORTED_TYPE","type":"int"},{"static":true,"name":"HTTP_SERVER_ERROR","type":"int"},{"static":true,"name":"HTTP_INTERNAL_ERROR","type":"int"},{"static":true,"name":"HTTP_NOT_IMPLEMENTED","type":"int"},{"static":true,"name":"HTTP_BAD_GATEWAY","type":"int"},{"static":true,"name":"HTTP_UNAVAILABLE","type":"int"},{"static":true,"name":"HTTP_GATEWAY_TIMEOUT","type":"int"},{"static":true,"name":"HTTP_VERSION","type":"int"}]}