{"package":"java.lang.invoke","methods":[{"name":"getClass","return":"java.lang.Class"},{"name":"notify"},{"name":"notifyAll"},{"name":"wait"},{"name":"wait","parameters":[{"name":"timeoutMillis","type":"long"}]},{"name":"wait","parameters":[{"name":"timeoutMillis","type":"long"},{"name":"nanos","type":"int"}]},{"static":true,"name":"ofCanonical","parameters":[{"name":"bootstrapMethod","type":"java.lang.constant.DirectMethodHandleDesc"},{"name":"constantName","type":"java.lang.String"},{"name":"constantType","type":"java.lang.constant.ClassDesc"},{"name":"bootstrapArgs","type":"java.lang.constant.ConstantDesc[]"}],"return":"java.lang.constant.ConstantDesc"},{"static":true,"name":"ofNamed","parameters":[{"name":"bootstrapMethod","type":"java.lang.constant.DirectMethodHandleDesc"},{"name":"constantName","type":"java.lang.String"},{"name":"constantType","type":"java.lang.constant.ClassDesc"},{"name":"bootstrapArgs","type":"java.lang.constant.ConstantDesc[]"}],"return":"java.lang.constant.DynamicConstantDesc"},{"static":true,"name":"of","parameters":[{"name":"bootstrapMethod","type":"java.lang.constant.DirectMethodHandleDesc"},{"name":"bootstrapArgs","type":"java.lang.constant.ConstantDesc[]"}],"return":"java.lang.constant.DynamicConstantDesc"},{"static":true,"name":"of","parameters":[{"name":"bootstrapMethod","type":"java.lang.constant.DirectMethodHandleDesc"}],"return":"java.lang.constant.DynamicConstantDesc"},{"name":"constantName","return":"java.lang.String"},{"name":"constantType","return":"java.lang.constant.ClassDesc"},{"name":"bootstrapMethod","return":"java.lang.constant.DirectMethodHandleDesc"},{"name":"bootstrapArgs","return":"java.lang.constant.ConstantDesc[]"},{"name":"bootstrapArgsList","return":"java.util.List"},{"name":"equals","parameters":[{"name":"o","type":"java.lang.Object"}],"return":"boolean"},{"name":"hashCode","return":"int"},{"static":true,"name":"ofField","parameters":[{"name":"declaringClass","type":"java.lang.constant.ClassDesc"},{"name":"name","type":"java.lang.String"},{"name":"fieldType","type":"java.lang.constant.ClassDesc"}],"return":"java.lang.invoke.VarHandle.VarHandleDesc"},{"static":true,"name":"ofStaticField","parameters":[{"name":"declaringClass","type":"java.lang.constant.ClassDesc"},{"name":"name","type":"java.lang.String"},{"name":"fieldType","type":"java.lang.constant.ClassDesc"}],"return":"java.lang.invoke.VarHandle.VarHandleDesc"},{"static":true,"name":"ofArray","parameters":[{"name":"arrayClass","type":"java.lang.constant.ClassDesc"}],"return":"java.lang.invoke.VarHandle.VarHandleDesc"},{"name":"varType","return":"java.lang.constant.ClassDesc"},{"name":"resolveConstantDesc","parameters":[{"name":"lookup","type":"java.lang.invoke.MethodHandles.Lookup"}],"return":"java.lang.invoke.VarHandle"},{"name":"toString","return":"java.lang.String"}],"name":"java.lang.invoke.VarHandle.VarHandleDesc","simple-name":"VarHandleDesc"}