{"package":"java.lang.reflect","methods":[{"name":"getClass","return":"java.lang.Class"},{"name":"hashCode","return":"int"},{"name":"equals","parameters":[{"name":"obj","type":"java.lang.Object"}],"return":"boolean"},{"name":"toString","return":"java.lang.String"},{"name":"notify"},{"name":"notifyAll"},{"name":"wait"},{"name":"wait","parameters":[{"name":"timeoutMillis","type":"long"}]},{"name":"wait","parameters":[{"name":"timeoutMillis","type":"long"},{"name":"nanos","type":"int"}]},{"static":true,"name":"newInstance","parameters":[{"name":"componentType","type":"java.lang.Class"},{"name":"length","type":"int"}],"return":"java.lang.Object"},{"static":true,"name":"newInstance","parameters":[{"name":"componentType","type":"java.lang.Class"},{"name":"dimensions","type":"int[]"}],"return":"java.lang.Object"},{"static":true,"name":"getLength","parameters":[{"name":"array","type":"java.lang.Object"}],"return":"int"},{"static":true,"name":"get","parameters":[{"name":"array","type":"java.lang.Object"},{"name":"index","type":"int"}],"return":"java.lang.Object"},{"static":true,"name":"getBoolean","parameters":[{"name":"array","type":"java.lang.Object"},{"name":"index","type":"int"}],"return":"boolean"},{"static":true,"name":"getByte","parameters":[{"name":"array","type":"java.lang.Object"},{"name":"index","type":"int"}],"return":"byte"},{"static":true,"name":"getChar","parameters":[{"name":"array","type":"java.lang.Object"},{"name":"index","type":"int"}],"return":"char"},{"static":true,"name":"getShort","parameters":[{"name":"array","type":"java.lang.Object"},{"name":"index","type":"int"}],"return":"short"},{"static":true,"name":"getInt","parameters":[{"name":"array","type":"java.lang.Object"},{"name":"index","type":"int"}],"return":"int"},{"static":true,"name":"getLong","parameters":[{"name":"array","type":"java.lang.Object"},{"name":"index","type":"int"}],"return":"long"},{"static":true,"name":"getFloat","parameters":[{"name":"array","type":"java.lang.Object"},{"name":"index","type":"int"}],"return":"float"},{"static":true,"name":"getDouble","parameters":[{"name":"array","type":"java.lang.Object"},{"name":"index","type":"int"}],"return":"double"},{"static":true,"name":"set","parameters":[{"name":"array","type":"java.lang.Object"},{"name":"index","type":"int"},{"name":"value","type":"java.lang.Object"}]},{"static":true,"name":"setBoolean","parameters":[{"name":"array","type":"java.lang.Object"},{"name":"index","type":"int"},{"name":"z","type":"boolean"}]},{"static":true,"name":"setByte","parameters":[{"name":"array","type":"java.lang.Object"},{"name":"index","type":"int"},{"name":"b","type":"byte"}]},{"static":true,"name":"setChar","parameters":[{"name":"array","type":"java.lang.Object"},{"name":"index","type":"int"},{"name":"c","type":"char"}]},{"static":true,"name":"setShort","parameters":[{"name":"array","type":"java.lang.Object"},{"name":"index","type":"int"},{"name":"s","type":"short"}]},{"static":true,"name":"setInt","parameters":[{"name":"array","type":"java.lang.Object"},{"name":"index","type":"int"},{"name":"i","type":"int"}]},{"static":true,"name":"setLong","parameters":[{"name":"array","type":"java.lang.Object"},{"name":"index","type":"int"},{"name":"l","type":"long"}]},{"static":true,"name":"setFloat","parameters":[{"name":"array","type":"java.lang.Object"},{"name":"index","type":"int"},{"name":"f","type":"float"}]},{"static":true,"name":"setDouble","parameters":[{"name":"array","type":"java.lang.Object"},{"name":"index","type":"int"},{"name":"d","type":"double"}]}],"name":"java.lang.reflect.Array","simple-name":"Array"}