{"package":"java.nio.charset","methods":[{"name":"getClass","return":"java.lang.Class"},{"name":"hashCode","return":"int"},{"name":"equals","parameters":[{"name":"obj","type":"java.lang.Object"}],"return":"boolean"},{"name":"notify"},{"name":"notifyAll"},{"name":"wait"},{"name":"wait","parameters":[{"name":"timeoutMillis","type":"long"}]},{"name":"wait","parameters":[{"name":"timeoutMillis","type":"long"},{"name":"nanos","type":"int"}]},{"name":"toString","return":"java.lang.String"},{"name":"isUnderflow","return":"boolean"},{"name":"isOverflow","return":"boolean"},{"name":"isError","return":"boolean"},{"name":"isMalformed","return":"boolean"},{"name":"isUnmappable","return":"boolean"},{"name":"length","return":"int"},{"static":true,"name":"malformedForLength","parameters":[{"name":"length","type":"int"}],"return":"java.nio.charset.CoderResult"},{"static":true,"name":"unmappableForLength","parameters":[{"name":"length","type":"int"}],"return":"java.nio.charset.CoderResult"},{"name":"throwException"}],"name":"java.nio.charset.CoderResult","simple-name":"CoderResult","fields":[{"static":true,"name":"UNDERFLOW","type":"java.nio.charset.CoderResult"},{"static":true,"name":"OVERFLOW","type":"java.nio.charset.CoderResult"}]}