{"package":"java.net.http","methods":[{"name":"getClass","return":"java.lang.Class"},{"name":"hashCode","return":"int"},{"name":"equals","parameters":[{"name":"obj","type":"java.lang.Object"}],"return":"boolean"},{"name":"toString","return":"java.lang.String"},{"name":"notify"},{"name":"notifyAll"},{"name":"wait"},{"name":"wait","parameters":[{"name":"timeoutMillis","type":"long"}]},{"name":"wait","parameters":[{"name":"timeoutMillis","type":"long"},{"name":"nanos","type":"int"}]},{"name":"applyPushPromise","parameters":[{"name":"initiatingRequest","type":"java.net.http.HttpRequest"},{"name":"pushPromiseRequest","type":"java.net.http.HttpRequest"},{"name":"acceptor","type":"java.util.function.Function"}]},{"static":true,"name":"of","parameters":[{"name":"pushPromiseHandler","type":"java.util.function.Function"},{"name":"pushPromisesMap","type":"java.util.concurrent.ConcurrentMap"}],"return":"java.net.http.HttpResponse.PushPromiseHandler"}],"name":"java.net.http.HttpResponse.PushPromiseHandler","simple-name":"PushPromiseHandler"}