{"package":"java.lang.reflect","methods":[{"name":"getClass","return":"java.lang.Class"},{"name":"hashCode","return":"int"},{"name":"equals","parameters":[{"name":"obj","type":"java.lang.Object"}],"return":"boolean"},{"name":"toString","return":"java.lang.String"},{"name":"notify"},{"name":"notifyAll"},{"name":"wait"},{"name":"wait","parameters":[{"name":"timeoutMillis","type":"long"}]},{"name":"wait","parameters":[{"name":"timeoutMillis","type":"long"},{"name":"nanos","type":"int"}]},{"name":"getDeclaringClass","return":"java.lang.Class"},{"name":"getName","return":"java.lang.String"},{"name":"getModifiers","return":"int"},{"name":"isSynthetic","return":"boolean"}],"name":"java.lang.reflect.Member","simple-name":"Member","fields":[{"static":true,"name":"PUBLIC","type":"int"},{"static":true,"name":"DECLARED","type":"int"}]}