{"package":"java.lang.module","methods":[{"name":"getClass","return":"java.lang.Class"},{"name":"notify"},{"name":"notifyAll"},{"name":"wait"},{"name":"wait","parameters":[{"name":"timeoutMillis","type":"long"}]},{"name":"wait","parameters":[{"name":"timeoutMillis","type":"long"},{"name":"nanos","type":"int"}]},{"name":"modifiers","return":"java.util.Set"},{"name":"name","return":"java.lang.String"},{"name":"compiledVersion","return":"java.util.Optional"},{"name":"rawCompiledVersion","return":"java.util.Optional"},{"name":"compareTo","parameters":[{"name":"that","type":"java.lang.module.ModuleDescriptor.Requires"}],"return":"int"},{"name":"equals","parameters":[{"name":"ob","type":"java.lang.Object"}],"return":"boolean"},{"name":"hashCode","return":"int"},{"name":"toString","return":"java.lang.String"}],"name":"java.lang.module.ModuleDescriptor.Requires","simple-name":"Requires"}