{"package":"java.io","methods":[{"name":"getClass","return":"java.lang.Class"},{"name":"hashCode","return":"int"},{"name":"equals","parameters":[{"name":"obj","type":"java.lang.Object"}],"return":"boolean"},{"name":"toString","return":"java.lang.String"},{"name":"notify"},{"name":"notifyAll"},{"name":"wait"},{"name":"wait","parameters":[{"name":"timeoutMillis","type":"long"}]},{"name":"wait","parameters":[{"name":"timeoutMillis","type":"long"},{"name":"nanos","type":"int"}]},{"name":"serialClass","return":"java.lang.Class"},{"name":"arrayLength","return":"long"},{"name":"depth","return":"long"},{"name":"references","return":"long"},{"name":"streamBytes","return":"long"}],"name":"java.io.ObjectInputFilter.FilterInfo","simple-name":"FilterInfo"}