{"package":"java.net.http","methods":[{"name":"getClass","return":"java.lang.Class"},{"name":"hashCode","return":"int"},{"name":"equals","parameters":[{"name":"obj","type":"java.lang.Object"}],"return":"boolean"},{"name":"toString","return":"java.lang.String"},{"name":"notify"},{"name":"notifyAll"},{"name":"wait"},{"name":"wait","parameters":[{"name":"timeoutMillis","type":"long"}]},{"name":"wait","parameters":[{"name":"timeoutMillis","type":"long"},{"name":"nanos","type":"int"}]},{"static":true,"name":"newHttpClient","return":"java.net.http.HttpClient"},{"static":true,"name":"newBuilder","return":"java.net.http.HttpClient.Builder"},{"name":"cookieHandler","return":"java.util.Optional"},{"name":"connectTimeout","return":"java.util.Optional"},{"name":"followRedirects","return":"java.net.http.HttpClient.Redirect"},{"name":"proxy","return":"java.util.Optional"},{"name":"sslContext","return":"javax.net.ssl.SSLContext"},{"name":"sslParameters","return":"javax.net.ssl.SSLParameters"},{"name":"authenticator","return":"java.util.Optional"},{"name":"version","return":"java.net.http.HttpClient.Version"},{"name":"executor","return":"java.util.Optional"},{"name":"send","parameters":[{"name":"request","type":"java.net.http.HttpRequest"},{"name":"responseBodyHandler","type":"java.net.http.HttpResponse.BodyHandler"}],"return":"java.net.http.HttpResponse"},{"name":"sendAsync","parameters":[{"name":"request","type":"java.net.http.HttpRequest"},{"name":"responseBodyHandler","type":"java.net.http.HttpResponse.BodyHandler"}],"return":"java.util.concurrent.CompletableFuture"},{"name":"sendAsync","parameters":[{"name":"request","type":"java.net.http.HttpRequest"},{"name":"responseBodyHandler","type":"java.net.http.HttpResponse.BodyHandler"},{"name":"pushPromiseHandler","type":"java.net.http.HttpResponse.PushPromiseHandler"}],"return":"java.util.concurrent.CompletableFuture"},{"name":"newWebSocketBuilder","return":"java.net.http.WebSocket.Builder"}],"name":"java.net.http.HttpClient","simple-name":"HttpClient"}