{"package":"java.lang.reflect","methods":[{"name":"getClass","return":"java.lang.Class"},{"name":"hashCode","return":"int"},{"name":"equals","parameters":[{"name":"obj","type":"java.lang.Object"}],"return":"boolean"},{"name":"toString","return":"java.lang.String"},{"name":"notify"},{"name":"notifyAll"},{"name":"wait"},{"name":"wait","parameters":[{"name":"timeoutMillis","type":"long"}]},{"name":"wait","parameters":[{"name":"timeoutMillis","type":"long"},{"name":"nanos","type":"int"}]},{"static":true,"name":"setAccessible","parameters":[{"name":"array","type":"java.lang.reflect.AccessibleObject[]"},{"name":"flag","type":"boolean"}]},{"name":"setAccessible","parameters":[{"name":"flag","type":"boolean"}]},{"name":"trySetAccessible","return":"boolean"},{"name":"isAccessible","return":"boolean"},{"name":"canAccess","parameters":[{"name":"obj","type":"java.lang.Object"}],"return":"boolean"},{"name":"isAnnotationPresent","parameters":[{"name":"annotationClass","type":"java.lang.Class"}],"return":"boolean"},{"name":"getAnnotations","return":"java.lang.annotation.Annotation[]"},{"name":"getDeclaredAnnotation","parameters":[{"name":"annotationClass","type":"java.lang.Class"}],"return":"java.lang.annotation.Annotation"},{"name":"getDeclaredAnnotationsByType","parameters":[{"name":"annotationClass","type":"java.lang.Class"}],"return":"java.lang.annotation.Annotation[]"},{"name":"getDeclaringClass","return":"java.lang.Class"},{"name":"getName","return":"java.lang.String"},{"name":"getModifiers","return":"int"},{"name":"getTypeParameters","return":"java.lang.reflect.TypeVariable[]"},{"name":"getParameterTypes","return":"java.lang.Class[]"},{"name":"getParameterCount","return":"int"},{"name":"getGenericParameterTypes","return":"java.lang.reflect.Type[]"},{"name":"getParameters","return":"java.lang.reflect.Parameter[]"},{"name":"getExceptionTypes","return":"java.lang.Class[]"},{"name":"getGenericExceptionTypes","return":"java.lang.reflect.Type[]"},{"name":"toGenericString","return":"java.lang.String"},{"name":"isVarArgs","return":"boolean"},{"name":"isSynthetic","return":"boolean"},{"name":"getParameterAnnotations","return":"java.lang.annotation.Annotation[][]"},{"name":"getAnnotation","parameters":[{"name":"annotationClass","type":"java.lang.Class"}],"return":"java.lang.annotation.Annotation"},{"name":"getAnnotationsByType","parameters":[{"name":"annotationClass","type":"java.lang.Class"}],"return":"java.lang.annotation.Annotation[]"},{"name":"getDeclaredAnnotations","return":"java.lang.annotation.Annotation[]"},{"name":"getAnnotatedReturnType","return":"java.lang.reflect.AnnotatedType"},{"name":"getAnnotatedReceiverType","return":"java.lang.reflect.AnnotatedType"},{"name":"getAnnotatedParameterTypes","return":"java.lang.reflect.AnnotatedType[]"},{"name":"getAnnotatedExceptionTypes","return":"java.lang.reflect.AnnotatedType[]"}],"name":"java.lang.reflect.Executable","simple-name":"Executable","fields":[{"static":true,"name":"PUBLIC","type":"int"},{"static":true,"name":"DECLARED","type":"int"}]}