{"constructors":[{"name":"<init>","parameters":[{"name":"is","type":"java.io.InputStream"}]},{"name":"<init>","parameters":[{"name":"r","type":"java.io.Reader"}]}],"package":"java.io","methods":[{"name":"getClass","return":"java.lang.Class"},{"name":"hashCode","return":"int"},{"name":"equals","parameters":[{"name":"obj","type":"java.lang.Object"}],"return":"boolean"},{"name":"notify"},{"name":"notifyAll"},{"name":"wait"},{"name":"wait","parameters":[{"name":"timeoutMillis","type":"long"}]},{"name":"wait","parameters":[{"name":"timeoutMillis","type":"long"},{"name":"nanos","type":"int"}]},{"name":"resetSyntax"},{"name":"wordChars","parameters":[{"name":"low","type":"int"},{"name":"hi","type":"int"}]},{"name":"whitespaceChars","parameters":[{"name":"low","type":"int"},{"name":"hi","type":"int"}]},{"name":"ordinaryChars","parameters":[{"name":"low","type":"int"},{"name":"hi","type":"int"}]},{"name":"ordinaryChar","parameters":[{"name":"ch","type":"int"}]},{"name":"commentChar","parameters":[{"name":"ch","type":"int"}]},{"name":"quoteChar","parameters":[{"name":"ch","type":"int"}]},{"name":"parseNumbers"},{"name":"eolIsSignificant","parameters":[{"name":"flag","type":"boolean"}]},{"name":"slashStarComments","parameters":[{"name":"flag","type":"boolean"}]},{"name":"slashSlashComments","parameters":[{"name":"flag","type":"boolean"}]},{"name":"lowerCaseMode","parameters":[{"name":"fl","type":"boolean"}]},{"name":"nextToken","return":"int"},{"name":"pushBack"},{"name":"lineno","return":"int"},{"name":"toString","return":"java.lang.String"}],"name":"java.io.StreamTokenizer","simple-name":"StreamTokenizer","fields":[{"name":"ttype","type":"int"},{"static":true,"name":"TT_EOF","type":"int"},{"static":true,"name":"TT_EOL","type":"int"},{"static":true,"name":"TT_NUMBER","type":"int"},{"static":true,"name":"TT_WORD","type":"int"},{"name":"sval","type":"java.lang.String"},{"name":"nval","type":"double"}]}