{"package":"java.io","methods":[{"name":"getClass","return":"java.lang.Class"},{"name":"hashCode","return":"int"},{"name":"equals","parameters":[{"name":"obj","type":"java.lang.Object"}],"return":"boolean"},{"name":"toString","return":"java.lang.String"},{"name":"notify"},{"name":"notifyAll"},{"name":"wait"},{"name":"wait","parameters":[{"name":"timeoutMillis","type":"long"}]},{"name":"wait","parameters":[{"name":"timeoutMillis","type":"long"},{"name":"nanos","type":"int"}]}],"name":"java.io.ObjectStreamConstants","simple-name":"ObjectStreamConstants","fields":[{"static":true,"name":"STREAM_MAGIC","type":"short"},{"static":true,"name":"STREAM_VERSION","type":"short"},{"static":true,"name":"TC_BASE","type":"byte"},{"static":true,"name":"TC_NULL","type":"byte"},{"static":true,"name":"TC_REFERENCE","type":"byte"},{"static":true,"name":"TC_CLASSDESC","type":"byte"},{"static":true,"name":"TC_OBJECT","type":"byte"},{"static":true,"name":"TC_STRING","type":"byte"},{"static":true,"name":"TC_ARRAY","type":"byte"},{"static":true,"name":"TC_CLASS","type":"byte"},{"static":true,"name":"TC_BLOCKDATA","type":"byte"},{"static":true,"name":"TC_ENDBLOCKDATA","type":"byte"},{"static":true,"name":"TC_RESET","type":"byte"},{"static":true,"name":"TC_BLOCKDATALONG","type":"byte"},{"static":true,"name":"TC_EXCEPTION","type":"byte"},{"static":true,"name":"TC_LONGSTRING","type":"byte"},{"static":true,"name":"TC_PROXYCLASSDESC","type":"byte"},{"static":true,"name":"TC_ENUM","type":"byte"},{"static":true,"name":"TC_MAX","type":"byte"},{"static":true,"name":"baseWireHandle","type":"int"},{"static":true,"name":"SC_WRITE_METHOD","type":"byte"},{"static":true,"name":"SC_BLOCK_DATA","type":"byte"},{"static":true,"name":"SC_SERIALIZABLE","type":"byte"},{"static":true,"name":"SC_EXTERNALIZABLE","type":"byte"},{"static":true,"name":"SC_ENUM","type":"byte"},{"static":true,"name":"SUBSTITUTION_PERMISSION","type":"java.io.SerializablePermission"},{"static":true,"name":"SUBCLASS_IMPLEMENTATION_PERMISSION","type":"java.io.SerializablePermission"},{"static":true,"name":"SERIAL_FILTER_PERMISSION","type":"java.io.SerializablePermission"},{"static":true,"name":"PROTOCOL_VERSION_1","type":"int"},{"static":true,"name":"PROTOCOL_VERSION_2","type":"int"}]}