{"package":"java.nio","methods":[{"name":"getClass","return":"java.lang.Class"},{"name":"hashCode","return":"int"},{"name":"equals","parameters":[{"name":"obj","type":"java.lang.Object"}],"return":"boolean"},{"name":"toString","return":"java.lang.String"},{"name":"notify"},{"name":"notifyAll"},{"name":"wait"},{"name":"wait","parameters":[{"name":"timeoutMillis","type":"long"}]},{"name":"wait","parameters":[{"name":"timeoutMillis","type":"long"},{"name":"nanos","type":"int"}]},{"name":"capacity","return":"int"},{"name":"position","return":"int"},{"name":"position","parameters":[{"name":"newPosition","type":"int"}],"return":"java.nio.Buffer"},{"name":"limit","return":"int"},{"name":"limit","parameters":[{"name":"newLimit","type":"int"}],"return":"java.nio.Buffer"},{"name":"mark","return":"java.nio.Buffer"},{"name":"reset","return":"java.nio.Buffer"},{"name":"clear","return":"java.nio.Buffer"},{"name":"flip","return":"java.nio.Buffer"},{"name":"rewind","return":"java.nio.Buffer"},{"name":"remaining","return":"int"},{"name":"hasRemaining","return":"boolean"},{"name":"isReadOnly","return":"boolean"},{"name":"hasArray","return":"boolean"},{"name":"array","return":"java.lang.Object"},{"name":"arrayOffset","return":"int"},{"name":"isDirect","return":"boolean"},{"name":"slice","return":"java.nio.Buffer"},{"name":"slice","parameters":[{"name":"index","type":"int"},{"name":"length","type":"int"}],"return":"java.nio.Buffer"},{"name":"duplicate","return":"java.nio.Buffer"}],"name":"java.nio.Buffer","simple-name":"Buffer"}