{"constructors":[{"name":"<init>"},{"name":"<init>","parameters":[{"name":"proxy","type":"java.net.Proxy"}]},{"name":"<init>","parameters":[{"name":"host","type":"java.lang.String"},{"name":"port","type":"int"}]},{"name":"<init>","parameters":[{"name":"address","type":"java.net.InetAddress"},{"name":"port","type":"int"}]},{"name":"<init>","parameters":[{"name":"host","type":"java.lang.String"},{"name":"port","type":"int"},{"name":"localAddr","type":"java.net.InetAddress"},{"name":"localPort","type":"int"}]},{"name":"<init>","parameters":[{"name":"address","type":"java.net.InetAddress"},{"name":"port","type":"int"},{"name":"localAddr","type":"java.net.InetAddress"},{"name":"localPort","type":"int"}]},{"name":"<init>","parameters":[{"name":"host","type":"java.lang.String"},{"name":"port","type":"int"},{"name":"stream","type":"boolean"}]},{"name":"<init>","parameters":[{"name":"host","type":"java.net.InetAddress"},{"name":"port","type":"int"},{"name":"stream","type":"boolean"}]}],"package":"java.net","methods":[{"name":"getClass","return":"java.lang.Class"},{"name":"hashCode","return":"int"},{"name":"equals","parameters":[{"name":"obj","type":"java.lang.Object"}],"return":"boolean"},{"name":"notify"},{"name":"notifyAll"},{"name":"wait"},{"name":"wait","parameters":[{"name":"timeoutMillis","type":"long"}]},{"name":"wait","parameters":[{"name":"timeoutMillis","type":"long"},{"name":"nanos","type":"int"}]},{"name":"connect","parameters":[{"name":"endpoint","type":"java.net.SocketAddress"}]},{"name":"connect","parameters":[{"name":"endpoint","type":"java.net.SocketAddress"},{"name":"timeout","type":"int"}]},{"name":"bind","parameters":[{"name":"bindpoint","type":"java.net.SocketAddress"}]},{"name":"getInetAddress","return":"java.net.InetAddress"},{"name":"getLocalAddress","return":"java.net.InetAddress"},{"name":"getPort","return":"int"},{"name":"getLocalPort","return":"int"},{"name":"getRemoteSocketAddress","return":"java.net.SocketAddress"},{"name":"getLocalSocketAddress","return":"java.net.SocketAddress"},{"name":"getChannel","return":"java.nio.channels.SocketChannel"},{"name":"getInputStream","return":"java.io.InputStream"},{"name":"getOutputStream","return":"java.io.OutputStream"},{"name":"setTcpNoDelay","parameters":[{"name":"on","type":"boolean"}]},{"name":"getTcpNoDelay","return":"boolean"},{"name":"setSoLinger","parameters":[{"name":"on","type":"boolean"},{"name":"linger","type":"int"}]},{"name":"getSoLinger","return":"int"},{"name":"sendUrgentData","parameters":[{"name":"data","type":"int"}]},{"name":"setOOBInline","parameters":[{"name":"on","type":"boolean"}]},{"name":"getOOBInline","return":"boolean"},{"name":"setSoTimeout","parameters":[{"name":"timeout","type":"int"}]},{"name":"getSoTimeout","return":"int"},{"name":"setSendBufferSize","parameters":[{"name":"size","type":"int"}]},{"name":"getSendBufferSize","return":"int"},{"name":"setReceiveBufferSize","parameters":[{"name":"size","type":"int"}]},{"name":"getReceiveBufferSize","return":"int"},{"name":"setKeepAlive","parameters":[{"name":"on","type":"boolean"}]},{"name":"getKeepAlive","return":"boolean"},{"name":"setTrafficClass","parameters":[{"name":"tc","type":"int"}]},{"name":"getTrafficClass","return":"int"},{"name":"setReuseAddress","parameters":[{"name":"on","type":"boolean"}]},{"name":"getReuseAddress","return":"boolean"},{"name":"close"},{"name":"shutdownInput"},{"name":"shutdownOutput"},{"name":"toString","return":"java.lang.String"},{"name":"isConnected","return":"boolean"},{"name":"isBound","return":"boolean"},{"name":"isClosed","return":"boolean"},{"name":"isInputShutdown","return":"boolean"},{"name":"isOutputShutdown","return":"boolean"},{"static":true,"name":"setSocketImplFactory","parameters":[{"name":"fac","type":"java.net.SocketImplFactory"}]},{"name":"setPerformancePreferences","parameters":[{"name":"connectionTime","type":"int"},{"name":"latency","type":"int"},{"name":"bandwidth","type":"int"}]},{"name":"setOption","parameters":[{"name":"name","type":"java.net.SocketOption"},{"name":"value","type":"java.lang.Object"}],"return":"java.net.Socket"},{"name":"getOption","parameters":[{"name":"name","type":"java.net.SocketOption"}],"return":"java.lang.Object"},{"name":"supportedOptions","return":"java.util.Set"}],"name":"java.net.Socket","simple-name":"Socket"}