{"constructors":[{"name":"<init>","parameters":[{"name":"e","type":"java.util.Enumeration"}]},{"name":"<init>","parameters":[{"name":"s1","type":"java.io.InputStream"},{"name":"s2","type":"java.io.InputStream"}]}],"package":"java.io","methods":[{"name":"getClass","return":"java.lang.Class"},{"name":"hashCode","return":"int"},{"name":"equals","parameters":[{"name":"obj","type":"java.lang.Object"}],"return":"boolean"},{"name":"toString","return":"java.lang.String"},{"name":"notify"},{"name":"notifyAll"},{"name":"wait"},{"name":"wait","parameters":[{"name":"timeoutMillis","type":"long"}]},{"name":"wait","parameters":[{"name":"timeoutMillis","type":"long"},{"name":"nanos","type":"int"}]},{"static":true,"name":"nullInputStream","return":"java.io.InputStream"},{"name":"read","parameters":[{"name":"b","type":"byte[]"}],"return":"int"},{"name":"readAllBytes","return":"byte[]"},{"name":"readNBytes","parameters":[{"name":"len","type":"int"}],"return":"byte[]"},{"name":"readNBytes","parameters":[{"name":"b","type":"byte[]"},{"name":"off","type":"int"},{"name":"len","type":"int"}],"return":"int"},{"name":"skip","parameters":[{"name":"n","type":"long"}],"return":"long"},{"name":"skipNBytes","parameters":[{"name":"n","type":"long"}]},{"name":"mark","parameters":[{"name":"readlimit","type":"int"}]},{"name":"reset"},{"name":"markSupported","return":"boolean"},{"name":"transferTo","parameters":[{"name":"out","type":"java.io.OutputStream"}],"return":"long"},{"name":"available","return":"int"},{"name":"read","return":"int"},{"name":"read","parameters":[{"name":"b","type":"byte[]"},{"name":"off","type":"int"},{"name":"len","type":"int"}],"return":"int"},{"name":"close"}],"name":"java.io.SequenceInputStream","simple-name":"SequenceInputStream"}