{"package":"java.nio.channels","methods":[{"name":"getClass","return":"java.lang.Class"},{"name":"hashCode","return":"int"},{"name":"equals","parameters":[{"name":"obj","type":"java.lang.Object"}],"return":"boolean"},{"name":"toString","return":"java.lang.String"},{"name":"notify"},{"name":"notifyAll"},{"name":"wait"},{"name":"wait","parameters":[{"name":"timeoutMillis","type":"long"}]},{"name":"wait","parameters":[{"name":"timeoutMillis","type":"long"},{"name":"nanos","type":"int"}]},{"name":"source","return":"java.nio.channels.Pipe.SourceChannel"},{"name":"sink","return":"java.nio.channels.Pipe.SinkChannel"},{"static":true,"name":"open","return":"java.nio.channels.Pipe"}],"name":"java.nio.channels.Pipe","simple-name":"Pipe"}