{"package":"java.lang.module","methods":[{"name":"getClass","return":"java.lang.Class"},{"name":"notify"},{"name":"notifyAll"},{"name":"wait"},{"name":"wait","parameters":[{"name":"timeoutMillis","type":"long"}]},{"name":"wait","parameters":[{"name":"timeoutMillis","type":"long"},{"name":"nanos","type":"int"}]},{"name":"configuration","return":"java.lang.module.Configuration"},{"name":"reference","return":"java.lang.module.ModuleReference"},{"name":"name","return":"java.lang.String"},{"name":"reads","return":"java.util.Set"},{"name":"hashCode","return":"int"},{"name":"equals","parameters":[{"name":"ob","type":"java.lang.Object"}],"return":"boolean"},{"name":"toString","return":"java.lang.String"}],"name":"java.lang.module.ResolvedModule","simple-name":"ResolvedModule"}