{"constructors":[{"name":"<init>","parameters":[{"name":"value","type":"boolean"}]},{"name":"<init>","parameters":[{"name":"s","type":"java.lang.String"}]}],"package":"java.lang","methods":[{"name":"getClass","return":"java.lang.Class"},{"name":"notify"},{"name":"notifyAll"},{"name":"wait"},{"name":"wait","parameters":[{"name":"timeoutMillis","type":"long"}]},{"name":"wait","parameters":[{"name":"timeoutMillis","type":"long"},{"name":"nanos","type":"int"}]},{"static":true,"name":"parseBoolean","parameters":[{"name":"s","type":"java.lang.String"}],"return":"boolean"},{"name":"booleanValue","return":"boolean"},{"static":true,"name":"valueOf","parameters":[{"name":"b","type":"boolean"}],"return":"java.lang.Boolean"},{"static":true,"name":"valueOf","parameters":[{"name":"s","type":"java.lang.String"}],"return":"java.lang.Boolean"},{"static":true,"name":"toString","parameters":[{"name":"b","type":"boolean"}],"return":"java.lang.String"},{"name":"toString","return":"java.lang.String"},{"name":"hashCode","return":"int"},{"static":true,"name":"hashCode","parameters":[{"name":"value","type":"boolean"}],"return":"int"},{"name":"equals","parameters":[{"name":"obj","type":"java.lang.Object"}],"return":"boolean"},{"static":true,"name":"getBoolean","parameters":[{"name":"name","type":"java.lang.String"}],"return":"boolean"},{"name":"compareTo","parameters":[{"name":"b","type":"java.lang.Boolean"}],"return":"int"},{"static":true,"name":"compare","parameters":[{"name":"x","type":"boolean"},{"name":"y","type":"boolean"}],"return":"int"},{"static":true,"name":"logicalAnd","parameters":[{"name":"a","type":"boolean"},{"name":"b","type":"boolean"}],"return":"boolean"},{"static":true,"name":"logicalOr","parameters":[{"name":"a","type":"boolean"},{"name":"b","type":"boolean"}],"return":"boolean"},{"static":true,"name":"logicalXor","parameters":[{"name":"a","type":"boolean"},{"name":"b","type":"boolean"}],"return":"boolean"},{"name":"describeConstable","return":"java.util.Optional"}],"name":"java.lang.Boolean","simple-name":"Boolean","fields":[{"static":true,"name":"TRUE","type":"java.lang.Boolean"},{"static":true,"name":"FALSE","type":"java.lang.Boolean"},{"static":true,"name":"TYPE","type":"java.lang.Class"}]}