{"constructors":[{"name":"<init>","parameters":[{"name":"out","type":"java.io.OutputStream"}]},{"name":"<init>","parameters":[{"name":"out","type":"java.io.OutputStream"},{"name":"autoFlush","type":"boolean"}]},{"name":"<init>","parameters":[{"name":"out","type":"java.io.OutputStream"},{"name":"autoFlush","type":"boolean"},{"name":"encoding","type":"java.lang.String"}]},{"name":"<init>","parameters":[{"name":"out","type":"java.io.OutputStream"},{"name":"autoFlush","type":"boolean"},{"name":"charset","type":"java.nio.charset.Charset"}]},{"name":"<init>","parameters":[{"name":"fileName","type":"java.lang.String"}]},{"name":"<init>","parameters":[{"name":"fileName","type":"java.lang.String"},{"name":"csn","type":"java.lang.String"}]},{"name":"<init>","parameters":[{"name":"fileName","type":"java.lang.String"},{"name":"charset","type":"java.nio.charset.Charset"}]},{"name":"<init>","parameters":[{"name":"file","type":"java.io.File"}]},{"name":"<init>","parameters":[{"name":"file","type":"java.io.File"},{"name":"csn","type":"java.lang.String"}]},{"name":"<init>","parameters":[{"name":"file","type":"java.io.File"},{"name":"charset","type":"java.nio.charset.Charset"}]}],"package":"java.io","methods":[{"name":"getClass","return":"java.lang.Class"},{"name":"hashCode","return":"int"},{"name":"equals","parameters":[{"name":"obj","type":"java.lang.Object"}],"return":"boolean"},{"name":"toString","return":"java.lang.String"},{"name":"notify"},{"name":"notifyAll"},{"name":"wait"},{"name":"wait","parameters":[{"name":"timeoutMillis","type":"long"}]},{"name":"wait","parameters":[{"name":"timeoutMillis","type":"long"},{"name":"nanos","type":"int"}]},{"static":true,"name":"nullOutputStream","return":"java.io.OutputStream"},{"name":"flush"},{"name":"close"},{"name":"checkError","return":"boolean"},{"name":"write","parameters":[{"name":"b","type":"int"}]},{"name":"write","parameters":[{"name":"buf","type":"byte[]"},{"name":"off","type":"int"},{"name":"len","type":"int"}]},{"name":"write","parameters":[{"name":"buf","type":"byte[]"}]},{"name":"writeBytes","parameters":[{"name":"buf","type":"byte[]"}]},{"name":"print","parameters":[{"name":"b","type":"boolean"}]},{"name":"print","parameters":[{"name":"c","type":"char"}]},{"name":"print","parameters":[{"name":"i","type":"int"}]},{"name":"print","parameters":[{"name":"l","type":"long"}]},{"name":"print","parameters":[{"name":"f","type":"float"}]},{"name":"print","parameters":[{"name":"d","type":"double"}]},{"name":"print","parameters":[{"name":"s","type":"char[]"}]},{"name":"print","parameters":[{"name":"s","type":"java.lang.String"}]},{"name":"print","parameters":[{"name":"obj","type":"java.lang.Object"}]},{"name":"println"},{"name":"println","parameters":[{"name":"x","type":"boolean"}]},{"name":"println","parameters":[{"name":"x","type":"char"}]},{"name":"println","parameters":[{"name":"x","type":"int"}]},{"name":"println","parameters":[{"name":"x","type":"long"}]},{"name":"println","parameters":[{"name":"x","type":"float"}]},{"name":"println","parameters":[{"name":"x","type":"double"}]},{"name":"println","parameters":[{"name":"x","type":"char[]"}]},{"name":"println","parameters":[{"name":"x","type":"java.lang.String"}]},{"name":"println","parameters":[{"name":"x","type":"java.lang.Object"}]},{"name":"printf","parameters":[{"name":"format","type":"java.lang.String"},{"name":"args","type":"java.lang.Object[]"}],"return":"java.io.PrintStream"},{"name":"printf","parameters":[{"name":"l","type":"java.util.Locale"},{"name":"format","type":"java.lang.String"},{"name":"args","type":"java.lang.Object[]"}],"return":"java.io.PrintStream"},{"name":"format","parameters":[{"name":"format","type":"java.lang.String"},{"name":"args","type":"java.lang.Object[]"}],"return":"java.io.PrintStream"},{"name":"format","parameters":[{"name":"l","type":"java.util.Locale"},{"name":"format","type":"java.lang.String"},{"name":"args","type":"java.lang.Object[]"}],"return":"java.io.PrintStream"},{"name":"append","parameters":[{"name":"csq","type":"java.lang.CharSequence"}],"return":"java.io.PrintStream"},{"name":"append","parameters":[{"name":"csq","type":"java.lang.CharSequence"},{"name":"start","type":"int"},{"name":"end","type":"int"}],"return":"java.io.PrintStream"},{"name":"append","parameters":[{"name":"c","type":"char"}],"return":"java.io.PrintStream"}],"name":"java.io.PrintStream","simple-name":"PrintStream"}