{"package":"java.net.http","methods":[{"name":"getClass","return":"java.lang.Class"},{"name":"hashCode","return":"int"},{"name":"equals","parameters":[{"name":"obj","type":"java.lang.Object"}],"return":"boolean"},{"name":"toString","return":"java.lang.String"},{"name":"notify"},{"name":"notifyAll"},{"name":"wait"},{"name":"wait","parameters":[{"name":"timeoutMillis","type":"long"}]},{"name":"wait","parameters":[{"name":"timeoutMillis","type":"long"},{"name":"nanos","type":"int"}]},{"name":"subscribe","parameters":[{"name":"subscriber","type":"java.util.concurrent.Flow.Subscriber"}]},{"name":"contentLength","return":"long"}],"name":"java.net.http.HttpRequest.BodyPublisher","simple-name":"BodyPublisher"}