{"package":"java.net.http","methods":[{"name":"getClass","return":"java.lang.Class"},{"name":"hashCode","return":"int"},{"name":"equals","parameters":[{"name":"obj","type":"java.lang.Object"}],"return":"boolean"},{"name":"toString","return":"java.lang.String"},{"name":"notify"},{"name":"notifyAll"},{"name":"wait"},{"name":"wait","parameters":[{"name":"timeoutMillis","type":"long"}]},{"name":"wait","parameters":[{"name":"timeoutMillis","type":"long"},{"name":"nanos","type":"int"}]},{"name":"uri","parameters":[{"name":"uri","type":"java.net.URI"}],"return":"java.net.http.HttpRequest.Builder"},{"name":"expectContinue","parameters":[{"name":"enable","type":"boolean"}],"return":"java.net.http.HttpRequest.Builder"},{"name":"version","parameters":[{"name":"version","type":"java.net.http.HttpClient.Version"}],"return":"java.net.http.HttpRequest.Builder"},{"name":"header","parameters":[{"name":"name","type":"java.lang.String"},{"name":"value","type":"java.lang.String"}],"return":"java.net.http.HttpRequest.Builder"},{"name":"headers","parameters":[{"name":"headers","type":"java.lang.String[]"}],"return":"java.net.http.HttpRequest.Builder"},{"name":"timeout","parameters":[{"name":"duration","type":"java.time.Duration"}],"return":"java.net.http.HttpRequest.Builder"},{"name":"setHeader","parameters":[{"name":"name","type":"java.lang.String"},{"name":"value","type":"java.lang.String"}],"return":"java.net.http.HttpRequest.Builder"},{"name":"GET","return":"java.net.http.HttpRequest.Builder"},{"name":"POST","parameters":[{"name":"bodyPublisher","type":"java.net.http.HttpRequest.BodyPublisher"}],"return":"java.net.http.HttpRequest.Builder"},{"name":"PUT","parameters":[{"name":"bodyPublisher","type":"java.net.http.HttpRequest.BodyPublisher"}],"return":"java.net.http.HttpRequest.Builder"},{"name":"DELETE","return":"java.net.http.HttpRequest.Builder"},{"name":"method","parameters":[{"name":"method","type":"java.lang.String"},{"name":"bodyPublisher","type":"java.net.http.HttpRequest.BodyPublisher"}],"return":"java.net.http.HttpRequest.Builder"},{"name":"build","return":"java.net.http.HttpRequest"},{"name":"copy","return":"java.net.http.HttpRequest.Builder"}],"name":"java.net.http.HttpRequest.Builder","simple-name":"Builder"}