{"package":"java.nio.channels","methods":[{"name":"getClass","return":"java.lang.Class"},{"name":"hashCode","return":"int"},{"name":"equals","parameters":[{"name":"obj","type":"java.lang.Object"}],"return":"boolean"},{"name":"toString","return":"java.lang.String"},{"name":"notify"},{"name":"notifyAll"},{"name":"wait"},{"name":"wait","parameters":[{"name":"timeoutMillis","type":"long"}]},{"name":"wait","parameters":[{"name":"timeoutMillis","type":"long"},{"name":"nanos","type":"int"}]},{"name":"isValid","return":"boolean"},{"name":"drop"},{"name":"block","parameters":[{"name":"source","type":"java.net.InetAddress"}],"return":"java.nio.channels.MembershipKey"},{"name":"unblock","parameters":[{"name":"source","type":"java.net.InetAddress"}],"return":"java.nio.channels.MembershipKey"},{"name":"channel","return":"java.nio.channels.MulticastChannel"},{"name":"group","return":"java.net.InetAddress"},{"name":"networkInterface","return":"java.net.NetworkInterface"},{"name":"sourceAddress","return":"java.net.InetAddress"}],"name":"java.nio.channels.MembershipKey","simple-name":"MembershipKey"}