{"package":"java.nio.channels","methods":[{"name":"getClass","return":"java.lang.Class"},{"name":"hashCode","return":"int"},{"name":"equals","parameters":[{"name":"obj","type":"java.lang.Object"}],"return":"boolean"},{"name":"toString","return":"java.lang.String"},{"name":"notify"},{"name":"notifyAll"},{"name":"wait"},{"name":"wait","parameters":[{"name":"timeoutMillis","type":"long"}]},{"name":"wait","parameters":[{"name":"timeoutMillis","type":"long"},{"name":"nanos","type":"int"}]},{"name":"isOpen","return":"boolean"},{"name":"close"},{"static":true,"name":"open","parameters":[{"name":"file","type":"java.nio.file.Path"},{"name":"options","type":"java.util.Set"},{"name":"executor","type":"java.util.concurrent.ExecutorService"},{"name":"attrs","type":"java.nio.file.attribute.FileAttribute[]"}],"return":"java.nio.channels.AsynchronousFileChannel"},{"static":true,"name":"open","parameters":[{"name":"file","type":"java.nio.file.Path"},{"name":"options","type":"java.nio.file.OpenOption[]"}],"return":"java.nio.channels.AsynchronousFileChannel"},{"name":"size","return":"long"},{"name":"truncate","parameters":[{"name":"size","type":"long"}],"return":"java.nio.channels.AsynchronousFileChannel"},{"name":"force","parameters":[{"name":"metaData","type":"boolean"}]},{"name":"lock","parameters":[{"name":"position","type":"long"},{"name":"size","type":"long"},{"name":"shared","type":"boolean"},{"name":"attachment","type":"java.lang.Object"},{"name":"handler","type":"java.nio.channels.CompletionHandler"}]},{"name":"lock","parameters":[{"name":"attachment","type":"java.lang.Object"},{"name":"handler","type":"java.nio.channels.CompletionHandler"}]},{"name":"lock","parameters":[{"name":"position","type":"long"},{"name":"size","type":"long"},{"name":"shared","type":"boolean"}],"return":"java.util.concurrent.Future"},{"name":"lock","return":"java.util.concurrent.Future"},{"name":"tryLock","parameters":[{"name":"position","type":"long"},{"name":"size","type":"long"},{"name":"shared","type":"boolean"}],"return":"java.nio.channels.FileLock"},{"name":"tryLock","return":"java.nio.channels.FileLock"},{"name":"read","parameters":[{"name":"dst","type":"java.nio.ByteBuffer"},{"name":"position","type":"long"},{"name":"attachment","type":"java.lang.Object"},{"name":"handler","type":"java.nio.channels.CompletionHandler"}]},{"name":"read","parameters":[{"name":"dst","type":"java.nio.ByteBuffer"},{"name":"position","type":"long"}],"return":"java.util.concurrent.Future"},{"name":"write","parameters":[{"name":"src","type":"java.nio.ByteBuffer"},{"name":"position","type":"long"},{"name":"attachment","type":"java.lang.Object"},{"name":"handler","type":"java.nio.channels.CompletionHandler"}]},{"name":"write","parameters":[{"name":"src","type":"java.nio.ByteBuffer"},{"name":"position","type":"long"}],"return":"java.util.concurrent.Future"}],"name":"java.nio.channels.AsynchronousFileChannel","simple-name":"AsynchronousFileChannel"}