{"constructors":[{"name":"<init>"}],"package":"java.lang.invoke","methods":[{"name":"getClass","return":"java.lang.Class"},{"name":"hashCode","return":"int"},{"name":"equals","parameters":[{"name":"obj","type":"java.lang.Object"}],"return":"boolean"},{"name":"toString","return":"java.lang.String"},{"name":"notify"},{"name":"notifyAll"},{"name":"wait"},{"name":"wait","parameters":[{"name":"timeoutMillis","type":"long"}]},{"name":"wait","parameters":[{"name":"timeoutMillis","type":"long"},{"name":"nanos","type":"int"}]},{"name":"hasBeenInvalidated","return":"boolean"},{"name":"guardWithTest","parameters":[{"name":"target","type":"java.lang.invoke.MethodHandle"},{"name":"fallback","type":"java.lang.invoke.MethodHandle"}],"return":"java.lang.invoke.MethodHandle"},{"static":true,"name":"invalidateAll","parameters":[{"name":"switchPoints","type":"java.lang.invoke.SwitchPoint[]"}]}],"name":"java.lang.invoke.SwitchPoint","simple-name":"SwitchPoint"}