{"constructors":[{"name":"<init>","parameters":[{"name":"name","type":"java.lang.String"}]},{"name":"<init>","parameters":[{"name":"parent","type":"java.lang.ThreadGroup"},{"name":"name","type":"java.lang.String"}]}],"package":"java.lang","methods":[{"name":"getClass","return":"java.lang.Class"},{"name":"hashCode","return":"int"},{"name":"equals","parameters":[{"name":"obj","type":"java.lang.Object"}],"return":"boolean"},{"name":"notify"},{"name":"notifyAll"},{"name":"wait"},{"name":"wait","parameters":[{"name":"timeoutMillis","type":"long"}]},{"name":"wait","parameters":[{"name":"timeoutMillis","type":"long"},{"name":"nanos","type":"int"}]},{"name":"getName","return":"java.lang.String"},{"name":"getParent","return":"java.lang.ThreadGroup"},{"name":"getMaxPriority","return":"int"},{"name":"isDaemon","return":"boolean"},{"name":"isDestroyed","return":"boolean"},{"name":"setDaemon","parameters":[{"name":"daemon","type":"boolean"}]},{"name":"setMaxPriority","parameters":[{"name":"pri","type":"int"}]},{"name":"parentOf","parameters":[{"name":"g","type":"java.lang.ThreadGroup"}],"return":"boolean"},{"name":"checkAccess"},{"name":"activeCount","return":"int"},{"name":"enumerate","parameters":[{"name":"list","type":"java.lang.Thread[]"}],"return":"int"},{"name":"enumerate","parameters":[{"name":"list","type":"java.lang.Thread[]"},{"name":"recurse","type":"boolean"}],"return":"int"},{"name":"activeGroupCount","return":"int"},{"name":"enumerate","parameters":[{"name":"list","type":"java.lang.ThreadGroup[]"}],"return":"int"},{"name":"enumerate","parameters":[{"name":"list","type":"java.lang.ThreadGroup[]"},{"name":"recurse","type":"boolean"}],"return":"int"},{"name":"stop"},{"name":"interrupt"},{"name":"suspend"},{"name":"resume"},{"name":"destroy"},{"name":"list"},{"name":"uncaughtException","parameters":[{"name":"t","type":"java.lang.Thread"},{"name":"e","type":"java.lang.Throwable"}]},{"name":"allowThreadSuspension","parameters":[{"name":"b","type":"boolean"}],"return":"boolean"},{"name":"toString","return":"java.lang.String"}],"name":"java.lang.ThreadGroup","simple-name":"ThreadGroup"}