{"package":"java.net.http","methods":[{"name":"getClass","return":"java.lang.Class"},{"name":"hashCode","return":"int"},{"name":"equals","parameters":[{"name":"obj","type":"java.lang.Object"}],"return":"boolean"},{"name":"toString","return":"java.lang.String"},{"name":"notify"},{"name":"notifyAll"},{"name":"wait"},{"name":"wait","parameters":[{"name":"timeoutMillis","type":"long"}]},{"name":"wait","parameters":[{"name":"timeoutMillis","type":"long"},{"name":"nanos","type":"int"}]},{"name":"apply","parameters":[{"name":"responseInfo","type":"java.net.http.HttpResponse.ResponseInfo"}],"return":"java.net.http.HttpResponse.BodySubscriber"}],"name":"java.net.http.HttpResponse.BodyHandler","simple-name":"BodyHandler"}