{"package":"java.nio","methods":[{"name":"getClass","return":"java.lang.Class"},{"name":"notify"},{"name":"notifyAll"},{"name":"wait"},{"name":"wait","parameters":[{"name":"timeoutMillis","type":"long"}]},{"name":"wait","parameters":[{"name":"timeoutMillis","type":"long"},{"name":"nanos","type":"int"}]},{"name":"capacity","return":"int"},{"name":"position","return":"int"},{"name":"limit","return":"int"},{"name":"remaining","return":"int"},{"name":"hasRemaining","return":"boolean"},{"name":"isReadOnly","return":"boolean"},{"static":true,"name":"allocateDirect","parameters":[{"name":"capacity","type":"int"}],"return":"java.nio.ByteBuffer"},{"static":true,"name":"allocate","parameters":[{"name":"capacity","type":"int"}],"return":"java.nio.ByteBuffer"},{"static":true,"name":"wrap","parameters":[{"name":"array","type":"byte[]"},{"name":"offset","type":"int"},{"name":"length","type":"int"}],"return":"java.nio.ByteBuffer"},{"static":true,"name":"wrap","parameters":[{"name":"array","type":"byte[]"}],"return":"java.nio.ByteBuffer"},{"name":"slice","return":"java.nio.ByteBuffer"},{"name":"slice","parameters":[{"name":"index","type":"int"},{"name":"length","type":"int"}],"return":"java.nio.ByteBuffer"},{"name":"duplicate","return":"java.nio.ByteBuffer"},{"name":"asReadOnlyBuffer","return":"java.nio.ByteBuffer"},{"name":"get","return":"byte"},{"name":"put","parameters":[{"name":"b","type":"byte"}],"return":"java.nio.ByteBuffer"},{"name":"get","parameters":[{"name":"index","type":"int"}],"return":"byte"},{"name":"put","parameters":[{"name":"index","type":"int"},{"name":"b","type":"byte"}],"return":"java.nio.ByteBuffer"},{"name":"get","parameters":[{"name":"dst","type":"byte[]"},{"name":"offset","type":"int"},{"name":"length","type":"int"}],"return":"java.nio.ByteBuffer"},{"name":"get","parameters":[{"name":"dst","type":"byte[]"}],"return":"java.nio.ByteBuffer"},{"name":"get","parameters":[{"name":"index","type":"int"},{"name":"dst","type":"byte[]"},{"name":"offset","type":"int"},{"name":"length","type":"int"}],"return":"java.nio.ByteBuffer"},{"name":"get","parameters":[{"name":"index","type":"int"},{"name":"dst","type":"byte[]"}],"return":"java.nio.ByteBuffer"},{"name":"put","parameters":[{"name":"src","type":"java.nio.ByteBuffer"}],"return":"java.nio.ByteBuffer"},{"name":"put","parameters":[{"name":"index","type":"int"},{"name":"src","type":"java.nio.ByteBuffer"},{"name":"offset","type":"int"},{"name":"length","type":"int"}],"return":"java.nio.ByteBuffer"},{"name":"put","parameters":[{"name":"src","type":"byte[]"},{"name":"offset","type":"int"},{"name":"length","type":"int"}],"return":"java.nio.ByteBuffer"},{"name":"put","parameters":[{"name":"src","type":"byte[]"}],"return":"java.nio.ByteBuffer"},{"name":"put","parameters":[{"name":"index","type":"int"},{"name":"src","type":"byte[]"},{"name":"offset","type":"int"},{"name":"length","type":"int"}],"return":"java.nio.ByteBuffer"},{"name":"put","parameters":[{"name":"index","type":"int"},{"name":"src","type":"byte[]"}],"return":"java.nio.ByteBuffer"},{"name":"hasArray","return":"boolean"},{"name":"array","return":"byte[]"},{"name":"arrayOffset","return":"int"},{"name":"position","parameters":[{"name":"newPosition","type":"int"}],"return":"java.nio.ByteBuffer"},{"name":"limit","parameters":[{"name":"newLimit","type":"int"}],"return":"java.nio.ByteBuffer"},{"name":"mark","return":"java.nio.ByteBuffer"},{"name":"reset","return":"java.nio.ByteBuffer"},{"name":"clear","return":"java.nio.ByteBuffer"},{"name":"flip","return":"java.nio.ByteBuffer"},{"name":"rewind","return":"java.nio.ByteBuffer"},{"name":"compact","return":"java.nio.ByteBuffer"},{"name":"isDirect","return":"boolean"},{"name":"toString","return":"java.lang.String"},{"name":"hashCode","return":"int"},{"name":"equals","parameters":[{"name":"ob","type":"java.lang.Object"}],"return":"boolean"},{"name":"compareTo","parameters":[{"name":"that","type":"java.nio.ByteBuffer"}],"return":"int"},{"name":"mismatch","parameters":[{"name":"that","type":"java.nio.ByteBuffer"}],"return":"int"},{"name":"order","return":"java.nio.ByteOrder"},{"name":"order","parameters":[{"name":"bo","type":"java.nio.ByteOrder"}],"return":"java.nio.ByteBuffer"},{"name":"alignmentOffset","parameters":[{"name":"index","type":"int"},{"name":"unitSize","type":"int"}],"return":"int"},{"name":"alignedSlice","parameters":[{"name":"unitSize","type":"int"}],"return":"java.nio.ByteBuffer"},{"name":"getChar","return":"char"},{"name":"putChar","parameters":[{"name":"value","type":"char"}],"return":"java.nio.ByteBuffer"},{"name":"getChar","parameters":[{"name":"index","type":"int"}],"return":"char"},{"name":"putChar","parameters":[{"name":"index","type":"int"},{"name":"value","type":"char"}],"return":"java.nio.ByteBuffer"},{"name":"asCharBuffer","return":"java.nio.CharBuffer"},{"name":"getShort","return":"short"},{"name":"putShort","parameters":[{"name":"value","type":"short"}],"return":"java.nio.ByteBuffer"},{"name":"getShort","parameters":[{"name":"index","type":"int"}],"return":"short"},{"name":"putShort","parameters":[{"name":"index","type":"int"},{"name":"value","type":"short"}],"return":"java.nio.ByteBuffer"},{"name":"asShortBuffer","return":"java.nio.ShortBuffer"},{"name":"getInt","return":"int"},{"name":"putInt","parameters":[{"name":"value","type":"int"}],"return":"java.nio.ByteBuffer"},{"name":"getInt","parameters":[{"name":"index","type":"int"}],"return":"int"},{"name":"putInt","parameters":[{"name":"index","type":"int"},{"name":"value","type":"int"}],"return":"java.nio.ByteBuffer"},{"name":"asIntBuffer","return":"java.nio.IntBuffer"},{"name":"getLong","return":"long"},{"name":"putLong","parameters":[{"name":"value","type":"long"}],"return":"java.nio.ByteBuffer"},{"name":"getLong","parameters":[{"name":"index","type":"int"}],"return":"long"},{"name":"putLong","parameters":[{"name":"index","type":"int"},{"name":"value","type":"long"}],"return":"java.nio.ByteBuffer"},{"name":"asLongBuffer","return":"java.nio.LongBuffer"},{"name":"getFloat","return":"float"},{"name":"putFloat","parameters":[{"name":"value","type":"float"}],"return":"java.nio.ByteBuffer"},{"name":"getFloat","parameters":[{"name":"index","type":"int"}],"return":"float"},{"name":"putFloat","parameters":[{"name":"index","type":"int"},{"name":"value","type":"float"}],"return":"java.nio.ByteBuffer"},{"name":"asFloatBuffer","return":"java.nio.FloatBuffer"},{"name":"getDouble","return":"double"},{"name":"putDouble","parameters":[{"name":"value","type":"double"}],"return":"java.nio.ByteBuffer"},{"name":"getDouble","parameters":[{"name":"index","type":"int"}],"return":"double"},{"name":"putDouble","parameters":[{"name":"index","type":"int"},{"name":"value","type":"double"}],"return":"java.nio.ByteBuffer"},{"name":"asDoubleBuffer","return":"java.nio.DoubleBuffer"}],"name":"java.nio.ByteBuffer","simple-name":"ByteBuffer"}