{"package":"java.net.http","methods":[{"name":"getClass","return":"java.lang.Class"},{"name":"hashCode","return":"int"},{"name":"equals","parameters":[{"name":"obj","type":"java.lang.Object"}],"return":"boolean"},{"name":"toString","return":"java.lang.String"},{"name":"notify"},{"name":"notifyAll"},{"name":"wait"},{"name":"wait","parameters":[{"name":"timeoutMillis","type":"long"}]},{"name":"wait","parameters":[{"name":"timeoutMillis","type":"long"},{"name":"nanos","type":"int"}]},{"static":true,"name":"fromSubscriber","parameters":[{"name":"subscriber","type":"java.util.concurrent.Flow.Subscriber"}],"return":"java.net.http.HttpResponse.BodyHandler"},{"static":true,"name":"fromSubscriber","parameters":[{"name":"subscriber","type":"java.util.concurrent.Flow.Subscriber"},{"name":"finisher","type":"java.util.function.Function"}],"return":"java.net.http.HttpResponse.BodyHandler"},{"static":true,"name":"fromLineSubscriber","parameters":[{"name":"subscriber","type":"java.util.concurrent.Flow.Subscriber"}],"return":"java.net.http.HttpResponse.BodyHandler"},{"static":true,"name":"fromLineSubscriber","parameters":[{"name":"subscriber","type":"java.util.concurrent.Flow.Subscriber"},{"name":"finisher","type":"java.util.function.Function"},{"name":"lineSeparator","type":"java.lang.String"}],"return":"java.net.http.HttpResponse.BodyHandler"},{"static":true,"name":"discarding","return":"java.net.http.HttpResponse.BodyHandler"},{"static":true,"name":"replacing","parameters":[{"name":"value","type":"java.lang.Object"}],"return":"java.net.http.HttpResponse.BodyHandler"},{"static":true,"name":"ofString","parameters":[{"name":"charset","type":"java.nio.charset.Charset"}],"return":"java.net.http.HttpResponse.BodyHandler"},{"static":true,"name":"ofFile","parameters":[{"name":"file","type":"java.nio.file.Path"},{"name":"openOptions","type":"java.nio.file.OpenOption[]"}],"return":"java.net.http.HttpResponse.BodyHandler"},{"static":true,"name":"ofFile","parameters":[{"name":"file","type":"java.nio.file.Path"}],"return":"java.net.http.HttpResponse.BodyHandler"},{"static":true,"name":"ofFileDownload","parameters":[{"name":"directory","type":"java.nio.file.Path"},{"name":"openOptions","type":"java.nio.file.OpenOption[]"}],"return":"java.net.http.HttpResponse.BodyHandler"},{"static":true,"name":"ofInputStream","return":"java.net.http.HttpResponse.BodyHandler"},{"static":true,"name":"ofLines","return":"java.net.http.HttpResponse.BodyHandler"},{"static":true,"name":"ofByteArrayConsumer","parameters":[{"name":"consumer","type":"java.util.function.Consumer"}],"return":"java.net.http.HttpResponse.BodyHandler"},{"static":true,"name":"ofByteArray","return":"java.net.http.HttpResponse.BodyHandler"},{"static":true,"name":"ofString","return":"java.net.http.HttpResponse.BodyHandler"},{"static":true,"name":"ofPublisher","return":"java.net.http.HttpResponse.BodyHandler"},{"static":true,"name":"buffering","parameters":[{"name":"downstreamHandler","type":"java.net.http.HttpResponse.BodyHandler"},{"name":"bufferSize","type":"int"}],"return":"java.net.http.HttpResponse.BodyHandler"}],"name":"java.net.http.HttpResponse.BodyHandlers","simple-name":"BodyHandlers"}