{"constructors":[{"name":"<init>","parameters":[{"name":"value","type":"float"}]},{"name":"<init>","parameters":[{"name":"value","type":"double"}]},{"name":"<init>","parameters":[{"name":"s","type":"java.lang.String"}]}],"package":"java.lang","methods":[{"name":"getClass","return":"java.lang.Class"},{"name":"notify"},{"name":"notifyAll"},{"name":"wait"},{"name":"wait","parameters":[{"name":"timeoutMillis","type":"long"}]},{"name":"wait","parameters":[{"name":"timeoutMillis","type":"long"},{"name":"nanos","type":"int"}]},{"static":true,"name":"toString","parameters":[{"name":"f","type":"float"}],"return":"java.lang.String"},{"static":true,"name":"toHexString","parameters":[{"name":"f","type":"float"}],"return":"java.lang.String"},{"static":true,"name":"valueOf","parameters":[{"name":"s","type":"java.lang.String"}],"return":"java.lang.Float"},{"static":true,"name":"valueOf","parameters":[{"name":"f","type":"float"}],"return":"java.lang.Float"},{"static":true,"name":"parseFloat","parameters":[{"name":"s","type":"java.lang.String"}],"return":"float"},{"static":true,"name":"isNaN","parameters":[{"name":"v","type":"float"}],"return":"boolean"},{"static":true,"name":"isInfinite","parameters":[{"name":"v","type":"float"}],"return":"boolean"},{"static":true,"name":"isFinite","parameters":[{"name":"f","type":"float"}],"return":"boolean"},{"name":"isNaN","return":"boolean"},{"name":"isInfinite","return":"boolean"},{"name":"toString","return":"java.lang.String"},{"name":"byteValue","return":"byte"},{"name":"shortValue","return":"short"},{"name":"intValue","return":"int"},{"name":"longValue","return":"long"},{"name":"floatValue","return":"float"},{"name":"doubleValue","return":"double"},{"name":"hashCode","return":"int"},{"static":true,"name":"hashCode","parameters":[{"name":"value","type":"float"}],"return":"int"},{"name":"equals","parameters":[{"name":"obj","type":"java.lang.Object"}],"return":"boolean"},{"static":true,"name":"floatToIntBits","parameters":[{"name":"value","type":"float"}],"return":"int"},{"static":true,"name":"floatToRawIntBits","parameters":[{"name":"value","type":"float"}],"return":"int"},{"static":true,"name":"intBitsToFloat","parameters":[{"name":"bits","type":"int"}],"return":"float"},{"name":"compareTo","parameters":[{"name":"anotherFloat","type":"java.lang.Float"}],"return":"int"},{"static":true,"name":"compare","parameters":[{"name":"f1","type":"float"},{"name":"f2","type":"float"}],"return":"int"},{"static":true,"name":"sum","parameters":[{"name":"a","type":"float"},{"name":"b","type":"float"}],"return":"float"},{"static":true,"name":"max","parameters":[{"name":"a","type":"float"},{"name":"b","type":"float"}],"return":"float"},{"static":true,"name":"min","parameters":[{"name":"a","type":"float"},{"name":"b","type":"float"}],"return":"float"},{"name":"describeConstable","return":"java.util.Optional"},{"name":"resolveConstantDesc","parameters":[{"name":"lookup","type":"java.lang.invoke.MethodHandles.Lookup"}],"return":"java.lang.Float"}],"name":"java.lang.Float","simple-name":"Float","fields":[{"static":true,"name":"POSITIVE_INFINITY","type":"float"},{"static":true,"name":"NEGATIVE_INFINITY","type":"float"},{"static":true,"name":"NaN","type":"float"},{"static":true,"name":"MAX_VALUE","type":"float"},{"static":true,"name":"MIN_NORMAL","type":"float"},{"static":true,"name":"MIN_VALUE","type":"float"},{"static":true,"name":"MAX_EXPONENT","type":"int"},{"static":true,"name":"MIN_EXPONENT","type":"int"},{"static":true,"name":"SIZE","type":"int"},{"static":true,"name":"BYTES","type":"int"},{"static":true,"name":"TYPE","type":"java.lang.Class"}]}