{"package":"java.nio","methods":[{"name":"getClass","return":"java.lang.Class"},{"name":"hashCode","return":"int"},{"name":"equals","parameters":[{"name":"obj","type":"java.lang.Object"}],"return":"boolean"},{"name":"notify"},{"name":"notifyAll"},{"name":"wait"},{"name":"wait","parameters":[{"name":"timeoutMillis","type":"long"}]},{"name":"wait","parameters":[{"name":"timeoutMillis","type":"long"},{"name":"nanos","type":"int"}]},{"static":true,"name":"nativeOrder","return":"java.nio.ByteOrder"},{"name":"toString","return":"java.lang.String"}],"name":"java.nio.ByteOrder","simple-name":"ByteOrder","fields":[{"static":true,"name":"BIG_ENDIAN","type":"java.nio.ByteOrder"},{"static":true,"name":"LITTLE_ENDIAN","type":"java.nio.ByteOrder"}]}