{"package":"java.nio.channels","methods":[{"name":"getClass","return":"java.lang.Class"},{"name":"hashCode","return":"int"},{"name":"equals","parameters":[{"name":"obj","type":"java.lang.Object"}],"return":"boolean"},{"name":"toString","return":"java.lang.String"},{"name":"notify"},{"name":"notifyAll"},{"name":"wait"},{"name":"wait","parameters":[{"name":"timeoutMillis","type":"long"}]},{"name":"wait","parameters":[{"name":"timeoutMillis","type":"long"},{"name":"nanos","type":"int"}]},{"static":true,"name":"newInputStream","parameters":[{"name":"ch","type":"java.nio.channels.ReadableByteChannel"}],"return":"java.io.InputStream"},{"static":true,"name":"newOutputStream","parameters":[{"name":"ch","type":"java.nio.channels.WritableByteChannel"}],"return":"java.io.OutputStream"},{"static":true,"name":"newInputStream","parameters":[{"name":"ch","type":"java.nio.channels.AsynchronousByteChannel"}],"return":"java.io.InputStream"},{"static":true,"name":"newOutputStream","parameters":[{"name":"ch","type":"java.nio.channels.AsynchronousByteChannel"}],"return":"java.io.OutputStream"},{"static":true,"name":"newChannel","parameters":[{"name":"in","type":"java.io.InputStream"}],"return":"java.nio.channels.ReadableByteChannel"},{"static":true,"name":"newChannel","parameters":[{"name":"out","type":"java.io.OutputStream"}],"return":"java.nio.channels.WritableByteChannel"},{"static":true,"name":"newReader","parameters":[{"name":"ch","type":"java.nio.channels.ReadableByteChannel"},{"name":"dec","type":"java.nio.charset.CharsetDecoder"},{"name":"minBufferCap","type":"int"}],"return":"java.io.Reader"},{"static":true,"name":"newReader","parameters":[{"name":"ch","type":"java.nio.channels.ReadableByteChannel"},{"name":"csName","type":"java.lang.String"}],"return":"java.io.Reader"},{"static":true,"name":"newReader","parameters":[{"name":"ch","type":"java.nio.channels.ReadableByteChannel"},{"name":"charset","type":"java.nio.charset.Charset"}],"return":"java.io.Reader"},{"static":true,"name":"newWriter","parameters":[{"name":"ch","type":"java.nio.channels.WritableByteChannel"},{"name":"enc","type":"java.nio.charset.CharsetEncoder"},{"name":"minBufferCap","type":"int"}],"return":"java.io.Writer"},{"static":true,"name":"newWriter","parameters":[{"name":"ch","type":"java.nio.channels.WritableByteChannel"},{"name":"csName","type":"java.lang.String"}],"return":"java.io.Writer"},{"static":true,"name":"newWriter","parameters":[{"name":"ch","type":"java.nio.channels.WritableByteChannel"},{"name":"charset","type":"java.nio.charset.Charset"}],"return":"java.io.Writer"}],"name":"java.nio.channels.Channels","simple-name":"Channels"}