{"constructors":[{"name":"<init>","parameters":[{"name":"snk","type":"java.io.PipedInputStream"}]},{"name":"<init>"}],"package":"java.io","methods":[{"name":"getClass","return":"java.lang.Class"},{"name":"hashCode","return":"int"},{"name":"equals","parameters":[{"name":"obj","type":"java.lang.Object"}],"return":"boolean"},{"name":"toString","return":"java.lang.String"},{"name":"notify"},{"name":"notifyAll"},{"name":"wait"},{"name":"wait","parameters":[{"name":"timeoutMillis","type":"long"}]},{"name":"wait","parameters":[{"name":"timeoutMillis","type":"long"},{"name":"nanos","type":"int"}]},{"static":true,"name":"nullOutputStream","return":"java.io.OutputStream"},{"name":"write","parameters":[{"name":"b","type":"byte[]"}]},{"name":"connect","parameters":[{"name":"snk","type":"java.io.PipedInputStream"}]},{"name":"write","parameters":[{"name":"b","type":"int"}]},{"name":"write","parameters":[{"name":"b","type":"byte[]"},{"name":"off","type":"int"},{"name":"len","type":"int"}]},{"name":"flush"},{"name":"close"}],"name":"java.io.PipedOutputStream","simple-name":"PipedOutputStream"}