{"package":"java.lang.reflect","methods":[{"name":"getClass","return":"java.lang.Class"},{"name":"notify"},{"name":"notifyAll"},{"name":"wait"},{"name":"wait","parameters":[{"name":"timeoutMillis","type":"long"}]},{"name":"wait","parameters":[{"name":"timeoutMillis","type":"long"},{"name":"nanos","type":"int"}]},{"name":"isAnnotationPresent","parameters":[{"name":"annotationClass","type":"java.lang.Class"}],"return":"boolean"},{"name":"equals","parameters":[{"name":"obj","type":"java.lang.Object"}],"return":"boolean"},{"name":"hashCode","return":"int"},{"name":"isNamePresent","return":"boolean"},{"name":"toString","return":"java.lang.String"},{"name":"getDeclaringExecutable","return":"java.lang.reflect.Executable"},{"name":"getModifiers","return":"int"},{"name":"getName","return":"java.lang.String"},{"name":"getParameterizedType","return":"java.lang.reflect.Type"},{"name":"getType","return":"java.lang.Class"},{"name":"getAnnotatedType","return":"java.lang.reflect.AnnotatedType"},{"name":"isImplicit","return":"boolean"},{"name":"isSynthetic","return":"boolean"},{"name":"isVarArgs","return":"boolean"},{"name":"getAnnotation","parameters":[{"name":"annotationClass","type":"java.lang.Class"}],"return":"java.lang.annotation.Annotation"},{"name":"getAnnotationsByType","parameters":[{"name":"annotationClass","type":"java.lang.Class"}],"return":"java.lang.annotation.Annotation[]"},{"name":"getDeclaredAnnotations","return":"java.lang.annotation.Annotation[]"},{"name":"getDeclaredAnnotation","parameters":[{"name":"annotationClass","type":"java.lang.Class"}],"return":"java.lang.annotation.Annotation"},{"name":"getDeclaredAnnotationsByType","parameters":[{"name":"annotationClass","type":"java.lang.Class"}],"return":"java.lang.annotation.Annotation[]"},{"name":"getAnnotations","return":"java.lang.annotation.Annotation[]"}],"name":"java.lang.reflect.Parameter","simple-name":"Parameter"}