{"package":"java.nio.file.attribute","methods":[{"name":"getClass","return":"java.lang.Class"},{"name":"hashCode","return":"int"},{"name":"equals","parameters":[{"name":"obj","type":"java.lang.Object"}],"return":"boolean"},{"name":"toString","return":"java.lang.String"},{"name":"notify"},{"name":"notifyAll"},{"name":"wait"},{"name":"wait","parameters":[{"name":"timeoutMillis","type":"long"}]},{"name":"wait","parameters":[{"name":"timeoutMillis","type":"long"},{"name":"nanos","type":"int"}]},{"name":"getOwner","return":"java.nio.file.attribute.UserPrincipal"},{"name":"setOwner","parameters":[{"name":"owner","type":"java.nio.file.attribute.UserPrincipal"}]},{"name":"name","return":"java.lang.String"},{"name":"getAcl","return":"java.util.List"},{"name":"setAcl","parameters":[{"name":"acl","type":"java.util.List"}]}],"name":"java.nio.file.attribute.AclFileAttributeView","simple-name":"AclFileAttributeView"}