{"constructors":[{"name":"<init>"}],"package":"java.net","methods":[{"name":"getClass","return":"java.lang.Class"},{"name":"hashCode","return":"int"},{"name":"equals","parameters":[{"name":"obj","type":"java.lang.Object"}],"return":"boolean"},{"name":"toString","return":"java.lang.String"},{"name":"notify"},{"name":"notifyAll"},{"name":"wait"},{"name":"wait","parameters":[{"name":"timeoutMillis","type":"long"}]},{"name":"wait","parameters":[{"name":"timeoutMillis","type":"long"},{"name":"nanos","type":"int"}]},{"static":true,"name":"setDefault","parameters":[{"name":"a","type":"java.net.Authenticator"}]},{"static":true,"name":"getDefault","return":"java.net.Authenticator"},{"static":true,"name":"requestPasswordAuthentication","parameters":[{"name":"addr","type":"java.net.InetAddress"},{"name":"port","type":"int"},{"name":"protocol","type":"java.lang.String"},{"name":"prompt","type":"java.lang.String"},{"name":"scheme","type":"java.lang.String"}],"return":"java.net.PasswordAuthentication"},{"static":true,"name":"requestPasswordAuthentication","parameters":[{"name":"host","type":"java.lang.String"},{"name":"addr","type":"java.net.InetAddress"},{"name":"port","type":"int"},{"name":"protocol","type":"java.lang.String"},{"name":"prompt","type":"java.lang.String"},{"name":"scheme","type":"java.lang.String"}],"return":"java.net.PasswordAuthentication"},{"static":true,"name":"requestPasswordAuthentication","parameters":[{"name":"host","type":"java.lang.String"},{"name":"addr","type":"java.net.InetAddress"},{"name":"port","type":"int"},{"name":"protocol","type":"java.lang.String"},{"name":"prompt","type":"java.lang.String"},{"name":"scheme","type":"java.lang.String"},{"name":"url","type":"java.net.URL"},{"name":"reqType","type":"java.net.Authenticator.RequestorType"}],"return":"java.net.PasswordAuthentication"},{"static":true,"name":"requestPasswordAuthentication","parameters":[{"name":"authenticator","type":"java.net.Authenticator"},{"name":"host","type":"java.lang.String"},{"name":"addr","type":"java.net.InetAddress"},{"name":"port","type":"int"},{"name":"protocol","type":"java.lang.String"},{"name":"prompt","type":"java.lang.String"},{"name":"scheme","type":"java.lang.String"},{"name":"url","type":"java.net.URL"},{"name":"reqType","type":"java.net.Authenticator.RequestorType"}],"return":"java.net.PasswordAuthentication"},{"name":"requestPasswordAuthenticationInstance","parameters":[{"name":"host","type":"java.lang.String"},{"name":"addr","type":"java.net.InetAddress"},{"name":"port","type":"int"},{"name":"protocol","type":"java.lang.String"},{"name":"prompt","type":"java.lang.String"},{"name":"scheme","type":"java.lang.String"},{"name":"url","type":"java.net.URL"},{"name":"reqType","type":"java.net.Authenticator.RequestorType"}],"return":"java.net.PasswordAuthentication"}],"name":"java.net.Authenticator","simple-name":"Authenticator"}