{"package":"java.lang","methods":[{"name":"getClass","return":"java.lang.Class"},{"name":"hashCode","return":"int"},{"name":"equals","parameters":[{"name":"obj","type":"java.lang.Object"}],"return":"boolean"},{"name":"toString","return":"java.lang.String"},{"name":"notify"},{"name":"notifyAll"},{"name":"wait"},{"name":"wait","parameters":[{"name":"timeoutMillis","type":"long"}]},{"name":"wait","parameters":[{"name":"timeoutMillis","type":"long"},{"name":"nanos","type":"int"}]},{"static":true,"name":"getInstance","return":"java.lang.StackWalker"},{"static":true,"name":"getInstance","parameters":[{"name":"option","type":"java.lang.StackWalker.Option"}],"return":"java.lang.StackWalker"},{"static":true,"name":"getInstance","parameters":[{"name":"options","type":"java.util.Set"}],"return":"java.lang.StackWalker"},{"static":true,"name":"getInstance","parameters":[{"name":"options","type":"java.util.Set"},{"name":"estimateDepth","type":"int"}],"return":"java.lang.StackWalker"},{"name":"walk","parameters":[{"name":"function","type":"java.util.function.Function"}],"return":"java.lang.Object"},{"name":"forEach","parameters":[{"name":"action","type":"java.util.function.Consumer"}]},{"name":"getCallerClass","return":"java.lang.Class"}],"name":"java.lang.StackWalker","simple-name":"StackWalker"}