{"package":"java.lang.runtime","methods":[{"name":"getClass","return":"java.lang.Class"},{"name":"hashCode","return":"int"},{"name":"equals","parameters":[{"name":"obj","type":"java.lang.Object"}],"return":"boolean"},{"name":"toString","return":"java.lang.String"},{"name":"notify"},{"name":"notifyAll"},{"name":"wait"},{"name":"wait","parameters":[{"name":"timeoutMillis","type":"long"}]},{"name":"wait","parameters":[{"name":"timeoutMillis","type":"long"},{"name":"nanos","type":"int"}]},{"static":true,"name":"bootstrap","parameters":[{"name":"lookup","type":"java.lang.invoke.MethodHandles.Lookup"},{"name":"methodName","type":"java.lang.String"},{"name":"type","type":"java.lang.invoke.TypeDescriptor"},{"name":"recordClass","type":"java.lang.Class"},{"name":"names","type":"java.lang.String"},{"name":"getters","type":"java.lang.invoke.MethodHandle[]"}],"return":"java.lang.Object"}],"name":"java.lang.runtime.ObjectMethods","simple-name":"ObjectMethods"}