{"package":"java.net","methods":[{"name":"getClass","return":"java.lang.Class"},{"name":"notify"},{"name":"notifyAll"},{"name":"wait"},{"name":"wait","parameters":[{"name":"timeoutMillis","type":"long"}]},{"name":"wait","parameters":[{"name":"timeoutMillis","type":"long"},{"name":"nanos","type":"int"}]},{"name":"getAddress","return":"java.net.InetAddress"},{"name":"getBroadcast","return":"java.net.InetAddress"},{"name":"getNetworkPrefixLength","return":"short"},{"name":"equals","parameters":[{"name":"obj","type":"java.lang.Object"}],"return":"boolean"},{"name":"hashCode","return":"int"},{"name":"toString","return":"java.lang.String"}],"name":"java.net.InterfaceAddress","simple-name":"InterfaceAddress"}