{"package":"java.lang","methods":[{"name":"getClass","return":"java.lang.Class"},{"name":"hashCode","return":"int"},{"name":"equals","parameters":[{"name":"obj","type":"java.lang.Object"}],"return":"boolean"},{"name":"notify"},{"name":"notifyAll"},{"name":"wait"},{"name":"wait","parameters":[{"name":"timeoutMillis","type":"long"}]},{"name":"wait","parameters":[{"name":"timeoutMillis","type":"long"},{"name":"nanos","type":"int"}]},{"name":"isAnnotationPresent","parameters":[{"name":"annotationClass","type":"java.lang.Class"}],"return":"boolean"},{"name":"getAnnotationsByType","parameters":[{"name":"annotationClass","type":"java.lang.Class"}],"return":"java.lang.annotation.Annotation[]"},{"name":"getDeclaredAnnotation","parameters":[{"name":"annotationClass","type":"java.lang.Class"}],"return":"java.lang.annotation.Annotation"},{"name":"getDeclaredAnnotationsByType","parameters":[{"name":"annotationClass","type":"java.lang.Class"}],"return":"java.lang.annotation.Annotation[]"},{"name":"isNamed","return":"boolean"},{"name":"getName","return":"java.lang.String"},{"name":"getClassLoader","return":"java.lang.ClassLoader"},{"name":"getDescriptor","return":"java.lang.module.ModuleDescriptor"},{"name":"getLayer","return":"java.lang.ModuleLayer"},{"name":"canRead","parameters":[{"name":"other","type":"java.lang.Module"}],"return":"boolean"},{"name":"addReads","parameters":[{"name":"other","type":"java.lang.Module"}],"return":"java.lang.Module"},{"name":"isExported","parameters":[{"name":"pn","type":"java.lang.String"},{"name":"other","type":"java.lang.Module"}],"return":"boolean"},{"name":"isOpen","parameters":[{"name":"pn","type":"java.lang.String"},{"name":"other","type":"java.lang.Module"}],"return":"boolean"},{"name":"isExported","parameters":[{"name":"pn","type":"java.lang.String"}],"return":"boolean"},{"name":"isOpen","parameters":[{"name":"pn","type":"java.lang.String"}],"return":"boolean"},{"name":"addExports","parameters":[{"name":"pn","type":"java.lang.String"},{"name":"other","type":"java.lang.Module"}],"return":"java.lang.Module"},{"name":"addOpens","parameters":[{"name":"pn","type":"java.lang.String"},{"name":"other","type":"java.lang.Module"}],"return":"java.lang.Module"},{"name":"addUses","parameters":[{"name":"service","type":"java.lang.Class"}],"return":"java.lang.Module"},{"name":"canUse","parameters":[{"name":"service","type":"java.lang.Class"}],"return":"boolean"},{"name":"getPackages","return":"java.util.Set"},{"name":"getAnnotation","parameters":[{"name":"annotationClass","type":"java.lang.Class"}],"return":"java.lang.annotation.Annotation"},{"name":"getAnnotations","return":"java.lang.annotation.Annotation[]"},{"name":"getDeclaredAnnotations","return":"java.lang.annotation.Annotation[]"},{"name":"getResourceAsStream","parameters":[{"name":"name","type":"java.lang.String"}],"return":"java.io.InputStream"},{"name":"toString","return":"java.lang.String"}],"name":"java.lang.Module","simple-name":"Module"}