{"package":"java.nio.charset","methods":[{"name":"getClass","return":"java.lang.Class"},{"name":"hashCode","return":"int"},{"name":"equals","parameters":[{"name":"obj","type":"java.lang.Object"}],"return":"boolean"},{"name":"notify"},{"name":"notifyAll"},{"name":"wait"},{"name":"wait","parameters":[{"name":"timeoutMillis","type":"long"}]},{"name":"wait","parameters":[{"name":"timeoutMillis","type":"long"},{"name":"nanos","type":"int"}]},{"name":"toString","return":"java.lang.String"}],"name":"java.nio.charset.CodingErrorAction","simple-name":"CodingErrorAction","fields":[{"static":true,"name":"IGNORE","type":"java.nio.charset.CodingErrorAction"},{"static":true,"name":"REPLACE","type":"java.nio.charset.CodingErrorAction"},{"static":true,"name":"REPORT","type":"java.nio.charset.CodingErrorAction"}]}