{"package":"java.nio.channels","methods":[{"name":"getClass","return":"java.lang.Class"},{"name":"hashCode","return":"int"},{"name":"equals","parameters":[{"name":"obj","type":"java.lang.Object"}],"return":"boolean"},{"name":"notify"},{"name":"notifyAll"},{"name":"wait"},{"name":"wait","parameters":[{"name":"timeoutMillis","type":"long"}]},{"name":"wait","parameters":[{"name":"timeoutMillis","type":"long"},{"name":"nanos","type":"int"}]},{"name":"toString","return":"java.lang.String"}],"name":"java.nio.channels.FileChannel.MapMode","simple-name":"MapMode","fields":[{"static":true,"name":"READ_ONLY","type":"java.nio.channels.FileChannel.MapMode"},{"static":true,"name":"READ_WRITE","type":"java.nio.channels.FileChannel.MapMode"},{"static":true,"name":"PRIVATE","type":"java.nio.channels.FileChannel.MapMode"}]}