{"package":"java.nio.channels","methods":[{"name":"getClass","return":"java.lang.Class"},{"name":"hashCode","return":"int"},{"name":"equals","parameters":[{"name":"obj","type":"java.lang.Object"}],"return":"boolean"},{"name":"toString","return":"java.lang.String"},{"name":"notify"},{"name":"notifyAll"},{"name":"wait"},{"name":"wait","parameters":[{"name":"timeoutMillis","type":"long"}]},{"name":"wait","parameters":[{"name":"timeoutMillis","type":"long"},{"name":"nanos","type":"int"}]},{"name":"isOpen","return":"boolean"},{"name":"getOption","parameters":[{"name":"name","type":"java.net.SocketOption"}],"return":"java.lang.Object"},{"name":"supportedOptions","return":"java.util.Set"},{"name":"close"},{"name":"provider","return":"java.nio.channels.spi.AsynchronousChannelProvider"},{"static":true,"name":"open","parameters":[{"name":"group","type":"java.nio.channels.AsynchronousChannelGroup"}],"return":"java.nio.channels.AsynchronousSocketChannel"},{"static":true,"name":"open","return":"java.nio.channels.AsynchronousSocketChannel"},{"name":"bind","parameters":[{"name":"local","type":"java.net.SocketAddress"}],"return":"java.nio.channels.AsynchronousSocketChannel"},{"name":"setOption","parameters":[{"name":"name","type":"java.net.SocketOption"},{"name":"value","type":"java.lang.Object"}],"return":"java.nio.channels.AsynchronousSocketChannel"},{"name":"shutdownInput","return":"java.nio.channels.AsynchronousSocketChannel"},{"name":"shutdownOutput","return":"java.nio.channels.AsynchronousSocketChannel"},{"name":"getRemoteAddress","return":"java.net.SocketAddress"},{"name":"connect","parameters":[{"name":"remote","type":"java.net.SocketAddress"},{"name":"attachment","type":"java.lang.Object"},{"name":"handler","type":"java.nio.channels.CompletionHandler"}]},{"name":"connect","parameters":[{"name":"remote","type":"java.net.SocketAddress"}],"return":"java.util.concurrent.Future"},{"name":"read","parameters":[{"name":"dst","type":"java.nio.ByteBuffer"},{"name":"timeout","type":"long"},{"name":"unit","type":"java.util.concurrent.TimeUnit"},{"name":"attachment","type":"java.lang.Object"},{"name":"handler","type":"java.nio.channels.CompletionHandler"}]},{"name":"read","parameters":[{"name":"dst","type":"java.nio.ByteBuffer"},{"name":"attachment","type":"java.lang.Object"},{"name":"handler","type":"java.nio.channels.CompletionHandler"}]},{"name":"read","parameters":[{"name":"dst","type":"java.nio.ByteBuffer"}],"return":"java.util.concurrent.Future"},{"name":"read","parameters":[{"name":"dsts","type":"java.nio.ByteBuffer[]"},{"name":"offset","type":"int"},{"name":"length","type":"int"},{"name":"timeout","type":"long"},{"name":"unit","type":"java.util.concurrent.TimeUnit"},{"name":"attachment","type":"java.lang.Object"},{"name":"handler","type":"java.nio.channels.CompletionHandler"}]},{"name":"write","parameters":[{"name":"src","type":"java.nio.ByteBuffer"},{"name":"timeout","type":"long"},{"name":"unit","type":"java.util.concurrent.TimeUnit"},{"name":"attachment","type":"java.lang.Object"},{"name":"handler","type":"java.nio.channels.CompletionHandler"}]},{"name":"write","parameters":[{"name":"src","type":"java.nio.ByteBuffer"},{"name":"attachment","type":"java.lang.Object"},{"name":"handler","type":"java.nio.channels.CompletionHandler"}]},{"name":"write","parameters":[{"name":"src","type":"java.nio.ByteBuffer"}],"return":"java.util.concurrent.Future"},{"name":"write","parameters":[{"name":"srcs","type":"java.nio.ByteBuffer[]"},{"name":"offset","type":"int"},{"name":"length","type":"int"},{"name":"timeout","type":"long"},{"name":"unit","type":"java.util.concurrent.TimeUnit"},{"name":"attachment","type":"java.lang.Object"},{"name":"handler","type":"java.nio.channels.CompletionHandler"}]},{"name":"getLocalAddress","return":"java.net.SocketAddress"}],"name":"java.nio.channels.AsynchronousSocketChannel","simple-name":"AsynchronousSocketChannel"}