{"constructors":[{"name":"<init>"}],"package":"java.io","methods":[{"name":"getClass","return":"java.lang.Class"},{"name":"hashCode","return":"int"},{"name":"equals","parameters":[{"name":"obj","type":"java.lang.Object"}],"return":"boolean"},{"name":"toString","return":"java.lang.String"},{"name":"notify"},{"name":"notifyAll"},{"name":"wait"},{"name":"wait","parameters":[{"name":"timeoutMillis","type":"long"}]},{"name":"wait","parameters":[{"name":"timeoutMillis","type":"long"},{"name":"nanos","type":"int"}]},{"name":"getObjectStreamClass","return":"java.io.ObjectStreamClass"},{"name":"defaulted","parameters":[{"name":"name","type":"java.lang.String"}],"return":"boolean"},{"name":"get","parameters":[{"name":"name","type":"java.lang.String"},{"name":"val","type":"boolean"}],"return":"boolean"},{"name":"get","parameters":[{"name":"name","type":"java.lang.String"},{"name":"val","type":"byte"}],"return":"byte"},{"name":"get","parameters":[{"name":"name","type":"java.lang.String"},{"name":"val","type":"char"}],"return":"char"},{"name":"get","parameters":[{"name":"name","type":"java.lang.String"},{"name":"val","type":"short"}],"return":"short"},{"name":"get","parameters":[{"name":"name","type":"java.lang.String"},{"name":"val","type":"int"}],"return":"int"},{"name":"get","parameters":[{"name":"name","type":"java.lang.String"},{"name":"val","type":"long"}],"return":"long"},{"name":"get","parameters":[{"name":"name","type":"java.lang.String"},{"name":"val","type":"float"}],"return":"float"},{"name":"get","parameters":[{"name":"name","type":"java.lang.String"},{"name":"val","type":"double"}],"return":"double"},{"name":"get","parameters":[{"name":"name","type":"java.lang.String"},{"name":"val","type":"java.lang.Object"}],"return":"java.lang.Object"}],"name":"java.io.ObjectInputStream.GetField","simple-name":"GetField"}