{"package":"java.net.spi","methods":[{"name":"getClass","return":"java.lang.Class"},{"name":"hashCode","return":"int"},{"name":"equals","parameters":[{"name":"obj","type":"java.lang.Object"}],"return":"boolean"},{"name":"toString","return":"java.lang.String"},{"name":"notify"},{"name":"notifyAll"},{"name":"wait"},{"name":"wait","parameters":[{"name":"timeoutMillis","type":"long"}]},{"name":"wait","parameters":[{"name":"timeoutMillis","type":"long"},{"name":"nanos","type":"int"}]},{"name":"createURLStreamHandler","parameters":[{"name":"protocol","type":"java.lang.String"}],"return":"java.net.URLStreamHandler"}],"name":"java.net.spi.URLStreamHandlerProvider","simple-name":"URLStreamHandlerProvider"}