{"package":"java.lang","methods":[{"name":"getClass","return":"java.lang.Class"},{"name":"notify"},{"name":"notifyAll"},{"name":"wait"},{"name":"wait","parameters":[{"name":"timeoutMillis","type":"long"}]},{"name":"wait","parameters":[{"name":"timeoutMillis","type":"long"},{"name":"nanos","type":"int"}]},{"name":"name","return":"java.lang.String"},{"name":"ordinal","return":"int"},{"name":"toString","return":"java.lang.String"},{"name":"equals","parameters":[{"name":"other","type":"java.lang.Object"}],"return":"boolean"},{"name":"hashCode","return":"int"},{"name":"compareTo","parameters":[{"name":"o","type":"java.lang.Enum"}],"return":"int"},{"name":"getDeclaringClass","return":"java.lang.Class"},{"name":"describeConstable","return":"java.util.Optional"},{"static":true,"name":"valueOf","parameters":[{"name":"enumClass","type":"java.lang.Class"},{"name":"name","type":"java.lang.String"}],"return":"java.lang.Enum"},{"static":true,"name":"values","return":"java.lang.Character.UnicodeScript[]"},{"static":true,"name":"valueOf","parameters":[{"name":"name","type":"java.lang.String"}],"return":"java.lang.Character.UnicodeScript"},{"static":true,"name":"of","parameters":[{"name":"codePoint","type":"int"}],"return":"java.lang.Character.UnicodeScript"},{"static":true,"name":"forName","parameters":[{"name":"scriptName","type":"java.lang.String"}],"return":"java.lang.Character.UnicodeScript"}],"name":"java.lang.Character.UnicodeScript","simple-name":"UnicodeScript","fields":[{"static":true,"name":"COMMON","type":"java.lang.Character.UnicodeScript"},{"static":true,"name":"LATIN","type":"java.lang.Character.UnicodeScript"},{"static":true,"name":"GREEK","type":"java.lang.Character.UnicodeScript"},{"static":true,"name":"CYRILLIC","type":"java.lang.Character.UnicodeScript"},{"static":true,"name":"ARMENIAN","type":"java.lang.Character.UnicodeScript"},{"static":true,"name":"HEBREW","type":"java.lang.Character.UnicodeScript"},{"static":true,"name":"ARABIC","type":"java.lang.Character.UnicodeScript"},{"static":true,"name":"SYRIAC","type":"java.lang.Character.UnicodeScript"},{"static":true,"name":"THAANA","type":"java.lang.Character.UnicodeScript"},{"static":true,"name":"DEVANAGARI","type":"java.lang.Character.UnicodeScript"},{"static":true,"name":"BENGALI","type":"java.lang.Character.UnicodeScript"},{"static":true,"name":"GURMUKHI","type":"java.lang.Character.UnicodeScript"},{"static":true,"name":"GUJARATI","type":"java.lang.Character.UnicodeScript"},{"static":true,"name":"ORIYA","type":"java.lang.Character.UnicodeScript"},{"static":true,"name":"TAMIL","type":"java.lang.Character.UnicodeScript"},{"static":true,"name":"TELUGU","type":"java.lang.Character.UnicodeScript"},{"static":true,"name":"KANNADA","type":"java.lang.Character.UnicodeScript"},{"static":true,"name":"MALAYALAM","type":"java.lang.Character.UnicodeScript"},{"static":true,"name":"SINHALA","type":"java.lang.Character.UnicodeScript"},{"static":true,"name":"THAI","type":"java.lang.Character.UnicodeScript"},{"static":true,"name":"LAO","type":"java.lang.Character.UnicodeScript"},{"static":true,"name":"TIBETAN","type":"java.lang.Character.UnicodeScript"},{"static":true,"name":"MYANMAR","type":"java.lang.Character.UnicodeScript"},{"static":true,"name":"GEORGIAN","type":"java.lang.Character.UnicodeScript"},{"static":true,"name":"HANGUL","type":"java.lang.Character.UnicodeScript"},{"static":true,"name":"ETHIOPIC","type":"java.lang.Character.UnicodeScript"},{"static":true,"name":"CHEROKEE","type":"java.lang.Character.UnicodeScript"},{"static":true,"name":"CANADIAN_ABORIGINAL","type":"java.lang.Character.UnicodeScript"},{"static":true,"name":"OGHAM","type":"java.lang.Character.UnicodeScript"},{"static":true,"name":"RUNIC","type":"java.lang.Character.UnicodeScript"},{"static":true,"name":"KHMER","type":"java.lang.Character.UnicodeScript"},{"static":true,"name":"MONGOLIAN","type":"java.lang.Character.UnicodeScript"},{"static":true,"name":"HIRAGANA","type":"java.lang.Character.UnicodeScript"},{"static":true,"name":"KATAKANA","type":"java.lang.Character.UnicodeScript"},{"static":true,"name":"BOPOMOFO","type":"java.lang.Character.UnicodeScript"},{"static":true,"name":"HAN","type":"java.lang.Character.UnicodeScript"},{"static":true,"name":"YI","type":"java.lang.Character.UnicodeScript"},{"static":true,"name":"OLD_ITALIC","type":"java.lang.Character.UnicodeScript"},{"static":true,"name":"GOTHIC","type":"java.lang.Character.UnicodeScript"},{"static":true,"name":"DESERET","type":"java.lang.Character.UnicodeScript"},{"static":true,"name":"INHERITED","type":"java.lang.Character.UnicodeScript"},{"static":true,"name":"TAGALOG","type":"java.lang.Character.UnicodeScript"},{"static":true,"name":"HANUNOO","type":"java.lang.Character.UnicodeScript"},{"static":true,"name":"BUHID","type":"java.lang.Character.UnicodeScript"},{"static":true,"name":"TAGBANWA","type":"java.lang.Character.UnicodeScript"},{"static":true,"name":"LIMBU","type":"java.lang.Character.UnicodeScript"},{"static":true,"name":"TAI_LE","type":"java.lang.Character.UnicodeScript"},{"static":true,"name":"LINEAR_B","type":"java.lang.Character.UnicodeScript"},{"static":true,"name":"UGARITIC","type":"java.lang.Character.UnicodeScript"},{"static":true,"name":"SHAVIAN","type":"java.lang.Character.UnicodeScript"},{"static":true,"name":"OSMANYA","type":"java.lang.Character.UnicodeScript"},{"static":true,"name":"CYPRIOT","type":"java.lang.Character.UnicodeScript"},{"static":true,"name":"BRAILLE","type":"java.lang.Character.UnicodeScript"},{"static":true,"name":"BUGINESE","type":"java.lang.Character.UnicodeScript"},{"static":true,"name":"COPTIC","type":"java.lang.Character.UnicodeScript"},{"static":true,"name":"NEW_TAI_LUE","type":"java.lang.Character.UnicodeScript"},{"static":true,"name":"GLAGOLITIC","type":"java.lang.Character.UnicodeScript"},{"static":true,"name":"TIFINAGH","type":"java.lang.Character.UnicodeScript"},{"static":true,"name":"SYLOTI_NAGRI","type":"java.lang.Character.UnicodeScript"},{"static":true,"name":"OLD_PERSIAN","type":"java.lang.Character.UnicodeScript"},{"static":true,"name":"KHAROSHTHI","type":"java.lang.Character.UnicodeScript"},{"static":true,"name":"BALINESE","type":"java.lang.Character.UnicodeScript"},{"static":true,"name":"CUNEIFORM","type":"java.lang.Character.UnicodeScript"},{"static":true,"name":"PHOENICIAN","type":"java.lang.Character.UnicodeScript"},{"static":true,"name":"PHAGS_PA","type":"java.lang.Character.UnicodeScript"},{"static":true,"name":"NKO","type":"java.lang.Character.UnicodeScript"},{"static":true,"name":"SUNDANESE","type":"java.lang.Character.UnicodeScript"},{"static":true,"name":"BATAK","type":"java.lang.Character.UnicodeScript"},{"static":true,"name":"LEPCHA","type":"java.lang.Character.UnicodeScript"},{"static":true,"name":"OL_CHIKI","type":"java.lang.Character.UnicodeScript"},{"static":true,"name":"VAI","type":"java.lang.Character.UnicodeScript"},{"static":true,"name":"SAURASHTRA","type":"java.lang.Character.UnicodeScript"},{"static":true,"name":"KAYAH_LI","type":"java.lang.Character.UnicodeScript"},{"static":true,"name":"REJANG","type":"java.lang.Character.UnicodeScript"},{"static":true,"name":"LYCIAN","type":"java.lang.Character.UnicodeScript"},{"static":true,"name":"CARIAN","type":"java.lang.Character.UnicodeScript"},{"static":true,"name":"LYDIAN","type":"java.lang.Character.UnicodeScript"},{"static":true,"name":"CHAM","type":"java.lang.Character.UnicodeScript"},{"static":true,"name":"TAI_THAM","type":"java.lang.Character.UnicodeScript"},{"static":true,"name":"TAI_VIET","type":"java.lang.Character.UnicodeScript"},{"static":true,"name":"AVESTAN","type":"java.lang.Character.UnicodeScript"},{"static":true,"name":"EGYPTIAN_HIEROGLYPHS","type":"java.lang.Character.UnicodeScript"},{"static":true,"name":"SAMARITAN","type":"java.lang.Character.UnicodeScript"},{"static":true,"name":"MANDAIC","type":"java.lang.Character.UnicodeScript"},{"static":true,"name":"LISU","type":"java.lang.Character.UnicodeScript"},{"static":true,"name":"BAMUM","type":"java.lang.Character.UnicodeScript"},{"static":true,"name":"JAVANESE","type":"java.lang.Character.UnicodeScript"},{"static":true,"name":"MEETEI_MAYEK","type":"java.lang.Character.UnicodeScript"},{"static":true,"name":"IMPERIAL_ARAMAIC","type":"java.lang.Character.UnicodeScript"},{"static":true,"name":"OLD_SOUTH_ARABIAN","type":"java.lang.Character.UnicodeScript"},{"static":true,"name":"INSCRIPTIONAL_PARTHIAN","type":"java.lang.Character.UnicodeScript"},{"static":true,"name":"INSCRIPTIONAL_PAHLAVI","type":"java.lang.Character.UnicodeScript"},{"static":true,"name":"OLD_TURKIC","type":"java.lang.Character.UnicodeScript"},{"static":true,"name":"BRAHMI","type":"java.lang.Character.UnicodeScript"},{"static":true,"name":"KAITHI","type":"java.lang.Character.UnicodeScript"},{"static":true,"name":"MEROITIC_HIEROGLYPHS","type":"java.lang.Character.UnicodeScript"},{"static":true,"name":"MEROITIC_CURSIVE","type":"java.lang.Character.UnicodeScript"},{"static":true,"name":"SORA_SOMPENG","type":"java.lang.Character.UnicodeScript"},{"static":true,"name":"CHAKMA","type":"java.lang.Character.UnicodeScript"},{"static":true,"name":"SHARADA","type":"java.lang.Character.UnicodeScript"},{"static":true,"name":"TAKRI","type":"java.lang.Character.UnicodeScript"},{"static":true,"name":"MIAO","type":"java.lang.Character.UnicodeScript"},{"static":true,"name":"CAUCASIAN_ALBANIAN","type":"java.lang.Character.UnicodeScript"},{"static":true,"name":"BASSA_VAH","type":"java.lang.Character.UnicodeScript"},{"static":true,"name":"DUPLOYAN","type":"java.lang.Character.UnicodeScript"},{"static":true,"name":"ELBASAN","type":"java.lang.Character.UnicodeScript"},{"static":true,"name":"GRANTHA","type":"java.lang.Character.UnicodeScript"},{"static":true,"name":"PAHAWH_HMONG","type":"java.lang.Character.UnicodeScript"},{"static":true,"name":"KHOJKI","type":"java.lang.Character.UnicodeScript"},{"static":true,"name":"LINEAR_A","type":"java.lang.Character.UnicodeScript"},{"static":true,"name":"MAHAJANI","type":"java.lang.Character.UnicodeScript"},{"static":true,"name":"MANICHAEAN","type":"java.lang.Character.UnicodeScript"},{"static":true,"name":"MENDE_KIKAKUI","type":"java.lang.Character.UnicodeScript"},{"static":true,"name":"MODI","type":"java.lang.Character.UnicodeScript"},{"static":true,"name":"MRO","type":"java.lang.Character.UnicodeScript"},{"static":true,"name":"OLD_NORTH_ARABIAN","type":"java.lang.Character.UnicodeScript"},{"static":true,"name":"NABATAEAN","type":"java.lang.Character.UnicodeScript"},{"static":true,"name":"PALMYRENE","type":"java.lang.Character.UnicodeScript"},{"static":true,"name":"PAU_CIN_HAU","type":"java.lang.Character.UnicodeScript"},{"static":true,"name":"OLD_PERMIC","type":"java.lang.Character.UnicodeScript"},{"static":true,"name":"PSALTER_PAHLAVI","type":"java.lang.Character.UnicodeScript"},{"static":true,"name":"SIDDHAM","type":"java.lang.Character.UnicodeScript"},{"static":true,"name":"KHUDAWADI","type":"java.lang.Character.UnicodeScript"},{"static":true,"name":"TIRHUTA","type":"java.lang.Character.UnicodeScript"},{"static":true,"name":"WARANG_CITI","type":"java.lang.Character.UnicodeScript"},{"static":true,"name":"AHOM","type":"java.lang.Character.UnicodeScript"},{"static":true,"name":"ANATOLIAN_HIEROGLYPHS","type":"java.lang.Character.UnicodeScript"},{"static":true,"name":"HATRAN","type":"java.lang.Character.UnicodeScript"},{"static":true,"name":"MULTANI","type":"java.lang.Character.UnicodeScript"},{"static":true,"name":"OLD_HUNGARIAN","type":"java.lang.Character.UnicodeScript"},{"static":true,"name":"SIGNWRITING","type":"java.lang.Character.UnicodeScript"},{"static":true,"name":"ADLAM","type":"java.lang.Character.UnicodeScript"},{"static":true,"name":"BHAIKSUKI","type":"java.lang.Character.UnicodeScript"},{"static":true,"name":"MARCHEN","type":"java.lang.Character.UnicodeScript"},{"static":true,"name":"NEWA","type":"java.lang.Character.UnicodeScript"},{"static":true,"name":"OSAGE","type":"java.lang.Character.UnicodeScript"},{"static":true,"name":"TANGUT","type":"java.lang.Character.UnicodeScript"},{"static":true,"name":"MASARAM_GONDI","type":"java.lang.Character.UnicodeScript"},{"static":true,"name":"NUSHU","type":"java.lang.Character.UnicodeScript"},{"static":true,"name":"SOYOMBO","type":"java.lang.Character.UnicodeScript"},{"static":true,"name":"ZANABAZAR_SQUARE","type":"java.lang.Character.UnicodeScript"},{"static":true,"name":"HANIFI_ROHINGYA","type":"java.lang.Character.UnicodeScript"},{"static":true,"name":"OLD_SOGDIAN","type":"java.lang.Character.UnicodeScript"},{"static":true,"name":"SOGDIAN","type":"java.lang.Character.UnicodeScript"},{"static":true,"name":"DOGRA","type":"java.lang.Character.UnicodeScript"},{"static":true,"name":"GUNJALA_GONDI","type":"java.lang.Character.UnicodeScript"},{"static":true,"name":"MAKASAR","type":"java.lang.Character.UnicodeScript"},{"static":true,"name":"MEDEFAIDRIN","type":"java.lang.Character.UnicodeScript"},{"static":true,"name":"ELYMAIC","type":"java.lang.Character.UnicodeScript"},{"static":true,"name":"NANDINAGARI","type":"java.lang.Character.UnicodeScript"},{"static":true,"name":"NYIAKENG_PUACHUE_HMONG","type":"java.lang.Character.UnicodeScript"},{"static":true,"name":"WANCHO","type":"java.lang.Character.UnicodeScript"},{"static":true,"name":"YEZIDI","type":"java.lang.Character.UnicodeScript"},{"static":true,"name":"CHORASMIAN","type":"java.lang.Character.UnicodeScript"},{"static":true,"name":"DIVES_AKURU","type":"java.lang.Character.UnicodeScript"},{"static":true,"name":"KHITAN_SMALL_SCRIPT","type":"java.lang.Character.UnicodeScript"},{"static":true,"name":"UNKNOWN","type":"java.lang.Character.UnicodeScript"}]}